Agent,InformationLevel,Pdc_Correct1,Pdc_Correct2,Pdc_Correct3,Pdc_Correct4,Pdc_Correct5,Pdt1,Pdt2,Pdt3,Pdt4,Pdt5,Coin1,Coin2,Coin3,Coin4,Coin5,Decision1,Decision2,Decision3,Decision4,Decision5,BetAmount1,BetAmount2,BetAmount3,BetAmount4,BetAmount5,Bet1,Bet2,Bet3,Bet4,Bet5,Session,statistics_score,WrongNum,BlankNum,ExchangeRate,TimeOKProbabilityTestQ1Q5OK,TimeOKProbabilityTestQ6Q10OK,Earning2,TimeClickToProCorrectAnswersOK,Choice1,Choice2,Choice3,Choice4,Choice5,Choice6,Choice7,Choice8,Choice9,Choice10,TimeClickToProionInstructionOK,Gender,Year,Age,TimeSubmitDemographicsOK,UnderstandingLevel,TimeSubmitUnderstandingQnsOK,questionorder1,questionorder2,questionorder3,questionorder4,questionorder5,questionorder6,questionorder7,questionorder8,questionorder9,questionorder10,KarmaBelief1,KarmaBelief2,KarmaBelief3,TimeSubmitKarmaBeliefOK,Authority1,Authority2,Authority3,Authority4,Authority5,Authority6,Authority7,TimeSubmitLocuOfControlScaleOK,IUS1,IUS2,IUS3,IUS4,IUS5,IUS6,IUS7,IUS8,IUS9,IUS10,IUS11,IUS12,Endowment_beforeR1,Endowment_beforeR2,Endowment_beforeR3,Endowment_beforeR4,Endowment_beforeR5,Endowment_afterR1,Endowment_afterR2,Endowment_afterR3,Endowment_afterR4,Endowment_afterR5,StreakTreat_R2,StreakTreat_R3,StreakTreat_R4,StreakTreat_R5,switching_point,risk_score,treat,karma,authority,iu,Head1,Head2,Head3,Head4,Tail1,Tail2,Tail3,Tail4,madewrongbet1,madewrongbet2,madewrongbet3,madewrongbet4,madewrongbet5,fixedbetting,betsame1,betsame2,betsame3,betsame4,betsame5,gambler1,gambler2,gambler3,gambler4,lgbetamount1,lgbetamount2,lgbetamount3,lgbetamount4,lgbetamount5
2,2,0,0,0,1,0,0,1,1,1,0,1,0,0,1,1,0,0,0,0,0,50,10,10,30,10,1,0,0,0,0,3b,6,2,2,0.02,125,85,1.2,-9,1,1,1,1,1,1,1,2,2,2,479,1,1,21,10,5,-31,6,9,1,12,4,2,8,5,7,3,2,4,3,-20,5,3,4,3,5,6,6,-26,2,3,4,2,2,3,4,2,2,3,3,3,300,350,360,370,340,350,360,370,340,330,3,3,3,1,8,2,4,-0.032453425228595734,0.27863356471061707,-0.052059605717658997,1,0,0,0,0,0,0,0,0,0,0,1,1,0,0,0,0,0,1,0,0,0,0,3.9120230674743652,2.3025851249694824,2.3025851249694824,3.4011974334716797,2.3025851249694824
1,2,1,0,0,0,0,0,1,1,1,0,0,0,0,0,1,0,0,0,0,0,50,70,100,120,100,1,0,1,1,1,6c,10,0,0,0.02,85,95,3,2,1,1,1,1,1,1,1,2,2,2,479,1,2,22,21,5,-13,4,9,2,8,5,1,7,12,6,3,2,4,3,-4,4,5,4,6,6,6,6,-10,3,2,4,2,1,1,1,1,2,1,3,2,300,250,320,220,100,250,320,220,100,200,2,1,1,1,8,2,2,-0.032453425228595734,1.011675238609314,-1.020275354385376,0,0,0,0,1,1,1,1,1,0,1,1,0,0,0,0,1,1,0,1,2,2,2,3.9120230674743652,4.2484951019287109,4.6051702499389648,4.7874917984008789,4.6051702499389648
1,1,0,1,1,0,0,0,1,1,1,0,1,1,1,0,1,0,0,0,0,0,50,45,55,125,120,1,0,0,1,1,2f,6,2,2,0.02,1,16,1.2,-5,1,1,1,1,1,1,1,1,1,1,479,1,1,20,-49,5,-310,8,12,7,1,9,6,3,2,4,5,3,3,3,-13,5,3,2,2,2,7,4,-42,1,2,3,1,1,1,3,3,1,1,1,1,300,350,305,250,125,350,305,250,125,245,3,1,1,1,11,2,1,-0.082295022904872894,-0.45520290732383728,-1.6747468709945679,1,1,1,0,0,0,0,0,0,1,1,1,0,0,0,0,0,1,0,0,1,1,0,3.9120230674743652,3.8066625595092773,4.0073332786560059,4.8283138275146484,4.7874917984008789
2,2,0,0,0,1,0,0,1,1,1,0,1,0,0,1,1,0,0,0,0,1,40,20,30,20,40,0,0,0,0,0,3f,10,0,0,0.02,10,136,3,-1,1,1,1,1,1,2,2,2,2,2,479,2,4,21,11,5,-137,1,3,6,4,12,2,7,5,9,8,2,2,4,-32,3,2,3,2,1,6,7,-15,4,4,3,2,2,2,3,2,3,3,2,1,300,260,280,310,290,260,280,310,290,240,3,3,3,1,6,2,4,-0.70279574394226074,-0.9744575023651123,-0.14614304900169373,1,0,0,0,0,0,0,0,1,0,0,1,1,1,1,0,0,0,1,0,0,0,0,3.6888794898986816,2.995732307434082,3.4011974334716797,2.995732307434082,3.6888794898986816
2,1,0,1,1,1,0,0,1,1,1,0,1,1,1,1,1,0,0,0,0,0,15,20,30,35,30,0,1,1,1,1,1b,7,3,0,0.02,10,113,1.2,-2,1,1,1,1,1,2,2,2,2,2,479,2,1,19,18,5,-52,7,2,5,1,3,9,8,4,6,12,1,3,5,-8,2,3,5,3,5,7,6,-25,3,2,5,4,5,2,5,1,1,3,1,1,300,285,305,335,370,285,305,335,370,400,3,1,1,1,6,2,3,-0.55769950151443481,-0.029397161677479744,-0.4003499448299408,1,1,1,1,0,0,0,0,1,0,0,0,0,0,1,1,1,1,0,0,1,1,1,2.7080502510070801,2.995732307434082,3.4011974334716797,3.5553481578826904,3.4011974334716797
1,1,0,1,0,1,1,0,1,1,1,0,1,1,0,1,0,0,0,0,0,0,50,50,30,100,25,1,1,0,1,1,8a,9,1,0,0.02,99999,99999,2.3999999999999999,99999,2,2,2,2,2,2,2,2,2,2,99999,3,6,21,99999,5,99999,3,9,7,2,1,6,5,8,12,4,2,4,3,99999,2,2,2,6,5,5,3,99999,4,5,1,4,3,1,2,1,4,5,3,2,300,350,400,430,530,350,400,430,530,505,3,1,1,1,1,-2,1,-0.032453425228595734,0.4139162003993988,0.60445094108581543,1,1,0,0,0,0,0,0,0,0,0,0,1,0,0,1,0,1,0,0,1,0,0,3.9120230674743652,3.9120230674743652,3.4011974334716797,4.6051702499389648,3.2188758850097656
2,1,0,1,0,0,1,0,1,1,1,0,1,1,0,0,0,1,0,0,0,0,40,50,90,90,200,0,0,0,1,1,2d,9,1,0,0.02,46,101,2.3999999999999999,-11,1,1,1,1,1,1,2,2,2,2,479,1,1,21,20,5,-15,4,2,7,9,3,6,5,8,1,12,1,1,3,4,4,3,2,5,5,6,6,-7,3,4,4,3,4,2,3,3,1,3,1,2,300,250,200,290,200,250,200,290,200,0,3,1,1,1,7,2,3,-1.5138058662414551,0.21548914909362793,-0.28048506379127502,1,1,0,0,0,0,0,0,1,1,0,1,1,0,1,0,0,1,0,0,1,0,0,3.6888794898986816,3.9120230674743652,4.499809741973877,4.499809741973877,5.2983174324035645
2,2,0,0,0,0,0,0,1,1,1,0,1,0,0,0,1,1,0,1,0,0,10,10,10,10,10,0,1,1,1,1,8c,4,6,0,0.02,13,1,0,-1,1,1,1,1,1,1,1,1,1,2,478,2,2,20,9,4,-7,1,7,3,4,2,5,6,9,8,12,3,3,3,-8,2,4,2,3,3,5,6,-18,3,3,4,3,3,2,3,2,1,2,2,2,300,280,270,250,240,280,270,250,240,250,3,3,3,3,10,2,4,-0.082295022904872894,-0.40619924664497375,-0.52863925695419312,1,0,0,0,0,0,0,0,1,1,1,1,0,0,1,1,1,1,0,0,0,0,0,2.3025851249694824,2.3025851249694824,2.3025851249694824,2.3025851249694824,2.3025851249694824
2,2,0,0,0,1,1,0,1,1,1,0,1,0,0,1,0,0,0,0,1,0,50,60,40,40,100,1,1,1,0,1,5b,7,3,0,0.02,99999,99999,1.2,99999,1,1,1,1,1,1,1,2,2,2,99999,2,2,22,99999,4,99999,1,5,8,4,6,3,7,9,12,2,3,3,5,99999,2,1,3,6,4,7,5,99999,1,4,4,1,3,1,4,2,3,4,3,2,300,350,290,250,200,350,290,250,200,100,3,3,3,1,8,2,4,0.10821433365345001,-0.056632965803146362,-0.092670433223247528,1,0,0,0,0,0,0,0,0,1,1,1,1,0,0,1,1,0,0,0,0,0,0,3.9120230674743652,4.0943446159362793,3.6888794898986816,3.6888794898986816,4.6051702499389648
1,1,1,1,0,1,1,0,1,1,1,0,0,1,0,1,0,0,0,0,0,0,50,50,50,150,200,0,1,1,0,0,5a,9,1,0,0.02,99999,99999,2.3999999999999999,99999,1,1,1,1,1,2,2,2,2,2,99999,1,2,19,99999,5,99999,2,3,4,6,12,5,8,1,9,7,4,4,3,99999,4,4,4,4,4,5,5,99999,3,3,3,3,4,3,3,3,3,3,3,3,300,350,400,350,200,350,400,350,200,400,2,2,1,1,6,2,1,0.6334604024887085,0.50120997428894043,0.437864750623703,0,0,0,0,1,0,0,0,0,0,1,1,0,0,1,1,1,0,1,1,0,0,0,3.9120230674743652,3.9120230674743652,3.9120230674743652,5.0106353759765625,5.2983174324035645
1,2,0,1,1,0,1,0,1,1,1,0,1,1,1,0,0,1,0,0,0,0,40,50,65,40,89,0,0,0,0,0,3d,9,1,0,0.02,30,94,2.3999999999999999,-7,1,1,1,1,1,2,2,2,2,2,474,1,3,21,18,5,-29,4,9,5,1,3,8,2,12,6,7,2,2,3,-13,4,5,5,5,4,5,6,-18,3,3,3,4,3,3,3,4,4,4,3,4,300,250,200,135,175,250,200,135,175,264,3,1,1,1,6,2,2,-0.79805046319961548,0.82676297426223755,0.98074048757553101,1,1,1,0,0,0,0,0,1,1,1,0,0,1,1,0,0,0,1,0,1,1,0,3.6888794898986816,3.9120230674743652,4.1743874549865723,3.6888794898986816,4.4886364936828613
1,2,0,0,0,1,1,0,1,1,1,0,1,0,0,1,0,0,0,0,0,0,10,10,10,10,10,1,1,1,0,1,8b,6,3,1,0.02,117,131,0.90000000000000002,-5,1,1,1,1,1,1,1,2,2,2,477,2,2,21,16,5,-43,2,3,12,8,5,7,6,4,9,1,1,1,4,1,3,6,6,7,2,6,6,-11,5,5,4,5,4,4,4,1,2,1,4,2,300,310,300,290,280,310,300,290,280,270,3,3,3,1,8,2,2,-1.4185512065887451,0.95136892795562744,0.70542913675308228,1,0,0,0,0,0,0,0,0,1,1,1,1,0,0,1,1,0,0,0,0,0,0,2.3025851249694824,2.3025851249694824,2.3025851249694824,2.3025851249694824,2.3025851249694824
2,1,0,0,0,1,0,0,1,1,1,0,1,0,0,1,1,1,1,0,1,0,10,10,10,20,30,0,0,1,0,0,5d,2,2,6,0.02,99999,0,0,99999,2,2,2,2,2,2,2,2,2,2,99999,2,1,19,99999,5,99999,6,1,12,7,5,4,3,2,8,9,3,3,3,99999,4,2,2,4,2,7,7,99999,2,3,4,2,4,2,3,2,2,2,2,2,300,280,280,270,240,280,280,270,240,210,3,3,3,1,1,-2,3,-0.082295022904872894,-0.62812232971191406,-0.49944555759429932,1,0,0,0,0,0,0,0,1,0,1,1,1,0,1,0,1,0,1,0,0,0,0,2.3025851249694824,2.3025851249694824,2.3025851249694824,2.995732307434082,3.4011974334716797
1,2,1,1,1,0,1,0,1,1,1,0,0,1,1,0,0,0,0,0,0,1,12,12,10,10,10,0,0,0,0,0,2e,8,2,0,0.02,122,124,1.8,-55,1,1,1,1,1,1,1,1,1,1,479,2,1,19,24,4,-16,2,6,1,12,5,4,7,8,9,3,4,4,3,-3,3,5,2,6,6,6,7,-13,1,1,2,2,4,1,1,2,3,1,2,1,300,312,300,290,300,312,300,290,300,300,2,2,2,1,11,2,2,0.6334604024887085,0.51702207326889038,-1.2344369888305664,0,0,0,0,1,0,0,0,0,1,1,0,0,1,1,0,0,0,1,1,0,0,0,2.4849066734313965,2.4849066734313965,2.3025851249694824,2.3025851249694824,2.3025851249694824
2,2,0,1,0,1,1,0,1,1,1,0,1,1,0,1,0,0,0,0,0,0,50,70,80,90,90,1,1,0,0,1,6b,8,2,0,0.02,68,132,1.8,-20,1,1,1,1,1,1,1,2,2,2,480,2,3,21,20,5,-31,5,3,12,6,8,9,1,7,4,2,2,3,2,-3,3,3,2,1,5,6,6,-15,3,2,2,1,2,1,4,2,2,2,3,1,300,350,420,500,410,350,420,500,410,320,3,1,1,1,8,2,4,-0.51050662994384766,-0.57776272296905518,-0.8178907036781311,1,1,0,0,0,0,0,0,0,0,0,1,1,0,0,1,0,0,0,0,1,0,0,3.9120230674743652,4.2484951019287109,4.3820266723632812,4.499809741973877,4.499809741973877
1,1,1,1,0,0,0,0,1,1,1,0,0,1,0,0,1,0,0,1,0,0,20,20,35,20,30,1,0,1,0,0,2b,4,1,5,0.02,0,117,0.90000000000000002,-5,1,1,1,1,1,2,2,2,2,2,478,3,1,20,5,5,-30,1,4,9,5,6,12,7,8,2,3,2,4,4,-10,3,6,3,5,2,6,5,-28,3,2,4,3,4,3,3,3,5,4,3,2,300,280,260,215,235,280,260,215,235,205,2,2,1,1,6,2,1,0.062801256775856018,0.2846686840057373,0.77405679225921631,0,0,0,0,1,0,0,0,1,1,1,0,1,0,0,0,1,0,1,1,0,0,0,2.995732307434082,2.995732307434082,3.5553481578826904,2.995732307434082,3.4011974334716797
2,1,0,0,0,1,0,0,1,1,1,0,1,0,0,1,1,0,0,0,0,0,20,10,10,10,10,0,0,0,0,0,3e,7,3,0,0.02,8,170,1.2,0,1,1,1,1,1,1,1,1,2,2,479,1,4,25,22,4,4,1,12,9,3,5,2,7,6,4,8,4,4,3,-11,3,5,5,5,5,5,5,-12,4,5,4,4,4,5,5,2,4,4,4,2,300,280,290,300,290,280,290,300,290,280,3,3,3,1,9,2,3,0.6334604024887085,0.9281279444694519,1.5457327365875244,1,0,0,0,0,0,0,0,1,0,0,1,1,1,1,0,0,0,1,0,0,0,0,2.995732307434082,2.3025851249694824,2.3025851249694824,2.3025851249694824,2.3025851249694824
2,2,1,1,1,0,1,0,1,1,1,0,0,1,1,0,0,0,0,0,0,0,40,40,40,40,200,1,1,1,0,0,7c,8,2,0,0.02,107,39,1.8,-2,1,1,1,2,2,2,2,2,2,2,479,2,3,22,14,5,-16,8,2,9,6,5,4,1,3,12,7,4,4,3,-14,4,3,3,4,5,6,6,-26,2,2,2,2,2,2,3,2,4,4,2,4,300,260,300,340,380,260,300,340,380,580,2,2,2,1,4,0,4,0.6334604024887085,0.18787698447704315,0.01551844272762537,0,0,0,0,1,0,0,0,1,0,0,0,0,0,0,1,1,0,1,1,0,0,0,3.6888794898986816,3.6888794898986816,3.6888794898986816,3.6888794898986816,5.2983174324035645
1,2,1,1,1,1,1,0,1,1,1,0,0,1,1,1,0,1,0,0,0,0,10,20,20,40,20,0,1,1,1,0,6e,0,0,10,0.02,0,0,0,-94,1,1,1,1,1,1,2,2,2,2,479,2,2,22,21,2,12,12,6,9,4,5,1,3,8,7,2,3,3,3,6,4,4,4,4,4,4,4,3,3,3,3,3,3,3,3,3,3,3,3,3,300,300,320,340,380,300,320,340,380,400,2,2,2,2,7,2,2,-0.082295022904872894,0.68931019306182861,0.36903110146522522,0,0,0,0,1,0,0,0,0,0,0,0,0,0,1,1,1,1,1,1,0,0,0,2.3025851249694824,2.995732307434082,2.995732307434082,3.6888794898986816,2.995732307434082
1,1,0,1,1,1,1,0,1,1,1,0,1,1,1,1,0,0,0,0,0,0,10,10,10,10,10,1,0,1,1,1,1c,7,3,0,0.02,20,100,1.2,-3,1,1,1,1,1,1,1,1,2,2,478,2,1,20,17,5,-76,1,2,3,12,8,6,5,7,4,9,4,4,4,-7,4,2,2,3,1,4,5,-20,3,3,3,2,3,2,1,2,2,2,2,1,300,310,300,310,320,310,300,310,320,310,3,1,1,1,9,2,1,0.72871506214141846,-0.45227614045143127,-0.7465062141418457,1,1,1,1,0,0,0,0,0,1,0,0,1,0,0,0,1,1,0,0,1,1,1,2.3025851249694824,2.3025851249694824,2.3025851249694824,2.3025851249694824,2.3025851249694824
1,2,0,0,1,0,0,0,1,1,1,0,1,0,1,0,1,0,0,0,0,0,60,90,90,180,180,1,1,1,1,1,7d,0,0,10,0.02,0,0,0,-8,1,1,1,1,2,2,2,2,2,2,462,2,6,22,1,4,-35,12,5,6,1,8,9,7,2,4,3,4,5,2,-30,2,1,2,1,6,7,6,-37,1,4,3,3,2,1,4,3,3,4,2,3,300,360,270,360,180,360,270,360,180,360,3,3,1,1,5,1,2,0.92100423574447632,-0.8840794563293457,0.027680361643433571,1,0,0,0,0,0,0,0,0,1,0,1,0,1,0,1,1,1,0,0,0,0,0,4.0943446159362793,4.499809741973877,4.499809741973877,5.1929569244384766,5.1929569244384766
2,1,1,0,1,0,1,0,1,1,1,0,0,0,1,0,0,0,0,0,0,0,30,40,40,60,75,1,0,0,0,1,4e,5,4,1,0.02,110,55,0.29999999999999999,-7,1,1,1,1,2,2,2,2,2,2,479,1,4,24,23,3,-1,1,6,9,8,2,3,7,4,12,5,1,1,1,1,5,2,1,4,2,7,5,-7,1,3,3,3,4,1,4,1,1,1,1,1,300,270,310,270,330,270,310,270,330,255,2,1,1,1,5,1,3,-1.704315185546875,-0.4627278745174408,-1.2595055103302002,0,0,0,0,1,1,0,0,1,0,1,0,1,0,0,0,0,0,0,1,2,0,0,3.4011974334716797,3.6888794898986816,3.6888794898986816,4.0943446159362793,4.3174881935119629
1,2,0,1,1,1,0,0,1,1,1,0,1,1,1,1,1,0,0,0,0,0,20,35,40,30,35,1,1,1,0,0,4c,3,2,5,0.02,7,0,0.29999999999999999,0,1,1,1,1,1,1,2,2,2,2,479,1,1,18,18,5,-26,3,2,8,5,4,6,1,12,9,7,4,4,2,-15,2,2,2,2,2,6,4,-20,2,3,3,2,2,2,3,2,2,3,3,3,300,320,355,395,365,320,355,395,365,330,3,1,1,1,7,2,2,0.53820574283599854,-0.82606685161590576,-0.27669566869735718,1,1,1,1,0,0,0,0,0,0,0,1,1,0,0,1,1,0,1,0,1,1,1,2.995732307434082,3.5553481578826904,3.6888794898986816,3.4011974334716797,3.5553481578826904
1,1,1,0,1,0,0,0,1,1,1,0,0,0,1,0,1,0,0,0,0,0,25,50,50,75,149,1,1,1,1,1,6d,9,1,0,0.02,89,110,2.3999999999999999,-1,1,1,1,1,1,1,1,2,2,2,479,1,2,24,17,5,-122,12,4,3,7,5,6,1,8,9,2,4,4,2,-13,3,5,6,2,2,5,6,-36,3,4,4,5,4,4,4,2,3,3,2,2,300,275,225,275,200,275,225,275,200,349,2,1,1,1,8,2,1,0.53820574283599854,0.092007346451282501,0.62744063138961792,0,0,0,0,1,1,0,0,1,1,0,1,0,1,0,1,1,1,0,1,2,0,0,3.2188758850097656,3.9120230674743652,3.9120230674743652,4.3174881935119629,5.0039463043212891
2,2,1,1,1,1,0,0,1,1,1,0,0,1,1,1,1,0,0,0,0,0,50,50,100,150,50,1,1,0,0,0,1a,7,3,0,0.02,91,107,1.2,-13,1,1,1,1,2,2,2,2,2,2,479,1,1,18,21,5,-109,1,8,5,9,2,4,7,6,3,12,4,4,4,-18,5,3,2,3,6,7,5,-30,4,4,3,4,3,2,3,3,2,4,2,3,300,250,300,200,50,250,300,200,50,0,2,2,2,2,5,1,4,0.72871506214141846,0.12211700528860092,0.39585775136947632,0,0,0,0,1,0,0,0,1,0,1,1,1,0,0,1,0,0,1,1,0,0,0,3.9120230674743652,3.9120230674743652,4.6051702499389648,5.0106353759765625,3.9120230674743652
2,1,0,0,0,0,1,0,1,1,1,0,1,0,0,0,0,0,0,0,0,0,10,10,10,10,20,1,1,1,1,1,6a,7,3,0,0.02,22,138,1.2,-2,1,1,1,1,1,1,1,1,1,1,479,1,4,25,18,5,-81,9,3,1,7,2,5,8,12,4,6,2,2,2,-4,2,3,1,2,5,6,6,-9,3,3,5,2,3,5,5,4,4,3,4,4,300,310,300,290,280,310,300,290,280,260,3,3,3,3,11,2,3,-0.89330512285232544,-0.66851931810379028,1.2309367656707764,1,0,0,0,0,0,0,0,0,1,1,1,1,1,0,1,1,1,0,0,0,0,0,2.3025851249694824,2.3025851249694824,2.3025851249694824,2.3025851249694824,2.995732307434082
2,1,0,0,1,0,0,0,1,1,1,0,1,0,1,0,1,0,0,0,0,0,100,10,10,10,10,0,1,1,0,1,7a,2,3,5,0.02,66,0,0,-2,1,1,1,1,1,1,2,2,2,2,479,2,2,19,26,3,-11,12,2,8,5,7,6,4,9,1,3,3,3,3,-9,2,2,2,2,5,5,5,-8,3,3,3,3,3,1,4,2,2,2,2,2,300,200,190,200,210,200,190,200,210,220,3,3,1,1,7,2,3,-0.082295022904872894,-0.44910120964050293,-0.4449286162853241,1,0,0,0,0,0,0,0,1,1,0,0,0,0,1,1,1,0,0,0,0,0,0,4.6051702499389648,2.3025851249694824,2.3025851249694824,2.3025851249694824,2.3025851249694824
1,2,1,0,0,1,0,0,1,1,1,0,0,0,0,1,1,0,0,0,0,0,50,50,100,80,180,1,1,1,1,0,3a,9,1,0,0.02,73,13,2.3999999999999999,-4,1,1,1,1,1,1,2,2,2,2,480,3,4,24,-1,4,-24,2,9,5,3,6,4,12,8,7,1,4,3,4,-9,6,6,6,6,6,2,2,-10,4,4,4,4,4,4,2,2,4,4,4,4,300,250,200,100,180,250,200,100,180,0,2,1,1,1,7,2,2,0.34591656923294067,2.3928215503692627,1.3387715816497803,0,0,0,0,1,1,1,0,1,1,1,0,1,0,0,1,1,1,1,1,2,2,0,3.9120230674743652,3.9120230674743652,4.6051702499389648,4.3820266723632812,5.1929569244384766
1,1,1,1,1,1,1,0,1,1,1,0,0,1,1,1,0,0,0,0,0,1,20,30,50,100,150,0,1,1,1,0,7b,9,1,0,0.02,86,9,2.3999999999999999,-1,1,1,1,1,1,2,2,2,2,2,474,2,2,19,20,5,-50,6,2,5,9,3,1,7,12,4,8,4,5,4,-4,6,3,1,5,3,7,7,-12,3,5,3,2,5,1,2,4,4,3,3,2,300,320,350,400,500,320,350,400,500,640,2,2,2,2,6,2,1,1.111513614654541,-0.12831531465053558,0.47542676329612732,0,0,0,0,1,0,0,0,0,0,0,0,0,0,1,1,1,1,1,1,0,0,0,2.995732307434082,3.4011974334716797,3.9120230674743652,4.6051702499389648,5.0106353759765625
1,2,1,0,1,1,0,0,1,1,1,0,0,0,1,1,1,0,0,0,0,0,40,25,25,25,30,1,0,1,1,0,4f,8,2,0,0.02,97,24,1.8,-7,1,1,1,1,1,2,2,2,2,2,479,2,1,18,16,5,-10,9,2,12,4,5,6,3,8,7,1,4,4,4,-14,2,3,3,5,6,6,4,-13,4,4,3,3,5,3,4,4,4,3,3,2,300,260,285,310,335,260,285,310,335,305,2,1,1,1,6,2,2,0.72871506214141846,0.43366113305091858,0.93850070238113403,0,0,0,0,1,1,0,0,1,0,0,0,1,0,0,0,1,1,1,1,2,0,0,3.6888794898986816,3.2188758850097656,3.2188758850097656,3.2188758850097656,3.4011974334716797
1,1,1,0,1,1,1,0,1,1,1,0,0,0,1,1,0,1,0,0,0,0,30,50,50,100,200,0,0,0,0,0,5e,2,3,5,0.02,99999,99999,0,99999,1,1,1,1,2,2,2,2,2,2,99999,1,2,22,99999,5,99999,9,7,3,4,6,1,12,8,5,2,3,3,5,99999,2,2,2,2,2,7,7,99999,2,1,2,2,4,1,5,4,1,1,1,1,300,320,370,320,220,320,370,320,220,420,2,1,1,1,5,1,1,0.10821433365345001,-1.2023013830184937,-1.1871407032012939,0,0,0,0,1,1,0,0,0,0,1,1,0,1,1,0,0,0,1,1,2,0,0,3.4011974334716797,3.9120230674743652,3.9120230674743652,4.6051702499389648,5.2983174324035645
1,2,0,0,1,1,0,0,1,1,1,0,1,0,1,1,1,1,0,0,0,0,10,20,10,10,10,0,0,1,0,0,8d,10,0,0,0.02,6,37,3,0,1,1,1,1,1,1,1,2,2,2,479,1,1,19,8,4,-52,12,9,3,2,1,8,6,5,7,4,1,1,3,-27,2,2,2,2,2,7,7,-31,3,3,1,1,1,1,1,1,2,3,3,1,300,280,300,310,300,280,300,310,300,290,3,3,1,1,8,2,2,-1.5138058662414551,-1.2023013830184937,-0.97052979469299316,1,0,0,0,0,0,0,0,1,0,0,1,1,0,1,0,1,0,1,0,0,0,0,2.3025851249694824,2.995732307434082,2.3025851249694824,2.3025851249694824,2.3025851249694824
1,1,0,0,1,1,1,0,1,1,1,0,1,0,1,1,0,0,0,0,0,0,50,100,50,100,50,1,1,1,1,1,3c,10,0,0,0.02,40,26,3,-1,1,1,1,1,1,2,2,2,2,2,479,2,1,19,14,5,-85,8,12,7,5,9,6,2,4,3,1,4,4,5,-15,3,2,2,1,2,5,6,-34,4,5,2,2,1,1,1,1,1,1,1,1,300,350,250,300,400,350,250,300,400,350,3,3,1,1,6,2,1,0.82396978139877319,-0.97052013874053955,-1.2875694036483765,1,0,0,0,0,0,0,0,0,1,0,0,1,1,0,1,1,1,0,0,0,0,0,3.9120230674743652,4.6051702499389648,3.9120230674743652,4.6051702499389648,3.9120230674743652
1,2,0,1,1,0,0,0,1,1,1,0,1,1,1,0,1,0,0,0,0,0,30,30,50,30,30,1,1,1,0,1,4b,9,1,0,0.02,43,164,2.3999999999999999,-1,1,1,1,1,1,1,2,2,2,2,479,1,4,21,6,5,-26,4,1,2,7,5,6,12,8,3,9,1,1,1,2,2,3,3,5,4,6,7,-6,1,4,3,2,4,4,5,1,1,1,1,2,300,330,360,410,440,330,360,410,440,470,3,1,1,1,7,2,2,-1.704315185546875,-0.099873475730419159,-0.76220434904098511,1,1,1,0,0,0,0,0,0,0,0,0,0,0,0,1,1,0,0,0,1,1,0,3.4011974334716797,3.4011974334716797,3.9120230674743652,3.4011974334716797,3.4011974334716797
2,2,1,1,0,1,0,0,1,1,1,0,0,1,0,1,1,0,0,0,0,0,50,50,50,50,50,1,1,1,1,1,4d,10,0,0,0.02,54,127,3,-2,1,1,1,1,2,2,2,2,2,2,480,1,1,20,23,5,-51,12,8,3,2,9,5,7,4,1,6,5,5,4,-3,2,1,2,2,1,6,6,-39,2,4,5,3,4,3,5,2,3,4,2,1,300,250,300,250,300,250,300,250,300,350,2,2,1,1,5,1,4,1.4444705247879028,-1.249658465385437,0.36505895853042603,0,0,0,0,1,0,0,0,1,0,1,0,0,1,0,1,1,1,0,1,0,0,0,3.9120230674743652,3.9120230674743652,3.9120230674743652,3.9120230674743652,3.9120230674743652
2,1,0,0,0,0,1,1,1,0,1,0,0,0,1,0,0,1,0,0,0,0,90,50,50,100,50,1,1,1,1,1,4e,10,0,0,0.02,49,77,3,-5,1,2,2,2,2,2,2,2,2,2,479,1,4,24,12,5,-11,2,6,12,3,5,8,4,7,1,9,2,2,5,-7,2,2,2,2,2,2,2,-7,1,5,4,1,5,3,3,2,3,3,3,3,300,200,150,200,100,200,150,200,100,50,3,3,3,3,2,-2,3,-0.60754108428955078,-0.26180028915405273,0.25145319104194641,0,0,0,0,1,1,0,0,1,1,0,1,1,1,1,1,0,1,0,1,2,0,0,4.499809741973877,3.9120230674743652,3.9120230674743652,4.6051702499389648,3.9120230674743652
2,2,1,0,1,0,0,1,1,0,1,0,1,0,0,0,1,0,0,0,0,0,50,25,30,50,200,1,0,1,1,1,8c,9,1,0,0.02,22,78,2.3999999999999999,-2,1,1,1,1,1,1,1,2,2,2,479,2,1,19,9,4,-66,6,3,8,4,12,1,9,7,5,2,3,3,4,-3,3,3,4,4,3,6,5,-16,3,4,3,3,4,4,4,3,2,3,2,3,300,350,375,345,295,350,375,345,295,495,2,1,1,1,8,2,4,0.012959655374288559,0.053350836038589478,0.38862639665603638,1,0,0,0,0,0,0,0,0,0,1,1,0,0,1,0,0,1,0,0,0,0,0,3.9120230674743652,3.2188758850097656,3.4011974334716797,3.9120230674743652,5.2983174324035645
1,2,0,1,0,0,1,1,1,0,1,0,0,1,1,0,0,0,0,0,0,0,88,88,88,88,88,1,1,1,0,1,2e,5,0,5,0.02,0,49,1.5,0,1,1,1,2,2,2,2,2,2,2,479,1,1,20,5,4,-75,9,4,8,2,7,12,5,3,6,1,3,4,4,-7,5,2,6,3,6,6,6,-50,1,4,2,5,5,3,2,3,2,2,1,3,300,212,300,388,476,212,300,388,476,388,3,1,1,1,4,0,2,0.39575815200805664,0.57672661542892456,-0.15314857661724091,0,0,0,0,1,0,0,0,1,0,0,0,1,0,1,1,0,0,0,1,0,0,0,4.4773368835449219,4.4773368835449219,4.4773368835449219,4.4773368835449219,4.4773368835449219
1,2,0,0,0,1,0,1,1,0,1,0,0,0,1,1,1,0,0,0,0,0,30,40,105,20,54,1,1,1,1,1,5c,5,0,5,0.02,0,99999,1.5,99999,1,1,1,1,1,2,2,2,2,2,99999,1,2,22,99999,5,99999,1,2,12,4,8,3,5,7,9,6,2,2,4,99999,3,3,2,2,5,6,5,99999,4,5,3,4,4,5,5,4,5,5,5,5,300,270,230,335,355,270,230,335,355,409,3,3,3,1,6,2,2,-0.70279574394226074,-0.31497478485107422,2.4532895088195801,0,0,0,0,1,1,0,0,1,1,0,0,0,1,1,1,0,1,0,1,2,0,0,3.4011974334716797,3.6888794898986816,4.6539602279663086,2.995732307434082,3.9889841079711914
1,1,1,0,0,1,1,1,1,0,1,0,1,0,1,1,0,0,0,0,0,0,20,50,40,40,50,1,1,1,1,0,3c,7,3,0,0.02,147,139,1.2,-3,1,1,1,1,1,1,2,2,2,2,479,2,1,19,16,5,-18,7,3,6,5,8,1,4,12,9,2,2,2,2,-22,3,4,3,5,3,6,3,-48,1,2,1,2,3,1,2,2,3,3,3,2,300,320,270,310,350,320,270,310,350,400,2,1,1,1,7,2,1,-0.89330512285232544,0.37888807058334351,-0.62356841564178467,1,0,0,0,0,0,0,0,0,1,0,0,0,0,1,1,0,1,1,0,0,0,0,2.995732307434082,3.9120230674743652,3.6888794898986816,3.6888794898986816,3.9120230674743652
1,1,0,1,1,0,0,1,1,0,1,0,0,1,0,0,1,0,0,0,0,0,10,10,20,50,10,1,0,1,1,0,2b,10,0,0,0.02,108,151,3,-5,1,1,1,1,1,1,1,2,2,2,478,1,2,19,16,5,-2,12,2,7,9,3,4,5,8,6,1,4,3,2,-17,4,2,2,3,3,6,7,-15,3,5,4,3,5,1,4,2,1,2,3,3,300,290,280,260,210,290,280,260,210,200,3,1,1,1,8,2,1,0.15540720522403717,-0.57714343070983887,0.032147850841283798,0,0,0,0,1,0,0,0,1,1,1,1,1,0,1,0,0,1,1,1,0,0,0,2.3025851249694824,2.3025851249694824,2.995732307434082,3.9120230674743652,2.3025851249694824
1,1,0,0,0,1,1,1,1,0,1,0,0,0,1,1,0,0,0,0,0,0,50,75,75,100,140,1,1,1,1,0,5e,8,2,0,0.02,99999,99999,1.8,99999,1,1,2,2,2,2,2,2,2,2,99999,2,2,19,99999,5,99999,2,1,6,9,8,7,5,4,12,3,4,4,4,99999,2,3,2,3,3,6,7,99999,4,4,1,2,4,2,2,1,1,2,1,1,300,250,175,250,350,250,175,250,350,490,3,3,3,1,3,-1,1,0.72871506214141846,-0.70409023761749268,-0.90571129322052002,0,0,0,0,1,1,0,0,1,1,0,0,0,0,1,1,0,1,1,1,2,0,0,3.9120230674743652,4.3174881935119629,4.3174881935119629,4.6051702499389648,4.9416422843933105
1,1,0,1,0,1,1,1,1,0,1,0,0,1,1,1,0,1,0,0,0,0,20,60,100,200,230,1,1,0,1,0,7b,8,2,0,0.02,111,164,1.8,-6,1,1,1,1,2,2,2,2,2,2,477,1,4,24,19,5,3,12,2,5,6,4,7,3,8,9,1,1,1,2,-6,5,3,2,5,2,6,5,-13,2,4,4,1,2,4,2,2,5,3,3,3,300,270,330,230,430,270,330,230,430,660,3,1,1,1,5,1,1,-1.609060525894165,0.05092533677816391,0.43804401159286499,0,0,0,0,1,0,0,0,1,0,1,0,0,0,1,1,1,1,1,1,0,0,0,2.995732307434082,4.0943446159362793,4.6051702499389648,5.2983174324035645,5.4380793571472168
2,2,0,1,1,1,0,1,1,0,1,0,0,1,0,1,1,0,1,1,1,0,15,15,20,10,10,1,1,0,1,0,4d,3,2,5,0.02,0,5,0.29999999999999999,-7,1,1,1,1,1,1,1,1,1,1,480,2,1,18,16,4,0,1,2,3,6,9,5,4,12,8,7,1,1,5,-2,2,2,2,2,5,6,6,-10,4,2,1,4,4,4,3,2,4,5,2,2,300,285,290,300,300,285,290,300,300,290,3,1,1,1,11,2,4,-1.3232965469360352,-0.63720142841339111,0.68832910060882568,0,0,0,0,1,0,0,0,1,0,0,0,1,0,1,1,1,1,1,1,0,0,0,2.7080502510070801,2.7080502510070801,2.995732307434082,2.3025851249694824,2.3025851249694824
2,1,1,0,0,0,0,1,1,0,1,0,1,0,1,0,1,1,1,1,1,1,10,20,40,80,100,1,1,0,1,1,7a,9,1,0,0.02,4,60,2.3999999999999999,-4,1,1,1,1,1,2,2,2,2,2,479,1,3,23,25,5,2,6,3,2,5,9,4,7,12,8,1,2,4,3,-6,3,2,2,2,2,6,6,-13,3,3,4,3,4,3,3,1,1,1,2,1,300,300,270,220,130,300,270,220,130,220,2,1,1,1,6,2,3,-0.032453425228595734,-0.89583241939544678,-0.6875343918800354,1,0,0,0,0,0,0,0,0,1,1,1,0,0,1,1,1,1,0,0,0,0,0,2.3025851249694824,2.995732307434082,3.6888794898986816,4.3820266723632812,4.6051702499389648
1,1,1,1,0,0,0,1,1,0,1,0,1,1,1,0,1,0,1,0,1,0,10,50,100,120,200,1,1,1,1,1,2f,6,4,0,0.02,15,21,0.59999999999999998,-10,1,1,1,1,1,2,2,2,2,2,479,2,1,18,17,5,-56,4,7,3,6,5,2,9,8,1,12,4,2,1,-22,2,2,2,2,3,6,6,-24,2,3,2,1,3,1,2,1,2,1,3,2,300,310,350,450,320,310,350,450,320,520,2,2,1,1,6,2,1,-0.32264599204063416,-0.88853460550308228,-1.0207667350769043,1,1,1,0,0,0,0,0,0,0,0,1,0,1,1,1,0,1,0,0,1,1,0,2.3025851249694824,3.9120230674743652,4.6051702499389648,4.7874917984008789,5.2983174324035645
1,2,1,1,0,1,0,1,1,0,1,0,1,1,1,1,1,0,0,0,0,0,15,20,30,100,150,1,0,0,1,1,4c,7,3,0,0.02,135,131,1.2,-1,1,1,1,1,2,2,2,2,2,2,479,2,1,18,20,3,-10,8,2,3,6,5,12,1,4,9,7,2,2,2,-6,4,3,2,5,1,7,5,-16,2,4,4,3,5,1,1,1,1,1,1,1,300,315,295,265,365,315,295,265,365,515,2,2,1,1,5,1,2,-0.89330512285232544,-0.2871430516242981,-1.1345585584640503,1,1,1,1,0,0,0,0,0,1,1,0,0,0,1,0,1,1,0,0,1,1,1,2.7080502510070801,2.995732307434082,3.4011974334716797,4.6051702499389648,5.0106353759765625
2,2,0,0,1,1,1,1,1,0,1,0,0,0,0,1,0,0,0,0,0,0,60,100,60,100,80,1,1,0,0,0,2c,7,3,0,0.02,87,165,1.2,0,1,1,1,1,1,1,2,2,2,2,479,1,2,22,15,4,-91,2,3,6,5,12,4,8,7,1,9,4,5,1,-9,5,3,3,6,5,6,6,-20,4,3,2,3,5,2,1,3,4,4,3,4,300,240,140,200,100,240,140,200,100,180,3,3,1,1,7,2,4,0.82574951648712158,0.64368730783462524,0.74914205074310303,0,0,0,0,1,1,1,0,1,1,0,1,0,0,1,1,1,0,1,1,2,2,0,4.0943446159362793,4.6051702499389648,4.0943446159362793,4.6051702499389648,4.3820266723632812
1,2,1,0,0,1,0,1,1,0,1,0,1,0,1,1,1,0,0,0,0,0,70,100,100,70,90,1,1,1,1,1,8d,7,3,0,0.02,40,1,1.2,1,1,1,1,1,1,1,1,2,2,2,479,1,2,25,8,5,-121,1,4,8,12,6,2,7,5,9,3,1,1,4,-13,2,2,1,3,5,6,7,-25,2,4,4,3,5,1,1,2,2,2,2,1,300,370,270,370,440,370,270,370,440,530,2,1,1,1,8,2,2,-1.4185512065887451,-0.70365643501281738,-0.57390129566192627,1,0,0,0,0,0,0,0,0,1,0,0,0,1,1,1,0,1,0,0,0,0,0,4.2484951019287109,4.6051702499389648,4.6051702499389648,4.2484951019287109,4.499809741973877
1,1,1,1,0,1,1,1,1,0,1,0,1,1,1,1,0,0,0,0,0,0,20,20,20,20,20,1,1,1,0,1,1c,5,5,0,0.02,0,30,0,-5,1,1,1,2,2,2,2,2,2,2,479,2,1,18,9,4,-83,12,6,3,1,5,2,7,4,8,9,4,4,5,-10,3,6,7,6,6,5,2,-59,5,4,3,5,2,2,2,1,3,3,4,4,300,320,340,360,340,320,340,360,340,320,2,2,1,1,4,0,1,0.82396978139877319,1.8967247009277344,0.74274903535842896,1,1,1,1,0,0,0,0,0,0,0,1,1,0,1,1,0,0,0,0,1,1,1,2.995732307434082,2.995732307434082,2.995732307434082,2.995732307434082,2.995732307434082
2,2,0,1,0,1,0,1,1,0,1,0,0,1,1,1,1,1,0,0,0,0,10,20,50,50,50,1,1,0,0,0,1a,7,3,0,0.02,10,123,1.2,-1,1,2,2,2,2,2,2,2,2,2,479,2,1,18,18,5,-74,2,4,5,3,12,7,9,8,6,1,5,4,4,-5,2,2,6,5,5,7,4,-14,3,5,4,5,5,4,4,3,5,5,3,2,300,280,300,250,200,280,300,250,200,150,3,1,1,1,2,-2,4,1.0616719722747803,0.5274965763092041,1.6808826923370361,0,0,0,0,1,0,0,0,1,0,1,1,1,0,1,1,1,0,1,1,0,0,0,2.3025851249694824,2.995732307434082,3.9120230674743652,3.9120230674743652,3.9120230674743652
2,1,1,0,1,1,0,1,1,0,1,0,1,0,0,1,1,1,0,0,1,1,70,60,100,90,270,1,1,1,1,0,5d,8,2,0,0.02,99999,99999,1.8,99999,1,2,2,2,2,2,2,2,2,2,99999,1,3,22,99999,5,99999,5,1,7,8,4,3,6,12,9,2,2,2,2,99999,3,2,2,2,2,6,5,99999,4,3,3,3,2,1,2,1,3,4,3,1,300,360,300,200,280,360,300,200,280,0,2,1,1,1,2,-2,3,-0.89330512285232544,-0.80176526308059692,-0.10105838626623154,1,0,0,0,0,0,0,0,0,1,1,0,1,0,1,1,0,1,1,0,0,0,0,4.2484951019287109,4.0943446159362793,4.6051702499389648,4.499809741973877,5.5984220504760742
2,2,1,0,1,1,0,1,1,0,1,0,1,0,0,1,1,1,0,0,0,0,10,10,10,10,10,1,0,1,1,0,3b,7,3,0,0.02,1,0,1.2,-3,1,1,1,1,1,2,2,2,2,2,479,2,6,23,0,5,-38,1,2,3,4,9,12,7,8,6,5,4,4,5,-19,1,1,1,1,2,6,5,-25,1,3,3,1,4,1,4,3,4,3,3,1,300,300,310,300,310,300,310,300,310,300,2,1,1,1,6,2,4,0.82396978139877319,-1.4581228494644165,-0.17111340165138245,1,0,0,0,0,0,0,0,0,0,1,0,1,0,1,0,0,1,1,0,0,0,0,2.3025851249694824,2.3025851249694824,2.3025851249694824,2.3025851249694824,2.3025851249694824
1,2,1,1,0,0,1,1,1,0,1,0,1,1,1,0,0,0,0,0,0,0,10,10,10,10,10,1,1,1,1,1,3d,10,0,0,0.02,106,122,3,-2,1,1,1,1,1,1,2,2,2,2,479,1,1,18,16,4,-24,7,12,3,2,5,1,8,9,6,4,2,4,2,-13,5,4,5,3,5,6,5,-10,3,5,5,5,4,3,3,3,3,3,3,3,300,310,320,330,320,310,320,330,320,310,2,2,1,1,7,2,2,-0.12770810723304749,0.6236000657081604,0.94401717185974121,1,1,1,0,0,0,0,0,0,0,0,1,1,1,1,1,0,1,0,0,1,1,0,2.3025851249694824,2.3025851249694824,2.3025851249694824,2.3025851249694824,2.3025851249694824
2,2,1,0,1,1,0,1,1,0,1,0,1,0,0,1,1,1,0,0,0,0,20,25,25,25,35,1,1,1,1,0,3f,8,2,0,0.02,77,13,1.8,-1,1,1,1,1,2,2,2,2,2,2,479,2,1,19,9,5,-22,6,2,12,8,9,7,5,1,4,3,4,4,3,-12,3,3,2,5,5,6,6,-24,2,4,3,1,5,1,2,2,3,3,4,1,300,310,285,260,285,310,285,260,285,250,2,1,1,1,5,1,4,0.6334604024887085,0.097120396792888641,-0.12682414054870605,1,0,0,0,0,0,0,0,0,1,1,0,1,0,1,1,0,1,1,0,0,0,0,2.995732307434082,3.2188758850097656,3.2188758850097656,3.2188758850097656,3.5553481578826904
2,1,0,1,1,0,1,1,1,0,1,0,0,1,0,0,0,0,0,1,0,1,20,20,30,50,100,1,1,0,0,1,2a,4,6,0,0.02,89,123,0,0,1,1,1,1,1,2,2,2,2,2,479,2,1,20,-86,4,-74,4,7,6,12,8,5,2,9,1,3,2,3,5,-22,5,1,6,3,5,6,4,-34,3,2,1,3,4,4,5,2,2,5,3,4,300,280,300,320,370,280,300,320,370,260,3,1,1,1,6,2,3,-0.2247425764799118,0.52940356731414795,0.62999415397644043,0,0,0,0,1,0,0,0,1,0,0,0,1,0,1,1,1,0,0,1,0,0,0,2.995732307434082,2.995732307434082,3.4011974334716797,3.9120230674743652,4.6051702499389648
1,2,0,0,1,1,0,1,1,0,1,0,0,0,0,1,1,0,0,0,0,0,50,50,50,100,50,1,1,1,1,1,3a,5,0,5,0.02,55,0,1.5,-2,1,1,1,1,1,1,2,2,2,2,480,1,1,21,6,5,-8,6,12,4,9,5,3,7,2,8,1,2,2,2,-7,5,5,2,5,4,7,6,-11,4,5,5,5,5,2,3,1,2,5,2,1,300,250,200,150,250,250,200,150,250,300,3,3,1,1,7,2,2,-0.89330512285232544,0.3337397575378418,0.6092028021812439,0,0,0,0,1,1,1,0,1,1,1,0,0,1,1,1,0,1,0,1,2,2,0,3.9120230674743652,3.9120230674743652,3.9120230674743652,4.6051702499389648,3.9120230674743652
2,1,1,1,1,0,1,1,1,0,1,0,1,1,0,0,0,0,1,1,1,1,20,50,90,50,350,1,1,0,1,0,2d,8,2,0,0.02,21,85,1.8,-12,1,1,1,1,1,1,2,2,2,2,479,1,1,19,23,5,24,2,9,1,4,7,6,3,5,8,12,4,4,4,7,5,5,6,5,3,5,6,-4,4,3,3,3,2,3,4,5,5,4,3,2,300,320,360,440,380,320,360,440,380,720,2,2,2,1,7,2,3,0.72871506214141846,0.96057373285293579,1.0348594188690186,1,1,0,0,0,0,0,0,0,0,0,1,0,0,1,1,1,1,1,0,1,0,0,2.995732307434082,3.9120230674743652,4.499809741973877,3.9120230674743652,5.8579330444335938
2,1,1,1,0,1,0,1,1,0,1,0,1,1,1,1,1,1,0,0,0,0,30,40,40,40,50,1,0,0,0,0,1b,10,0,0,0.02,55,131,3,-3,1,1,1,2,2,2,2,2,2,2,479,2,1,19,18,4,-36,3,1,2,12,5,7,4,8,9,6,2,3,4,-5,5,2,6,5,5,6,6,-19,2,4,4,5,1,3,4,4,4,4,2,3,300,320,280,240,200,320,280,240,200,150,2,2,1,1,4,0,3,-0.31999725103378296,0.7885015606880188,0.79522335529327393,1,1,1,1,0,0,0,0,0,1,1,1,1,0,1,0,1,0,1,0,1,1,1,3.4011974334716797,3.6888794898986816,3.6888794898986816,3.6888794898986816,3.9120230674743652
2,2,0,0,0,0,0,1,1,1,0,1,0,0,0,1,0,0,0,0,0,0,50,50,50,50,50,1,1,1,0,0,2c,0,0,10,0.02,0,0,0,-2,2,2,2,2,2,2,2,2,2,2,479,1,1,22,18,4,-52,9,5,8,1,7,12,3,2,4,6,3,4,5,-6,3,2,2,2,2,7,7,-11,3,3,4,3,4,3,3,3,3,2,3,3,300,250,200,150,100,250,200,150,100,150,3,3,3,3,1,-2,4,0.49101284146308899,-1.083932638168335,0.33680850267410278,0,0,0,0,1,1,1,0,1,1,1,1,0,0,1,1,1,1,0,1,2,2,0,3.9120230674743652,3.9120230674743652,3.9120230674743652,3.9120230674743652,3.9120230674743652
2,1,1,1,0,1,0,1,1,1,0,1,1,1,0,0,0,0,0,0,0,0,50,50,50,50,100,1,1,0,1,1,2d,9,1,0,0.02,4,142,2.3999999999999999,-2,1,1,1,1,1,1,1,1,2,2,479,2,4,22,20,4,-19,5,3,1,4,7,9,12,8,2,6,4,4,5,-7,2,2,2,2,3,6,7,-16,3,4,4,3,4,3,4,2,2,2,2,2,300,350,400,450,400,350,400,450,400,300,2,2,1,1,9,2,3,0.82396978139877319,-0.98260176181793213,-0.0083997733891010284,1,1,0,0,0,0,0,0,0,0,0,1,1,0,1,1,0,0,1,0,1,0,0,3.9120230674743652,3.9120230674743652,3.9120230674743652,3.9120230674743652,4.6051702499389648
2,1,1,0,0,0,1,1,1,1,0,1,1,0,0,1,1,1,0,0,1,1,20,30,50,100,80,0,0,0,0,0,5d,8,2,0,0.02,99999,99999,1.8,99999,1,1,1,1,1,1,1,2,2,2,99999,2,3,23,99999,5,99999,5,1,3,4,6,9,8,2,12,7,3,3,3,99999,6,7,7,5,5,7,6,99999,2,4,3,4,5,5,4,1,3,4,5,4,300,270,300,350,240,270,300,350,240,150,2,1,1,1,8,2,3,-0.082295022904872894,1.5028996467590332,1.2846037149429321,1,0,0,0,0,0,0,0,1,0,0,1,1,1,0,0,0,1,0,0,0,0,0,2.995732307434082,3.4011974334716797,3.9120230674743652,4.6051702499389648,4.3820266723632812
2,2,1,0,0,0,1,1,1,1,0,1,1,0,0,1,1,1,0,0,0,1,10,10,10,10,10,1,0,0,1,0,3b,4,1,5,0.02,0,23,0.90000000000000002,-3,1,1,1,1,1,2,2,2,2,2,475,2,1,19,-43,4,-90,9,12,3,6,1,2,7,8,5,4,3,4,5,-28,5,6,7,3,6,7,7,-46,4,5,3,2,3,2,3,4,2,4,3,3,300,300,310,320,330,300,310,320,330,310,2,1,1,1,6,2,4,0.49101284146308899,0.96889799833297729,0.53162717819213867,1,0,0,0,0,0,0,0,0,0,0,0,1,0,1,0,0,0,0,0,0,0,0,2.3025851249694824,2.3025851249694824,2.3025851249694824,2.3025851249694824,2.3025851249694824
1,2,0,1,1,1,0,1,1,1,0,1,0,1,1,0,0,0,0,0,0,0,10,10,10,10,10,1,1,1,1,1,2e,7,3,0,0.02,119,167,1.2,-4,1,1,1,1,2,2,2,2,2,2,479,1,4,24,15,4,-7,8,2,12,9,5,3,4,6,7,1,1,1,5,-4,2,2,2,2,2,2,2,-5,1,1,5,2,5,2,5,5,5,5,5,5,300,290,300,310,300,290,300,310,300,290,3,1,1,1,5,1,2,-1.3232965469360352,-0.26180028915405273,1.4327136278152466,0,0,0,0,1,0,0,0,1,0,0,1,1,1,1,1,1,0,1,1,0,0,0,2.3025851249694824,2.3025851249694824,2.3025851249694824,2.3025851249694824,2.3025851249694824
1,1,0,0,1,0,0,1,1,1,0,1,0,0,1,1,0,0,0,0,0,0,10,10,20,10,40,0,0,0,0,0,5e,10,0,0,0.02,99999,99999,3,99999,2,2,2,2,2,2,2,2,2,2,99999,1,3,24,99999,4,99999,6,4,2,12,1,7,3,8,9,5,3,3,3,99999,3,2,3,4,5,6,5,99999,2,4,4,3,2,3,4,3,4,3,4,2,300,310,320,300,290,310,320,300,290,330,3,3,1,1,1,-2,1,-0.082295022904872894,0.053784627467393875,0.63321602344512939,0,0,0,0,1,1,0,0,0,0,1,1,0,1,0,0,0,1,0,1,2,0,0,2.3025851249694824,2.3025851249694824,2.995732307434082,2.3025851249694824,3.6888794898986816
1,1,0,0,1,1,1,1,1,1,0,1,0,0,1,0,1,1,0,0,0,0,50,60,60,60,60,1,1,1,1,0,6d,10,0,0,0.02,93,65,3,-4,1,1,1,1,1,2,2,2,2,2,475,1,3,24,22,4,-45,9,12,5,6,8,2,3,1,7,4,3,3,2,-3,4,5,3,5,4,5,4,-17,4,4,3,4,4,3,4,4,3,3,3,4,300,240,180,240,180,240,180,240,180,120,3,3,1,1,6,2,1,-0.17754970490932465,0.73268008232116699,1.0075204372406006,0,0,0,0,1,1,0,0,1,1,0,1,1,0,1,1,1,0,0,1,2,0,0,3.9120230674743652,4.0943446159362793,4.0943446159362793,4.0943446159362793,4.0943446159362793
2,2,0,1,0,0,1,1,1,1,0,1,0,1,0,1,1,0,0,0,0,0,50,80,50,70,50,0,0,1,1,1,4d,10,0,0,0.02,22,80,3,2,1,1,1,1,1,1,2,2,2,2,480,2,4,22,23,5,7,8,1,3,2,7,6,12,4,9,5,4,4,5,-3,6,2,5,2,2,6,6,-9,2,2,1,2,3,3,4,2,2,3,2,3,300,350,270,220,290,350,270,220,290,340,3,1,1,1,7,2,4,0.82396978139877319,-0.11740031838417053,-0.38521122932434082,0,0,0,0,1,0,0,0,0,1,1,0,0,0,0,0,1,0,1,1,0,0,0,3.9120230674743652,4.3820266723632812,3.9120230674743652,4.2484951019287109,3.9120230674743652
1,1,0,1,1,0,0,1,1,1,0,1,0,1,1,1,0,0,0,0,0,0,10,10,10,10,10,1,1,1,1,1,4a,9,0,1,0.02,2,50,2.7000000000000002,-2,1,1,1,1,1,1,1,1,2,2,479,2,3,22,12,4,-49,4,12,9,3,5,1,7,8,2,6,3,3,3,-3,3,5,3,3,5,4,5,-15,3,4,4,3,4,3,4,4,4,4,4,3,300,290,300,310,320,290,300,310,320,310,3,1,1,1,9,2,1,-0.082295022904872894,0.40250223875045776,1.2167507410049438,0,0,0,0,1,0,0,0,1,0,0,0,1,1,1,1,1,0,1,1,0,0,0,2.3025851249694824,2.3025851249694824,2.3025851249694824,2.3025851249694824,2.3025851249694824
1,1,0,1,0,1,1,1,1,1,0,1,0,1,0,0,1,0,0,0,0,0,30,40,100,20,10,1,1,0,0,1,2b,9,1,0,0.02,1,1,2.3999999999999999,-1,1,1,1,2,2,2,2,2,2,2,475,1,1,19,-4,5,-36,2,5,7,1,12,9,4,6,8,3,3,5,5,-44,5,3,2,4,2,7,6,-65,4,4,4,2,5,3,4,3,4,4,4,3,300,270,310,410,430,270,310,410,430,440,3,1,1,1,4,0,1,0.87381136417388916,-0.30589565634727478,1.208848237991333,0,0,0,0,1,0,0,0,1,0,0,0,0,0,1,1,0,1,1,1,0,0,0,3.4011974334716797,3.6888794898986816,4.6051702499389648,2.995732307434082,2.3025851249694824
1,1,1,1,1,1,1,1,1,1,0,1,1,1,1,0,1,1,1,1,1,1,200,100,70,80,200,1,1,1,0,1,2f,9,1,0,0.02,68,110,2.3999999999999999,-3,1,1,1,1,1,2,2,2,2,2,479,1,4,24,21,5,-11,4,2,6,12,5,3,7,8,9,1,2,2,4,1,3,5,3,3,3,6,6,-19,4,3,4,2,4,3,3,3,3,4,4,4,300,490,580,640,710,490,580,640,710,900,2,2,2,2,6,2,1,-0.70279574394226074,-0.13096420466899872,0.90112477540969849,1,1,1,0,0,0,0,0,0,0,0,0,0,0,1,1,1,1,1,0,1,1,0,5.2983174324035645,4.6051702499389648,4.2484951019287109,4.3820266723632812,5.2983174324035645
2,1,1,0,0,1,0,1,1,1,0,1,1,0,0,0,0,0,0,1,0,0,30,40,40,30,30,1,1,1,1,1,6a,10,0,0,0.02,158,189,3,2,1,1,1,1,1,2,2,2,2,2,442,1,3,20,13,5,-22,1,7,6,12,9,2,4,5,3,8,4,4,5,-8,2,3,6,5,3,7,7,-9,3,4,4,2,1,2,2,1,2,3,2,1,300,330,290,240,210,330,290,240,210,180,2,1,1,1,6,2,3,0.82396978139877319,0.10375270247459412,-0.60027980804443359,1,0,0,0,0,0,0,0,0,1,1,1,1,1,1,1,1,0,1,0,0,0,0,3.4011974334716797,3.6888794898986816,3.6888794898986816,3.4011974334716797,3.4011974334716797
2,1,0,1,0,1,0,1,1,1,0,1,0,1,0,0,0,0,0,0,0,0,50,100,75,150,125,1,1,1,1,1,2a,4,1,5,0.02,0,45,0.90000000000000002,-5,1,1,1,1,2,2,2,2,2,2,479,1,1,19,17,5,-7,1,12,5,2,6,7,9,3,8,4,1,1,1,-4,4,4,4,3,3,5,5,-71,1,3,3,2,3,2,3,2,1,1,1,2,300,250,350,275,125,250,350,275,125,0,3,1,1,1,5,1,3,-1.704315185546875,0.20682263374328613,-1.2030037641525269,0,0,0,0,1,0,0,0,1,0,1,1,1,1,1,1,1,0,1,1,0,0,0,3.9120230674743652,4.6051702499389648,4.3174881935119629,5.0106353759765625,4.8283138275146484
1,1,1,1,1,0,0,1,1,1,0,1,1,1,1,1,0,1,0,0,0,0,10,10,20,20,10,1,1,1,1,1,1c,10,0,0,0.02,20,75,3,-3,2,2,2,2,2,2,2,2,2,2,479,1,1,18,18,4,-68,7,8,12,5,6,3,1,4,9,2,4,4,5,-21,4,1,5,2,6,7,6,-38,2,3,4,5,4,3,4,2,1,3,1,5,300,300,310,330,350,300,310,330,350,340,2,2,2,1,1,-2,1,0.82396978139877319,-0.055295359343290329,0.11789338290691376,1,1,1,1,0,0,0,0,0,0,0,0,1,1,1,1,1,0,1,0,1,1,1,2.3025851249694824,2.3025851249694824,2.995732307434082,2.995732307434082,2.3025851249694824
1,2,0,0,0,0,1,1,1,1,0,1,0,0,0,1,1,0,0,0,0,0,50,50,100,50,50,1,1,1,0,0,3a,9,1,0,0.02,58,85,2.3999999999999999,-33,1,1,1,1,2,2,2,2,2,2,479,2,2,21,3,5,-19,6,12,2,5,9,4,7,3,8,1,4,4,2,-3,1,1,1,1,4,6,6,-15,2,2,4,2,3,1,3,3,1,1,1,1,300,250,200,100,50,250,200,100,50,0,3,3,3,3,5,1,2,0.53820574283599854,-1.3008569478988647,-1.2768174409866333,0,0,0,0,1,1,1,0,1,1,1,1,1,0,1,1,1,1,0,1,2,2,0,3.9120230674743652,3.9120230674743652,4.6051702499389648,3.9120230674743652,3.9120230674743652
2,2,1,1,0,0,0,1,1,1,0,1,1,1,0,1,0,0,0,0,0,0,60,80,70,110,60,1,0,1,0,1,6b,9,1,0,0.02,15,15,2.3999999999999999,-1,1,1,1,1,1,2,2,2,2,2,479,1,4,24,21,5,12,4,2,3,6,5,7,12,1,8,9,2,1,4,-3,3,1,1,1,1,7,6,-12,4,5,5,4,5,5,5,4,4,4,5,4,300,360,280,210,100,360,280,210,100,40,2,2,1,1,6,2,4,-1.0855942964553833,-1.5351521968841553,2.1927337646484375,1,1,0,0,0,0,0,0,0,1,1,1,1,0,1,0,1,1,1,0,1,0,0,4.0943446159362793,4.3820266723632812,4.2484951019287109,4.7004804611206055,4.0943446159362793
1,2,0,0,1,0,1,1,1,1,0,1,0,0,1,1,1,0,0,0,0,0,25,25,100,50,200,1,1,1,0,1,5c,8,1,1,0.02,99999,99999,2.1000000000000001,99999,1,1,1,1,1,1,1,1,2,2,99999,1,3,23,99999,5,99999,7,1,12,3,9,6,2,8,4,5,3,3,4,99999,3,3,3,3,3,5,5,99999,2,3,3,3,3,3,3,2,3,3,3,3,300,275,250,350,300,275,250,350,300,500,3,3,1,1,9,2,2,0.012959655374288559,-0.16244547069072723,0.17611858248710632,0,0,0,0,1,1,0,0,1,1,0,1,0,0,1,1,1,1,1,1,2,0,0,3.2188758850097656,3.2188758850097656,4.6051702499389648,3.9120230674743652,5.2983174324035645
1,1,1,0,1,0,0,1,1,1,0,1,1,0,1,1,0,1,0,0,0,0,20,25,25,30,46,1,0,1,1,1,3c,9,0,1,0.02,5,64,2.7000000000000002,-3,1,1,1,1,2,2,2,2,2,2,479,2,1,19,18,5,-93,3,7,1,8,2,6,9,12,5,4,4,5,5,-22,2,1,1,3,4,6,6,-16,4,4,3,1,5,2,3,2,1,1,2,1,300,310,335,360,390,310,335,360,390,344,2,1,1,1,5,1,1,1.206768274307251,-0.84504657983779907,-0.68574005365371704,1,0,0,0,0,0,0,0,0,0,0,0,1,0,1,0,1,0,1,0,0,0,0,2.995732307434082,3.2188758850097656,3.2188758850097656,3.4011974334716797,3.828641414642334
1,2,0,1,1,0,0,1,1,1,0,1,0,1,1,1,0,0,0,0,0,0,15,15,15,10,15,1,0,0,1,0,6e,3,7,0,0.02,77,41,0,-5,2,2,2,2,2,2,2,2,2,2,479,2,2,18,15,5,-83,5,1,2,4,3,6,12,8,9,7,4,4,5,-9,4,2,3,1,1,7,7,-27,2,1,4,2,3,2,5,3,1,1,3,1,300,285,270,255,265,285,270,255,265,280,3,1,1,1,1,-2,2,0.82396978139877319,-1.118842601776123,-0.82357335090637207,0,0,0,0,1,0,0,0,1,1,1,0,0,0,1,0,0,0,0,1,0,0,0,2.7080502510070801,2.7080502510070801,2.7080502510070801,2.3025851249694824,2.7080502510070801
2,2,0,1,1,1,0,1,1,1,0,1,0,1,1,0,0,0,0,0,0,0,15,15,15,15,15,1,0,0,0,1,7c,6,3,1,0.02,39,55,0.90000000000000002,-4,1,1,1,1,1,1,1,2,2,2,479,2,2,19,7,4,-107,4,12,3,7,5,6,9,8,1,2,4,4,5,-1,3,2,2,4,5,6,6,-34,2,4,1,3,3,2,4,2,1,2,3,3,300,285,270,255,270,285,270,255,270,255,3,1,1,1,8,2,4,0.82396978139877319,-0.18139113485813141,-0.35275852680206299,0,0,0,0,1,0,0,0,1,1,1,0,1,0,1,0,0,1,1,1,0,0,0,2.7080502510070801,2.7080502510070801,2.7080502510070801,2.7080502510070801,2.7080502510070801
2,2,0,1,1,0,1,1,1,1,0,1,0,1,1,1,1,1,0,0,0,0,90,50,50,100,100,1,1,1,1,1,1a,10,0,0,0.02,11,3,3,-3,1,1,1,1,1,1,2,2,2,2,479,1,1,21,12,4,-54,1,4,3,6,7,2,12,8,5,9,4,4,3,-18,3,2,2,4,3,6,6,-21,4,3,3,3,3,3,4,2,4,4,2,2,300,200,250,300,400,200,250,300,400,500,3,1,1,1,7,2,4,0.6334604024887085,-0.43272426724433899,0.52524697780609131,0,0,0,0,1,0,0,0,1,0,0,0,0,1,1,1,1,0,1,1,0,0,0,4.499809741973877,3.9120230674743652,3.9120230674743652,4.6051702499389648,4.6051702499389648
1,2,1,0,1,0,1,1,1,1,0,1,1,0,1,1,1,0,0,0,0,1,20,20,20,20,30,0,0,0,0,1,8d,7,3,0,0.02,18,106,1.2,-9,1,1,1,1,1,1,1,2,2,2,479,2,1,18,15,5,-76,5,12,3,6,8,4,2,1,9,7,4,3,2,-22,3,2,3,4,5,6,6,-36,4,5,3,3,4,2,3,2,2,2,2,2,300,280,300,280,260,280,300,280,260,280,2,1,1,1,8,2,2,0.15540720522403717,-0.040282521396875381,-0.021304534748196602,1,0,0,0,0,0,0,0,1,0,1,1,0,0,0,0,0,1,1,0,0,0,0,2.995732307434082,2.995732307434082,2.995732307434082,2.995732307434082,3.4011974334716797
2,1,1,1,1,0,1,1,1,1,0,1,1,1,1,1,1,0,1,0,1,0,10,10,10,10,10,1,1,0,0,1,1b,4,6,0,0.02,55,112,0,-5,1,1,1,1,1,1,1,1,1,1,479,2,1,19,8,4,-83,2,4,9,1,6,8,7,5,3,12,5,5,5,-19,2,6,2,1,6,7,7,-31,2,2,4,4,2,2,4,2,2,4,2,4,300,310,310,300,280,310,310,300,280,290,2,2,2,1,11,2,3,1.5397251844406128,-0.42919287085533142,0.039899755269289017,1,1,1,1,0,0,0,0,0,0,1,1,0,0,1,1,0,1,1,0,1,1,1,2.3025851249694824,2.3025851249694824,2.3025851249694824,2.3025851249694824,2.3025851249694824
1,1,1,1,0,0,0,1,1,1,0,1,1,1,0,1,0,1,0,0,0,0,50,50,40,20,50,1,0,0,1,0,8a,9,1,0,0.02,99999,99999,2.3999999999999999,99999,1,1,1,1,1,1,1,2,2,2,99999,1,1,21,99999,5,99999,8,2,7,12,5,1,4,3,9,6,1,1,2,99999,1,2,1,6,2,6,7,99999,3,2,1,1,1,1,3,1,1,1,3,1,300,340,290,330,350,340,290,330,350,400,2,2,1,1,8,2,1,-1.609060525894165,-0.69286257028579712,-1.4078128337860107,1,1,0,0,0,0,0,0,0,1,0,0,0,0,1,0,0,0,0,0,1,0,0,3.9120230674743652,3.9120230674743652,3.6888794898986816,2.995732307434082,3.9120230674743652
1,2,0,0,0,1,1,1,1,1,0,1,0,0,0,0,1,0,0,0,0,0,220,20,20,20,20,1,1,1,1,1,6c,10,0,0,0.02,2,92,3,-8,1,1,2,2,2,2,2,2,2,2,479,1,3,24,17,5,5,7,9,3,4,5,6,1,2,8,12,4,4,5,-15,6,5,3,5,7,7,2,-30,2,3,4,1,2,2,1,2,3,4,2,2,300,80,60,40,20,80,60,40,20,40,3,3,3,1,3,-1,2,0.82396978139877319,1.3464854955673218,-0.40484350919723511,0,0,0,0,1,1,1,1,1,1,1,1,0,1,1,1,1,0,1,1,2,2,2,5.3936276435852051,2.995732307434082,2.995732307434082,2.995732307434082,2.995732307434082
2,2,1,0,0,1,1,1,1,1,0,1,1,0,0,0,1,1,1,0,0,0,10,30,30,50,60,1,1,0,1,1,8c,8,1,1,0.02,47,147,2.1000000000000001,-2,1,1,1,1,1,2,2,2,2,2,479,2,1,19,14,5,-85,1,2,9,6,8,4,5,12,3,7,1,1,1,-9,2,1,3,1,1,6,4,-27,2,1,3,1,1,2,4,2,2,1,1,1,300,300,260,290,240,300,260,290,240,300,2,1,1,1,6,2,4,-1.704315185546875,-1.0891363620758057,-1.4018816947937012,1,0,0,0,0,0,0,0,0,1,0,1,0,0,1,1,0,0,1,0,0,0,0,2.3025851249694824,3.4011974334716797,3.4011974334716797,3.9120230674743652,4.0943446159362793
1,1,1,1,0,0,1,0,1,0,0,0,0,1,1,1,0,0,0,0,0,0,50,50,50,100,50,1,1,1,0,0,7b,6,4,0,0.02,5,58,0.59999999999999998,-13,1,1,1,1,2,2,2,2,2,2,479,2,2,20,20,5,0,5,2,6,8,4,3,7,12,9,1,4,4,2,-3,2,1,1,2,4,5,6,-11,4,5,3,2,3,2,2,1,3,2,3,2,300,250,300,350,250,250,300,350,250,300,2,2,1,1,5,1,1,0.53820574283599854,-0.91973429918289185,-0.016142033040523529,0,0,0,0,1,0,0,0,1,0,0,1,0,0,0,1,0,1,1,1,0,0,0,3.9120230674743652,3.9120230674743652,3.9120230674743652,4.6051702499389648,3.9120230674743652
1,1,0,0,0,0,1,0,1,0,0,0,1,0,1,1,0,1,0,1,1,1,40,50,40,50,60,0,0,1,1,1,3c,7,3,0,0.02,49,44,1.2,0,1,1,1,1,1,2,2,2,2,2,479,2,4,22,21,5,-100,1,3,4,8,6,9,7,2,5,12,1,1,2,-4,5,5,3,5,5,3,3,-4,4,4,4,4,5,4,4,4,3,3,4,3,300,250,300,330,370,250,300,330,370,300,3,3,3,3,6,2,1,-1.609060525894165,1.2588486671447754,1.2847855091094971,1,0,0,0,0,0,0,0,1,0,0,0,1,0,1,0,0,0,0,0,0,0,0,3.6888794898986816,3.9120230674743652,3.6888794898986816,3.9120230674743652,4.0943446159362793
1,2,1,0,1,1,0,0,1,0,0,0,0,0,0,0,1,0,0,0,0,0,50,30,30,30,40,1,0,1,1,0,6c,5,0,5,0.02,0,84,1.5,-26,1,1,1,1,1,1,1,1,1,1,479,3,2,20,15,3,-9,9,2,5,8,3,6,12,4,7,1,4,4,2,-4,3,5,3,5,5,5,3,-14,4,4,4,4,4,2,3,3,3,3,3,2,300,250,280,250,220,250,280,250,220,180,2,1,1,1,11,2,2,0.53820574283599854,0.83404505252838135,0.5878835916519165,0,0,0,0,1,1,1,1,1,0,1,1,1,0,0,0,0,0,1,1,2,2,2,3.9120230674743652,3.4011974334716797,3.4011974334716797,3.4011974334716797,3.6888794898986816
2,1,1,1,1,1,1,0,1,0,0,0,0,1,0,0,0,0,0,1,1,1,15,20,30,50,105,1,1,0,0,0,2a,9,1,0,0.02,11,113,2.3999999999999999,1,1,1,1,1,1,2,2,2,2,2,479,2,1,19,13,5,-81,3,9,7,8,5,4,1,12,2,6,4,4,2,-5,3,2,2,3,2,6,5,-17,3,4,4,3,2,3,4,1,1,2,2,1,300,285,305,325,365,285,305,325,365,460,2,2,2,2,6,2,3,0.53820574283599854,-0.63304448127746582,-0.50591665506362915,0,0,0,0,1,0,0,0,1,0,0,0,0,0,0,1,1,1,1,1,0,0,0,2.7080502510070801,2.995732307434082,3.4011974334716797,3.9120230674743652,4.6539602279663086
2,1,0,0,1,0,0,0,1,0,0,0,1,0,0,1,1,0,0,1,0,0,40,80,80,70,190,1,1,1,1,1,3e,8,2,0,0.02,23,6,1.8,-31,1,1,1,1,1,1,1,1,1,1,478,1,1,18,16,5,-18,4,1,9,7,6,3,8,12,2,5,5,5,5,-3,1,1,1,1,5,7,7,-17,4,4,5,3,4,2,4,4,2,2,2,1,300,340,260,170,240,340,260,170,240,430,3,3,1,1,11,2,3,1.5397251844406128,-1.363290548324585,0.10351315885782242,1,0,0,0,0,0,0,0,0,1,1,0,0,1,0,1,0,0,0,0,0,0,0,3.6888794898986816,4.3820266723632812,4.3820266723632812,4.2484951019287109,5.2470240592956543
2,1,0,0,1,0,0,0,1,0,0,0,1,0,0,1,1,0,0,0,0,0,50,50,100,150,100,1,1,0,1,0,5d,8,2,0,0.02,99999,99999,1.8,99999,1,1,1,1,1,2,2,2,2,2,99999,1,2,18,99999,5,99999,7,2,3,4,9,8,6,5,1,12,2,2,2,99999,4,2,1,3,5,5,5,99999,3,3,3,3,4,2,3,3,3,3,3,3,300,350,300,400,550,350,300,400,550,450,3,3,1,1,6,2,3,-0.89330512285232544,-0.18475154042243958,0.32918477058410645,1,0,0,0,0,0,0,0,0,1,0,0,1,0,0,1,1,0,1,0,0,0,0,3.9120230674743652,3.9120230674743652,4.6051702499389648,5.0106353759765625,4.6051702499389648
1,1,0,1,0,1,0,0,1,0,0,0,1,1,1,0,1,1,0,0,0,0,50,60,100,100,300,0,1,0,0,1,2f,9,1,0,0.02,61,108,2.3999999999999999,-3,1,1,1,1,1,1,1,1,2,2,479,1,1,18,4,5,-19,8,4,9,5,12,2,7,1,3,6,4,4,4,-10,2,1,1,1,5,7,6,-20,1,1,2,3,4,2,3,4,2,2,1,2,300,240,300,200,300,240,300,200,300,600,3,1,1,1,9,2,1,0.72871506214141846,-1.1508547067642212,-0.79545080661773682,1,1,1,0,0,0,0,0,1,0,1,0,0,0,1,1,1,1,0,0,1,1,0,3.9120230674743652,4.0943446159362793,4.6051702499389648,4.6051702499389648,5.7037825584411621
1,2,1,0,1,0,0,0,1,0,0,0,0,0,0,1,1,1,1,0,0,0,50,50,70,70,70,0,0,1,1,1,3a,9,1,0,0.02,98,56,2.3999999999999999,0,1,1,1,1,2,2,2,2,2,2,480,1,3,23,14,5,-11,1,9,5,4,2,12,6,8,3,7,4,4,4,-7,2,2,2,6,4,6,6,-11,5,4,1,4,3,3,3,4,4,4,4,2,300,340,380,310,380,340,380,310,380,450,2,1,1,1,5,1,2,0.72871506214141846,-0.087984904646873474,1.1536580324172974,0,0,0,0,1,1,1,0,0,0,1,0,0,0,1,0,0,0,0,1,2,2,0,3.9120230674743652,3.9120230674743652,4.2484951019287109,4.2484951019287109,4.2484951019287109
1,2,0,1,0,0,0,0,1,0,0,0,1,1,1,1,1,0,0,0,0,0,20,40,80,160,25,1,1,1,1,1,4c,7,3,0,0.02,80,98,1.2,-9,1,1,1,1,1,2,2,2,2,2,478,3,1,18,13,5,-54,8,12,2,1,3,6,9,7,4,5,3,4,3,-12,5,4,1,5,5,5,5,-11,5,5,4,4,5,4,4,5,5,5,5,5,300,320,360,440,600,320,360,440,600,625,3,1,1,1,6,2,2,0.30050349235534668,0.49064028263092041,2.5865247249603271,1,1,1,1,0,0,0,0,0,0,0,0,0,1,0,1,0,0,0,0,1,1,1,2.995732307434082,3.6888794898986816,4.3820266723632812,5.0751738548278809,3.2188758850097656
2,1,0,0,0,1,0,0,1,0,0,0,1,0,1,0,1,0,0,0,0,0,10,10,10,10,10,1,0,1,0,1,7a,6,4,0,0.02,101,34,0.59999999999999998,-2,1,1,1,1,1,1,1,2,2,2,479,2,3,22,20,4,-74,4,3,2,1,5,7,9,8,6,12,4,4,4,-6,3,1,2,2,2,6,7,-27,2,2,2,1,5,2,3,2,2,1,1,1,300,310,320,330,340,310,320,330,340,350,3,3,3,1,8,2,3,0.72871506214141846,-1.099690318107605,-1.1402304172515869,1,0,0,0,0,0,0,0,0,0,0,0,0,0,0,0,0,1,0,0,0,0,0,2.3025851249694824,2.3025851249694824,2.3025851249694824,2.3025851249694824,2.3025851249694824
1,1,1,1,1,0,1,0,1,0,0,0,0,1,0,1,0,1,1,1,1,1,80,100,210,320,200,0,1,0,0,0,5a,7,3,0,0.02,99999,99999,1.2,99999,1,1,1,1,1,2,2,2,2,2,99999,2,3,23,99999,5,99999,9,2,5,3,8,7,6,12,4,1,5,5,5,99999,6,7,5,5,7,6,6,99999,4,5,5,5,5,4,4,4,4,5,5,5,300,370,460,660,330,370,460,660,330,520,2,2,2,1,6,2,1,1.5397251844406128,1.5660486221313477,2.3718559741973877,0,0,0,0,1,0,0,0,0,0,0,1,0,0,1,1,1,1,1,1,0,0,0,4.3820266723632812,4.6051702499389648,5.3471074104309082,5.7683210372924805,5.2983174324035645
1,1,1,0,0,0,1,0,1,0,0,0,0,0,1,1,0,0,0,0,0,0,20,50,50,50,75,0,1,0,1,0,5e,9,1,0,0.02,99999,99999,2.3999999999999999,99999,1,1,1,1,1,1,1,2,2,2,99999,2,2,19,99999,4,99999,1,6,5,3,9,7,2,8,12,4,4,4,4,99999,2,3,2,2,2,6,6,99999,4,4,3,2,3,2,3,1,3,2,2,3,300,320,270,220,270,320,270,220,270,345,2,1,1,1,8,2,1,0.72871506214141846,-0.90441042184829712,-0.10220997035503387,0,0,0,0,1,1,0,0,0,1,1,0,0,0,1,1,1,0,1,1,2,0,0,2.995732307434082,3.9120230674743652,3.9120230674743652,3.9120230674743652,4.3174881935119629
2,2,1,1,0,0,0,0,1,0,0,0,0,1,1,1,1,0,0,0,0,0,12,12,13,12,25,1,1,1,0,1,1a,3,7,0,0.02,0,128,0,-11,1,1,1,1,1,1,1,1,2,2,479,1,1,20,18,5,-190,6,7,12,4,5,8,3,9,1,2,4,4,5,-8,3,2,2,4,4,6,6,-27,2,4,3,2,3,2,3,3,1,1,1,1,300,288,300,313,301,288,300,313,301,326,2,2,1,1,9,2,4,0.82396978139877319,-0.3070577085018158,-1.0116546154022217,0,0,0,0,1,0,0,0,1,0,0,1,0,0,0,1,0,1,0,1,0,0,0,2.4849066734313965,2.4849066734313965,2.5649492740631104,2.4849066734313965,3.2188758850097656
2,2,0,0,1,0,1,0,1,0,0,0,1,0,0,1,0,0,0,0,0,0,15,50,80,90,275,1,1,1,1,1,5b,10,0,0,0.02,99999,99999,3,99999,1,1,1,1,1,2,2,2,2,2,99999,1,3,22,99999,5,99999,9,5,2,8,4,3,7,6,1,12,2,3,3,99999,3,2,2,4,4,5,5,99999,4,4,5,3,3,3,4,3,2,3,3,4,300,315,265,185,275,315,265,185,275,0,3,3,1,1,6,2,4,-0.41525194048881531,-0.11895748227834702,0.67605751752853394,1,0,0,0,0,0,0,0,0,1,1,0,1,1,0,1,0,0,0,0,0,0,0,2.7080502510070801,3.9120230674743652,4.3820266723632812,4.499809741973877,5.6167712211608887
1,2,1,1,0,0,1,0,1,0,0,0,0,1,1,1,0,1,0,0,0,0,30,80,80,60,50,0,0,0,0,0,6e,8,1,1,0.02,87,53,2.1000000000000001,-1,1,1,1,1,1,1,1,1,2,2,469,3,4,22,19,5,-8,8,7,3,9,5,2,4,12,1,6,3,3,4,-44,4,4,3,2,2,4,2,-45,1,2,1,1,4,3,3,2,1,2,1,1,300,320,240,160,100,320,240,160,100,150,2,2,1,1,9,2,2,0.012959655374288559,0.14756119251251221,-1.2813462018966675,0,0,0,0,1,0,0,0,0,1,1,1,0,1,1,0,1,1,1,1,0,0,0,3.4011974334716797,4.3820266723632812,4.3820266723632812,4.0943446159362793,3.9120230674743652
2,2,1,1,0,1,1,0,1,0,0,0,0,1,1,0,0,1,0,1,0,0,50,50,50,50,50,0,0,0,0,0,7c,5,0,5,0.02,0,16,1.5,-4,1,1,1,1,1,1,1,2,2,2,479,1,1,22,8,5,-32,12,9,5,8,1,7,6,4,2,3,1,1,1,-16,1,1,1,1,6,6,5,-40,1,4,4,4,4,1,5,4,3,4,1,4,300,340,290,230,280,340,290,230,280,330,2,2,1,1,8,2,4,-1.704315185546875,-0.95545661449432373,0.41580981016159058,0,0,0,0,1,0,0,0,0,1,1,0,0,1,1,0,1,1,1,1,0,0,0,3.9120230674743652,3.9120230674743652,3.9120230674743652,3.9120230674743652,3.9120230674743652
1,2,1,1,0,1,1,0,1,0,0,0,0,1,1,0,0,0,0,0,0,0,30,25,30,30,50,1,1,1,0,1,2e,7,3,0,0.02,41,151,1.2,-1,1,1,1,1,1,1,1,1,2,2,479,1,1,21,3,5,-25,1,2,6,4,12,9,7,3,8,5,2,2,4,-4,3,2,2,3,2,5,6,-16,2,3,4,3,2,2,3,2,2,2,2,1,300,270,295,325,355,270,295,325,355,305,2,2,1,1,9,2,2,-0.70279574394226074,-0.63307857513427734,-0.63820791244506836,0,0,0,0,1,0,0,0,1,0,0,0,1,0,0,1,0,1,0,1,0,0,0,3.4011974334716797,3.2188758850097656,3.4011974334716797,3.4011974334716797,3.9120230674743652
1,1,1,0,0,1,0,0,1,0,0,0,0,0,1,0,1,0,0,0,0,0,20,20,10,20,30,1,1,1,1,1,6d,7,3,0,0.02,73,37,1.2,-7,1,1,1,1,1,1,2,2,2,2,479,2,2,21,20,4,-33,1,7,5,4,9,8,3,12,6,2,4,4,4,-9,5,4,5,4,6,5,5,-16,3,3,2,2,3,2,3,2,2,2,3,3,300,280,260,270,250,280,260,270,250,280,2,1,1,1,7,2,1,0.72871506214141846,1.012020468711853,-0.29558479785919189,0,0,0,0,1,1,0,0,1,1,0,1,0,1,0,1,0,0,0,1,2,0,0,2.995732307434082,2.995732307434082,2.3025851249694824,2.995732307434082,3.4011974334716797
1,2,0,0,0,1,0,0,1,0,0,0,1,0,1,0,1,0,0,0,0,0,10,10,10,10,10,1,1,1,1,1,7d,8,2,0,0.02,39,21,1.8,-15,1,1,1,1,1,2,2,2,2,2,466,2,6,28,15,5,-78,2,1,12,4,5,6,7,3,8,9,4,3,1,-32,2,1,1,1,5,6,6,-34,3,4,4,3,5,2,1,1,2,1,1,1,300,310,300,310,300,310,300,310,300,310,3,3,3,1,6,2,2,0.060152526944875717,-1.0568215847015381,-0.74386024475097656,1,0,0,0,0,0,0,0,0,1,0,1,0,1,0,1,0,0,0,0,0,0,0,2.3025851249694824,2.3025851249694824,2.3025851249694824,2.3025851249694824,2.3025851249694824
1,1,0,1,0,0,1,0,1,0,0,0,1,1,1,1,0,1,0,0,0,0,45,30,15,15,15,0,0,0,1,1,1c,5,5,0,0.02,72,50,0,-4,1,1,1,1,1,2,2,2,2,2,479,2,1,19,-61,2,-90,1,2,3,4,8,6,9,12,5,7,4,2,1,-52,5,3,3,6,6,6,6,-82,4,4,2,3,4,3,4,4,3,4,3,4,300,245,215,200,215,245,215,200,215,200,3,1,1,1,6,2,1,-0.32264599204063416,0.76935386657714844,1.0058357715606689,1,1,1,1,0,0,0,0,1,1,1,0,1,0,1,0,1,0,0,0,1,1,1,3.8066625595092773,3.4011974334716797,2.7080502510070801,2.7080502510070801,2.7080502510070801
2,2,1,1,1,0,0,0,1,0,0,0,0,1,0,1,1,1,1,1,1,0,40,50,50,50,50,0,1,0,0,1,4d,8,2,0,0.02,107,24,1.8,0,1,1,1,1,1,2,2,2,2,2,479,1,1,18,24,4,-26,1,9,6,5,12,3,4,8,7,2,4,4,4,-2,3,2,2,3,5,6,7,-17,2,3,4,2,4,3,3,3,4,4,3,2,300,330,370,410,350,330,370,410,350,400,2,2,2,1,6,2,4,0.72871506214141846,-0.44417905807495117,0.49157014489173889,0,0,0,0,1,0,0,0,0,0,0,1,0,0,1,1,1,1,0,1,0,0,0,3.6888794898986816,3.9120230674743652,3.9120230674743652,3.9120230674743652,3.9120230674743652
1,2,0,1,0,1,1,0,1,0,0,0,1,1,1,0,0,0,0,0,0,0,20,60,70,40,150,1,1,1,0,1,3d,8,2,0,0.02,40,107,1.8,-1,1,1,1,2,2,2,2,2,2,2,479,1,1,19,-9,5,-120,7,12,8,4,9,2,3,6,5,1,4,5,1,-14,2,6,2,5,7,6,4,-52,5,5,4,3,5,3,2,1,3,2,3,2,300,320,380,450,490,320,380,450,490,340,3,1,1,1,4,0,2,0.82574951648712158,0.74759131669998169,0.49046745896339417,1,1,1,0,0,0,0,0,0,0,0,0,1,0,0,1,0,1,0,0,1,1,0,2.995732307434082,4.0943446159362793,4.2484951019287109,3.6888794898986816,5.0106353759765625
2,2,1,0,1,0,1,0,1,0,0,0,0,0,0,1,0,0,0,0,0,0,25,25,50,25,25,1,1,1,1,1,2c,10,0,0,0.02,11,132,3,-1,1,2,2,2,2,2,2,2,2,2,479,3,1,18,11,5,-99,7,5,9,4,6,1,3,8,12,2,1,1,1,-15,1,1,1,1,1,7,7,-20,1,5,5,1,5,5,5,5,5,5,5,5,300,275,250,200,225,275,250,200,225,200,2,1,1,1,2,-2,4,-1.704315185546875,-1.8659569025039673,2.06510329246521,0,0,0,0,1,1,1,0,1,1,1,0,1,1,0,1,0,0,0,1,2,2,0,3.2188758850097656,3.2188758850097656,3.9120230674743652,3.2188758850097656,3.2188758850097656
2,1,0,1,1,1,1,0,1,0,0,0,1,1,0,0,0,1,1,1,0,0,10,10,10,10,10,0,0,0,0,0,2d,10,0,0,0.02,51,148,3,-1,1,1,1,1,1,1,1,1,1,1,479,1,1,19,17,5,-84,6,4,3,12,5,2,1,7,8,9,3,3,2,-16,4,5,6,3,5,4,4,-43,2,2,3,2,1,2,3,4,2,2,2,2,300,280,260,260,270,280,260,260,270,280,3,1,1,1,11,2,3,-0.17754970490932465,1.0382639169692993,-0.68937402963638306,1,1,0,0,0,0,0,0,1,1,0,0,0,1,1,0,1,1,1,0,1,0,0,2.3025851249694824,2.3025851249694824,2.3025851249694824,2.3025851249694824,2.3025851249694824
1,2,1,0,0,0,0,0,1,0,0,0,0,0,1,1,1,0,0,0,0,1,50,50,50,50,50,1,1,0,0,0,5c,9,1,0,0.02,99999,99999,2.3999999999999999,99999,1,1,1,1,1,1,1,2,2,2,99999,1,2,23,99999,5,99999,9,2,5,8,7,12,3,6,1,4,5,5,2,99999,3,6,2,6,6,7,5,99999,3,4,4,2,5,3,3,2,2,2,2,3,300,250,200,150,100,250,200,150,100,40,2,1,1,1,8,2,2,1.2539610862731934,0.72091406583786011,-0.0063645499758422375,0,0,0,0,1,1,0,0,1,1,1,1,1,0,0,1,1,1,1,1,2,0,0,3.9120230674743652,3.9120230674743652,3.9120230674743652,3.9120230674743652,3.9120230674743652
2,2,0,1,1,0,1,0,1,0,0,0,1,1,0,1,0,0,0,0,0,0,25,50,25,25,45,1,1,0,1,1,6b,9,1,0,0.02,12,106,2.3999999999999999,1,1,1,1,1,1,2,2,2,2,2,480,2,3,21,20,5,-19,9,2,3,12,7,6,5,8,1,4,2,2,3,-8,3,2,2,2,2,6,6,-9,2,2,3,2,3,3,3,2,2,2,2,2,300,325,375,400,425,325,375,400,425,380,3,1,1,1,6,2,4,-0.79805046319961548,-0.89583241939544678,-0.60993444919586182,1,1,0,0,0,0,0,0,0,0,0,0,1,0,0,1,1,0,0,0,1,0,0,3.2188758850097656,3.9120230674743652,3.2188758850097656,3.2188758850097656,3.8066625595092773
2,2,0,0,1,0,0,0,1,0,0,0,1,0,0,1,1,1,0,0,0,0,30,30,50,60,80,0,0,0,0,0,3f,4,6,0,0.02,104,59,0,-4,1,1,1,1,1,1,1,1,1,1,479,2,4,23,22,2,-90,2,4,8,12,5,7,1,3,6,9,4,4,2,-12,5,5,3,2,2,5,4,-17,2,2,2,1,3,2,3,2,2,1,1,2,300,260,290,340,280,260,290,340,280,200,3,3,1,1,11,2,4,0.53820574283599854,0.093553334474563599,-1.17406165599823,1,0,0,0,0,0,0,0,1,0,0,1,1,1,1,0,1,1,1,0,0,0,0,3.4011974334716797,3.4011974334716797,3.9120230674743652,4.0943446159362793,4.3820266723632812
1,2,1,0,0,0,0,0,1,0,0,0,0,0,1,1,1,0,0,0,0,0,10,10,10,10,10,1,1,1,1,1,4f,8,1,1,0.02,40,63,2.1000000000000001,-2,1,1,1,1,1,1,1,1,2,2,479,2,1,18,7,4,-24,1,4,3,9,12,6,8,7,2,5,1,2,4,-11,3,5,2,2,4,6,6,-25,1,4,3,1,4,1,3,1,2,3,1,1,300,290,280,290,300,290,280,290,300,310,2,1,1,1,9,2,2,-1.0357526540756226,-0.31512701511383057,-0.95981103181838989,0,0,0,0,1,1,0,0,1,1,0,0,0,1,0,1,0,0,0,1,2,0,0,2.3025851249694824,2.3025851249694824,2.3025851249694824,2.3025851249694824,2.3025851249694824
2,1,0,0,1,0,1,0,0,0,1,0,1,1,0,0,0,0,0,0,0,0,10,10,10,20,20,0,1,1,1,1,2d,3,2,5,0.02,0,73,0.29999999999999999,-2,1,1,1,1,1,1,2,2,2,2,479,2,1,21,24,4,-33,5,2,4,9,12,8,6,3,7,1,3,3,3,2,5,5,3,4,4,6,7,-11,4,4,2,4,2,4,4,1,4,4,4,4,300,290,300,290,270,290,300,290,270,250,3,3,1,1,7,2,3,-0.082295022904872894,0.30609351396560669,1.157312273979187,1,1,0,0,0,0,0,0,1,0,1,1,1,0,1,0,0,1,0,0,1,0,0,2.3025851249694824,2.3025851249694824,2.3025851249694824,2.995732307434082,2.995732307434082
2,1,0,0,0,1,0,0,0,0,1,0,1,1,1,1,1,1,0,0,0,0,100,90,50,30,20,0,0,0,0,0,1b,6,4,0,0.02,79,43,0.59999999999999998,-4,2,2,2,2,2,2,2,2,2,2,479,1,2,20,20,4,6,4,2,3,5,6,12,9,8,7,1,1,1,3,-9,1,1,5,1,6,7,7,-7,2,3,4,2,4,2,4,4,4,2,2,2,300,190,100,50,20,190,100,50,20,0,3,3,3,1,1,-2,3,-1.5138058662414551,-0.67318952083587646,0.080475024878978729,1,1,1,1,0,0,0,0,1,1,1,1,1,1,1,1,1,0,1,0,1,1,1,4.6051702499389648,4.499809741973877,3.9120230674743652,3.4011974334716797,2.995732307434082
2,2,1,0,0,0,1,0,0,0,1,0,0,1,1,0,0,0,0,0,0,0,10,10,10,10,10,1,1,1,1,1,7c,8,2,0,0.02,6,10,1.8,-4,1,1,1,1,1,1,2,2,2,2,479,2,6,22,-18,3,-86,3,1,8,7,5,6,12,2,9,4,1,1,2,-31,5,5,2,6,7,7,5,-58,4,4,2,1,5,1,1,2,2,3,4,2,300,290,300,310,300,290,300,310,300,290,2,1,1,1,7,2,4,-1.609060525894165,0.97352743148803711,-0.092586532235145569,0,0,0,0,1,0,0,0,1,0,0,1,1,1,0,0,0,1,0,1,0,0,0,2.3025851249694824,2.3025851249694824,2.3025851249694824,2.3025851249694824,2.3025851249694824
1,2,1,1,1,1,0,0,0,0,1,0,0,0,0,1,1,0,0,0,0,0,20,30,30,20,30,1,1,1,1,1,3a,7,3,0,0.02,20,48,1.2,1,1,1,1,1,1,1,2,2,2,2,480,2,1,20,-46,5,-71,4,1,3,5,8,6,2,12,7,9,4,4,3,-1,5,2,6,1,2,6,3,-27,3,3,1,3,3,1,2,2,2,3,3,3,300,280,250,220,240,280,250,220,240,270,2,2,2,2,7,2,2,0.6334604024887085,0.018820201978087425,-0.26836106181144714,0,0,0,0,1,1,1,0,1,1,1,0,0,1,0,0,0,1,0,1,2,2,0,2.995732307434082,3.4011974334716797,3.4011974334716797,2.995732307434082,3.4011974334716797
1,2,1,1,0,1,0,0,0,0,1,0,0,0,1,1,1,0,0,0,0,0,10,20,40,40,40,1,1,1,1,1,5c,4,6,0,0.02,99999,99999,0,99999,1,1,1,1,1,1,2,2,2,2,99999,2,1,17,99999,4,99999,4,7,5,12,2,1,6,8,3,9,5,5,1,99999,7,7,7,7,7,7,7,99999,1,5,1,1,5,5,5,5,5,5,5,5,300,290,270,310,350,290,270,310,350,390,2,2,1,1,7,2,2,1.1587064266204834,2.1159758567810059,1.8728529214859009,0,0,0,0,1,1,0,0,1,1,0,0,0,1,0,0,0,1,0,1,2,0,0,2.3025851249694824,2.995732307434082,3.6888794898986816,3.6888794898986816,3.6888794898986816
1,1,0,0,0,1,1,0,0,0,1,0,1,1,1,1,0,0,1,0,0,0,60,50,100,100,50,1,1,1,1,1,1c,7,3,0,0.02,12,49,1.2,-2,1,1,1,2,2,2,2,2,2,2,479,2,1,20,-49,5,-114,3,1,12,4,2,6,7,8,5,9,2,4,4,-22,2,2,1,3,6,7,6,-72,3,4,3,3,2,4,4,3,3,3,3,2,300,360,400,500,600,360,400,500,600,550,3,3,3,1,4,0,1,0.062801256775856018,-0.57795578241348267,0.47520753741264343,1,1,1,1,0,0,0,0,0,0,0,0,1,1,0,0,0,1,0,0,1,1,1,4.0943446159362793,3.9120230674743652,4.6051702499389648,4.6051702499389648,3.9120230674743652
1,1,0,0,1,1,1,0,0,0,1,0,1,1,0,1,0,0,0,0,0,0,20,100,100,20,100,0,0,0,1,0,8a,9,1,0,0.02,99999,99999,2.3999999999999999,99999,1,1,1,1,2,2,2,2,2,2,99999,2,2,21,99999,5,99999,5,2,6,8,1,9,12,4,3,7,4,4,4,99999,2,2,2,2,2,6,6,99999,2,2,3,2,4,2,3,4,3,3,2,2,300,280,180,280,300,280,180,280,300,400,3,3,1,1,5,1,1,0.72871506214141846,-1.0142011642456055,-0.16119454801082611,1,1,0,0,0,0,0,0,1,1,0,0,0,0,1,1,1,1,1,0,1,0,0,2.995732307434082,4.6051702499389648,4.6051702499389648,2.995732307434082,4.6051702499389648
2,2,1,0,1,1,0,0,0,0,1,0,0,1,0,1,1,0,0,0,0,0,220,10,10,120,100,0,0,0,0,0,4d,4,1,5,0.02,0,16,0.90000000000000002,-9,1,1,1,1,2,2,2,2,2,2,480,2,1,19,16,3,-10,9,2,3,12,5,7,1,8,4,6,3,3,3,-20,3,5,2,5,4,6,6,-36,3,2,3,3,3,3,2,3,4,4,1,1,300,520,510,520,400,520,510,520,400,300,2,1,1,1,5,1,4,-0.082295022904872894,0.19103533029556274,0.0018215905874967575,0,0,0,0,1,0,0,0,0,1,0,1,1,1,1,1,1,0,1,1,0,0,0,5.3936276435852051,2.3025851249694824,2.3025851249694824,4.7874917984008789,4.6051702499389648
1,1,1,1,0,1,1,0,0,0,1,0,0,0,1,1,0,1,1,1,0,0,20,50,40,40,60,0,0,0,0,0,5e,7,3,0,0.02,99999,99999,1.2,99999,1,1,1,1,1,1,1,1,1,1,99999,2,2,21,99999,5,99999,7,5,9,4,3,6,2,8,1,12,4,4,4,99999,4,3,5,6,6,7,6,99999,3,4,3,5,4,2,4,4,3,3,3,3,300,310,350,300,260,310,350,300,260,320,2,2,1,1,11,2,1,0.72871506214141846,0.83916926383972168,0.78828680515289307,0,0,0,0,1,1,0,0,0,0,1,1,0,1,1,1,1,0,1,1,2,0,0,2.995732307434082,3.9120230674743652,3.6888794898986816,3.6888794898986816,4.0943446159362793
2,1,0,1,1,1,0,0,0,0,1,0,1,0,0,1,1,0,0,0,0,0,15,10,16,10,10,1,1,1,0,1,3e,8,2,0,0.02,62,114,1.8,-6,1,1,1,1,2,2,2,2,2,2,477,2,2,20,22,4,3,6,8,1,12,3,4,7,2,5,9,1,1,3,-8,6,2,5,2,1,5,6,-10,4,4,2,2,4,1,3,1,2,2,1,1,300,315,305,289,279,315,305,289,279,289,3,1,1,1,5,1,3,-1.5138058662414551,-0.14903382956981659,-0.72587549686431885,1,0,0,0,0,0,0,0,0,1,1,1,0,0,0,0,0,0,0,0,0,0,0,2.7080502510070801,2.3025851249694824,2.7725887298583984,2.3025851249694824,2.3025851249694824
2,2,0,1,1,1,0,0,0,0,1,0,1,0,0,1,1,0,0,1,1,1,40,100,70,100,80,1,1,0,1,0,3b,7,3,0,0.02,82,116,1.2,-6,1,1,1,1,1,2,2,2,2,2,479,1,6,28,8,4,-145,9,2,4,7,5,1,12,6,8,3,1,1,3,-7,5,6,3,2,6,6,4,-44,2,3,1,2,3,1,4,2,1,2,3,2,300,340,240,300,390,340,240,300,390,300,3,1,1,1,6,2,4,-1.5138058662414551,0.61197727918624878,-0.77028822898864746,1,0,0,0,0,0,0,0,0,1,0,0,1,0,0,0,1,1,1,0,0,0,0,3.6888794898986816,4.6051702499389648,4.2484951019287109,4.6051702499389648,4.3820266723632812
2,2,1,1,1,1,1,0,0,0,1,0,0,0,0,1,0,0,0,0,0,0,30,30,40,60,60,1,1,1,1,0,2c,7,3,0,0.02,36,144,1.2,-5,1,1,1,1,1,1,1,1,2,2,479,2,3,21,16,5,-5,3,2,12,5,6,9,8,7,4,1,2,2,2,-7,3,6,3,5,6,5,5,-16,3,3,3,2,4,2,3,3,4,4,3,3,300,270,240,200,260,270,240,200,260,320,2,2,2,2,9,2,4,-0.89330512285232544,0.88136804103851318,0.54812228679656982,0,0,0,0,1,1,1,0,1,1,1,0,0,0,0,0,0,1,1,1,2,2,0,3.4011974334716797,3.4011974334716797,3.6888794898986816,4.0943446159362793,4.0943446159362793
2,2,0,0,1,1,1,0,0,0,1,0,1,1,0,1,0,1,0,0,0,0,20,35,50,100,185,0,0,0,0,1,6b,8,2,0,0.02,9,73,1.8,-15,1,1,1,1,1,1,2,2,2,2,480,2,2,20,19,5,-19,1,12,9,8,4,6,3,5,7,2,4,4,4,-5,5,2,1,2,5,7,7,-27,4,5,5,2,4,4,4,2,3,4,4,3,300,270,235,285,185,270,235,285,185,0,3,3,1,1,7,2,4,0.72871506214141846,-0.61130398511886597,1.1430162191390991,1,1,0,0,0,0,0,0,1,1,0,1,1,0,1,1,1,0,0,0,1,0,0,2.995732307434082,3.5553481578826904,3.9120230674743652,4.6051702499389648,5.2203559875488281
1,2,0,1,1,1,1,0,0,0,1,0,1,0,0,1,0,0,0,0,0,0,50,100,100,50,10,0,0,1,1,1,8b,6,4,0,0.02,88,82,0.59999999999999998,-7,1,1,1,1,1,2,2,2,2,2,479,1,4,24,16,5,-63,5,12,2,9,3,6,7,8,4,1,2,4,2,-18,1,1,1,1,2,7,7,-28,2,4,4,2,3,2,4,2,3,4,2,3,300,250,350,250,300,250,350,250,300,290,3,1,1,1,6,2,2,-0.12770810723304749,-1.7402902841567993,0.17652037739753723,1,0,0,0,0,0,0,0,1,0,1,0,1,0,1,1,0,1,0,0,0,0,0,3.9120230674743652,4.6051702499389648,4.6051702499389648,3.9120230674743652,2.3025851249694824
1,2,0,1,0,1,0,0,0,0,1,0,1,0,1,1,1,0,0,0,0,0,50,25,50,25,100,0,0,1,1,0,8d,10,0,0,0.02,21,145,3,1,1,1,1,1,1,1,1,1,2,2,479,2,1,17,13,5,-11,12,1,5,3,8,2,7,6,4,9,4,4,5,-9,4,3,2,4,4,5,3,-19,3,4,2,4,5,1,5,3,4,4,4,3,300,250,275,325,350,250,275,325,350,250,3,1,1,1,9,2,2,0.82396978139877319,0.29733631014823914,1.0592799186706543,1,0,0,0,0,0,0,0,1,0,0,0,1,0,1,1,0,1,1,0,0,0,0,3.9120230674743652,3.2188758850097656,3.9120230674743652,3.2188758850097656,4.6051702499389648
1,1,1,0,0,1,1,0,0,0,1,0,0,1,1,1,0,1,0,1,0,1,10,11,15,10,10,0,0,1,0,0,7b,9,1,0,0.02,112,134,2.3999999999999999,-2,1,1,1,1,1,1,1,2,2,2,479,1,2,24,17,4,-98,3,2,8,9,6,5,7,1,12,4,4,3,5,-21,5,4,2,1,4,5,5,-24,2,1,4,4,4,2,5,2,3,1,4,3,300,300,289,294,284,300,289,294,284,284,2,1,1,1,8,2,1,0.44117125868797302,-0.16880080103874207,0.075604707002639771,0,0,0,0,1,0,0,0,0,1,0,1,0,0,1,1,0,0,1,1,0,0,0,2.3025851249694824,2.397895336151123,2.7080502510070801,2.3025851249694824,2.3025851249694824
2,2,1,0,0,1,0,0,0,0,1,0,0,1,1,1,1,0,0,0,0,1,50,60,100,100,50,1,1,1,1,0,1a,7,3,0,0.02,85,2,1.2,-6,1,1,1,1,1,1,1,2,2,2,477,1,1,19,11,4,-40,3,2,1,5,8,6,4,7,9,12,3,5,4,-5,6,3,3,2,5,5,7,-11,2,3,4,2,3,2,2,1,2,1,1,5,300,250,310,410,510,250,310,410,510,450,2,1,1,1,8,2,4,0.77855664491653442,0.087138853967189789,-0.71276211738586426,0,0,0,0,1,0,0,0,1,0,0,0,1,0,0,0,0,1,1,1,0,0,0,3.9120230674743652,4.0943446159362793,4.6051702499389648,4.6051702499389648,3.9120230674743652
2,2,0,1,1,1,1,0,0,0,1,0,1,0,0,1,0,0,0,0,0,0,50,100,150,80,180,1,1,1,1,1,5b,10,0,0,0.02,99999,99999,3,99999,1,1,1,1,1,2,2,2,2,2,99999,1,2,22,99999,5,99999,3,1,5,4,12,6,7,8,9,2,4,4,5,99999,4,5,2,2,2,6,5,99999,3,4,3,3,4,2,4,3,3,4,2,3,300,350,250,100,180,350,250,100,180,0,3,1,1,1,6,2,4,0.82396978139877319,-0.3540242612361908,0.49294492602348328,1,0,0,0,0,0,0,0,0,1,1,0,1,1,0,0,0,1,0,0,0,0,0,3.9120230674743652,4.6051702499389648,5.0106353759765625,4.3820266723632812,5.1929569244384766
1,2,1,0,0,0,1,0,0,0,1,0,0,1,1,0,0,0,0,0,0,0,100,140,20,20,20,1,0,0,1,0,2e,9,1,0,0.02,136,184,2.3999999999999999,-26,1,1,1,1,1,1,1,2,2,2,479,2,4,22,25,5,-11,2,12,9,4,1,6,7,8,5,3,2,4,1,-1,2,2,2,3,1,5,6,-12,4,4,4,3,4,5,4,4,4,4,5,3,300,200,60,40,20,200,60,40,20,40,2,1,1,1,8,2,2,-0.22296278178691864,-0.87711387872695923,1.6990941762924194,0,0,0,0,1,0,0,0,1,1,1,1,0,0,0,1,1,1,1,1,0,0,0,4.6051702499389648,4.9416422843933105,2.995732307434082,2.995732307434082,2.995732307434082
1,1,0,0,0,0,0,0,0,0,1,0,1,1,1,0,1,1,0,0,0,0,20,20,30,50,20,0,0,1,1,1,2f,0,0,10,0.02,0,0,0,-6,1,1,1,1,1,1,2,2,2,2,478,1,1,20,16,4,-6,1,6,3,4,9,12,7,8,5,2,3,3,2,-9,4,4,3,3,5,6,5,-28,1,2,3,2,3,1,2,4,4,3,2,1,300,270,250,280,230,270,250,280,230,250,3,3,3,3,7,2,1,-0.17754970490932465,0.22301410138607025,-0.44733673334121704,1,1,1,0,0,0,0,0,1,1,0,1,0,0,1,1,0,1,0,0,1,1,0,2.995732307434082,2.995732307434082,3.4011974334716797,3.9120230674743652,2.995732307434082
2,2,0,1,1,1,0,0,0,0,1,0,1,0,0,1,1,0,0,0,0,0,50,50,50,150,50,1,1,1,1,1,3f,8,2,0,0.02,62,150,1.8,-2,1,1,1,1,1,1,2,2,2,2,478,1,3,20,23,5,8,4,9,8,5,12,6,3,7,2,1,2,2,4,-3,2,2,1,1,2,6,6,-8,3,3,4,4,4,2,4,2,2,2,2,2,300,350,300,250,400,350,300,250,400,450,3,1,1,1,7,2,4,-0.70279574394226074,-1.3240305185317993,-0.11661142855882645,1,0,0,0,0,0,0,0,0,1,1,0,0,1,0,0,0,1,0,0,0,0,0,3.9120230674743652,3.9120230674743652,3.9120230674743652,5.0106353759765625,3.9120230674743652
2,1,0,1,0,0,0,0,0,0,1,0,1,0,1,0,1,0,0,0,0,0,150,150,200,300,150,1,1,1,1,1,7a,8,1,1,0.02,8,32,2.1000000000000001,-3,1,2,2,2,2,2,2,2,2,2,478,1,3,22,26,5,-41,7,9,6,4,8,1,3,2,5,12,4,4,4,-1,3,1,2,1,1,6,7,-15,3,3,3,4,2,3,4,3,1,2,1,1,300,450,300,500,200,450,300,500,200,350,3,1,1,1,2,-2,3,0.72871506214141846,-1.3940776586532593,-0.54212802648544312,1,0,0,0,0,0,0,0,0,1,0,1,0,1,0,0,0,1,0,0,0,0,0,5.0106353759765625,5.0106353759765625,5.2983174324035645,5.7037825584411621,5.0106353759765625
2,1,0,1,1,1,0,0,0,0,1,0,1,0,0,1,1,1,1,1,1,1,50,70,50,30,50,0,0,0,1,0,5d,9,1,0,0.02,99999,99999,2.3999999999999999,99999,1,1,1,1,1,2,2,2,2,2,99999,2,2,20,99999,5,99999,12,2,6,3,5,9,7,8,4,1,1,1,4,99999,2,2,3,5,3,6,6,99999,3,2,4,2,2,1,1,1,2,4,4,2,300,240,300,340,360,240,300,340,360,300,3,1,1,1,6,2,3,-1.4185512065887451,-0.24126364290714264,-0.34856033325195312,1,0,0,0,0,0,0,0,1,0,0,0,1,0,1,1,1,1,1,0,0,0,0,3.9120230674743652,4.2484951019287109,3.9120230674743652,3.4011974334716797,3.9120230674743652
1,1,0,1,0,1,1,0,0,0,1,0,1,0,1,1,0,0,0,0,0,0,20,50,30,50,50,0,0,0,1,0,3c,9,1,0,0.02,20,20,2.3999999999999999,-12,1,1,1,1,2,2,2,2,2,2,477,2,1,21,13,4,-103,1,9,3,4,12,5,6,8,7,2,5,3,5,-15,5,5,1,5,5,7,7,-89,5,5,5,3,5,2,4,1,5,4,3,4,300,280,330,300,350,280,330,300,350,400,3,1,1,1,5,1,1,0.77412813901901245,0.2242305725812912,1.4166662693023682,1,0,0,0,0,0,0,0,1,0,1,0,0,0,1,1,1,1,1,0,0,0,0,2.995732307434082,3.9120230674743652,3.4011974334716797,3.9120230674743652,3.9120230674743652
1,2,0,0,0,0,1,0,0,0,1,0,1,1,1,0,0,0,0,0,1,1,20,30,10,100,120,1,1,0,0,1,3d,8,2,0,0.02,106,89,1.8,-5,1,2,2,2,2,2,2,2,2,2,479,1,4,28,20,5,-36,6,2,7,4,12,1,3,9,5,8,2,4,2,-28,3,3,3,2,2,6,5,-39,3,3,4,3,4,2,3,2,4,4,4,4,300,320,350,340,430,320,350,340,430,300,3,3,3,3,2,-2,2,-0.12770810723304749,-0.55086588859558105,0.87483292818069458,1,1,1,0,0,0,0,0,0,0,1,0,1,0,0,0,1,0,0,0,1,1,0,2.995732307434082,3.4011974334716797,2.3025851249694824,4.6051702499389648,4.7874917984008789
2,2,0,1,1,0,0,0,0,0,1,0,1,0,0,0,1,1,0,0,0,0,20,60,60,75,225,0,1,1,0,0,8c,10,0,0,0.02,11,63,3,-1,1,1,1,1,2,2,2,2,2,2,479,2,1,18,16,5,-15,1,12,2,7,5,6,9,8,4,3,1,1,4,-3,4,5,5,6,6,6,7,-12,3,4,2,2,4,2,3,3,3,3,2,3,300,270,210,150,225,270,210,150,225,0,3,1,1,1,5,1,4,-1.4185512065887451,1.0587166547775269,0.12512902915477753,1,0,0,0,0,0,0,0,1,1,1,0,1,0,1,0,0,0,1,0,0,0,0,2.995732307434082,4.0943446159362793,4.0943446159362793,4.3174881935119629,5.4161005020141602
1,2,0,1,0,0,0,0,0,0,1,0,1,0,1,0,1,0,0,0,0,0,20,30,60,60,50,1,0,0,0,0,7d,7,2,1,0.02,21,6,1.5,-6,1,1,1,1,1,1,2,2,2,2,471,2,6,23,-1,4,-95,6,9,12,4,1,5,7,8,2,3,4,3,5,-27,2,6,1,1,6,6,5,-39,2,2,4,2,4,3,4,2,3,2,1,2,300,320,350,290,350,320,350,290,350,300,3,1,1,1,7,2,2,0.44117125868797302,-0.28813409805297852,-0.40810993313789368,1,0,0,0,0,0,0,0,0,0,1,0,1,0,0,1,1,0,1,0,0,0,0,2.995732307434082,3.4011974334716797,4.0943446159362793,4.0943446159362793,3.9120230674743652
2,1,0,0,0,1,1,0,0,1,0,0,1,1,0,0,0,0,0,0,0,0,25,10,10,10,10,1,1,0,0,1,2d,6,3,1,0.02,91,1,0.90000000000000002,-3,1,1,1,1,1,1,1,1,2,2,479,1,4,24,20,5,-22,1,9,2,8,5,12,3,6,4,7,2,4,2,-3,3,1,3,2,2,6,5,-13,3,3,4,2,3,2,4,3,1,2,2,1,300,325,335,345,355,325,335,345,355,345,3,3,3,1,9,2,3,-0.12770810723304749,-0.77044737339019775,-0.58386892080307007,1,1,0,0,0,0,0,0,0,0,0,0,1,0,0,0,0,1,0,0,1,0,0,3.2188758850097656,2.3025851249694824,2.3025851249694824,2.3025851249694824,2.3025851249694824
2,2,0,1,0,0,1,0,0,1,0,0,1,0,0,1,0,0,0,0,0,0,30,70,120,120,50,1,1,1,1,1,5b,7,3,0,0.02,99999,99999,1.2,0,1,1,1,1,2,2,2,2,2,2,0,2,2,20,99999,5,99999,12,2,7,1,4,9,3,8,5,6,4,4,4,99999,4,4,4,5,3,4,4,99999,3,3,3,3,3,3,3,3,3,3,3,3,300,330,260,140,260,330,260,140,260,210,3,1,1,1,5,1,4,0.72871506214141846,0.73236441612243652,0.36903110146522522,1,0,0,0,0,0,0,0,0,1,1,0,1,1,0,0,1,0,0,0,0,0,0,3.4011974334716797,4.2484951019287109,4.7874917984008789,4.7874917984008789,3.9120230674743652
2,2,0,1,0,0,0,0,0,1,0,0,1,0,0,1,1,0,0,0,0,0,100,200,160,20,60,1,1,1,1,1,3f,8,2,0,0.02,51,118,1.8,-11,1,1,1,1,2,2,2,2,2,2,479,1,3,21,22,5,-81,6,2,3,8,5,12,4,1,7,9,1,1,4,-10,7,7,1,4,4,7,5,-13,3,3,3,4,3,3,2,3,3,3,3,3,300,400,200,40,60,400,200,40,60,120,3,1,1,1,5,1,4,-1.4185512065887451,0.57429653406143188,0.40387856960296631,1,0,0,0,0,0,0,0,0,1,1,0,0,1,0,0,1,0,0,0,0,0,0,4.6051702499389648,5.2983174324035645,5.0751738548278809,2.995732307434082,4.0943446159362793
2,2,1,0,1,0,0,0,0,1,0,0,0,1,1,1,1,1,1,0,0,0,70,90,100,100,60,0,0,0,0,0,1a,7,3,0,0.02,4,96,1.2,-4,2,2,2,2,2,2,2,2,2,2,479,1,1,21,13,4,-19,2,9,5,1,3,12,6,7,8,4,5,5,5,2,6,7,7,2,1,7,7,-22,4,1,1,1,3,1,5,5,5,4,1,2,300,360,260,160,60,360,260,160,60,0,2,1,1,1,1,-2,4,1.5397251844406128,0.40000385046005249,0.13702452182769775,0,0,0,0,1,0,0,0,0,1,1,1,1,1,1,1,0,1,1,1,0,0,0,4.2484951019287109,4.499809741973877,4.6051702499389648,4.6051702499389648,4.0943446159362793
1,2,1,0,1,0,1,0,0,1,0,0,0,1,1,1,0,0,0,0,0,0,50,40,50,55,45,0,1,1,0,1,6e,4,1,5,0.02,0,110,0.90000000000000002,-8,1,1,1,1,1,1,1,2,2,2,473,2,4,28,15,4,-50,8,12,3,5,4,6,9,2,7,1,2,2,4,-27,5,3,3,5,3,7,2,-36,2,1,2,3,2,2,3,3,3,3,1,1,300,350,390,440,385,350,390,440,385,340,2,1,1,1,8,2,2,-0.70279574394226074,0.50586891174316406,-0.68927091360092163,0,0,0,0,1,0,0,0,0,0,0,1,1,0,1,0,1,1,0,1,0,0,0,3.9120230674743652,3.6888794898986816,3.9120230674743652,4.0073332786560059,3.8066625595092773
2,1,1,1,1,1,1,0,0,1,0,0,0,0,1,0,0,0,0,0,1,1,10,10,10,20,10,1,1,1,0,0,4e,8,1,1,0.02,8,8,2.1000000000000001,-2,1,1,1,1,1,1,1,1,1,2,479,2,1,19,13,4,-59,1,2,8,3,7,4,6,12,9,5,2,1,1,-13,4,3,5,2,5,6,6,-25,3,2,4,3,4,1,4,2,1,3,2,2,300,290,280,290,300,290,280,290,300,300,2,2,2,2,10,2,3,-1.3713582754135132,0.1326526403427124,-0.45374587178230286,0,0,0,0,1,1,0,0,1,1,0,0,0,0,0,0,1,1,1,1,2,0,0,2.3025851249694824,2.3025851249694824,2.3025851249694824,2.995732307434082,2.3025851249694824
1,1,0,1,1,0,1,0,0,1,0,0,1,0,1,1,0,0,0,0,0,0,10,10,10,10,15,0,0,0,0,0,3c,5,5,0,0.02,58,12,0,1,1,1,1,1,1,1,1,2,2,2,479,2,2,19,11,2,-11,1,9,8,12,6,4,7,2,5,3,4,5,3,-2,4,2,4,4,7,7,7,-6,3,2,1,3,3,1,5,5,5,5,5,5,300,290,300,290,280,290,300,290,280,295,3,1,1,1,8,2,1,1.0162589550018311,0.28242775797843933,1.4180469512939453,1,0,0,0,0,0,0,0,1,0,1,1,0,1,1,1,0,1,1,0,0,0,0,2.3025851249694824,2.3025851249694824,2.3025851249694824,2.3025851249694824,2.7080502510070801
2,1,0,0,1,0,0,0,0,1,0,0,1,1,1,1,1,1,1,1,1,1,50,100,80,100,80,0,0,1,0,0,1b,5,5,0,0.02,0,141,0,-9,1,1,1,1,1,2,2,2,2,2,479,1,1,19,18,4,-72,8,9,3,5,6,4,7,1,12,2,3,3,4,-19,2,1,1,3,3,7,3,-46,4,3,1,2,5,1,4,3,2,4,4,2,300,240,130,200,90,240,130,200,90,0,3,3,1,1,6,2,3,0.012959655374288559,-0.78254479169845581,0.29607245326042175,1,1,1,1,0,0,0,0,1,1,0,1,1,0,1,1,1,1,1,0,1,1,1,3.9120230674743652,4.6051702499389648,4.3820266723632812,4.6051702499389648,4.3820266723632812
2,2,1,0,0,0,0,0,0,1,0,0,0,1,0,1,1,0,0,0,0,0,100,100,100,100,200,0,0,0,1,0,4d,8,1,1,0.02,68,5,2.1000000000000001,-4,1,1,1,1,2,2,2,2,2,2,480,1,4,22,18,5,-36,1,3,6,7,9,2,12,4,8,5,4,4,3,-12,1,1,1,1,1,7,7,-8,1,5,5,1,4,1,5,2,5,5,2,4,300,400,300,400,500,400,300,400,500,300,2,1,1,1,5,1,4,0.6334604024887085,-1.8659569025039673,0.74077743291854858,0,0,0,0,1,0,0,0,0,1,0,0,1,0,1,1,0,0,1,1,0,0,0,4.6051702499389648,4.6051702499389648,4.6051702499389648,4.6051702499389648,5.2983174324035645
1,1,0,0,1,1,0,0,0,1,0,0,1,1,1,0,1,0,0,0,0,0,30,27,29,32,94,0,1,1,1,1,2f,7,3,0,0.02,22,117,1.2,-10,1,1,1,1,2,2,2,2,2,2,479,1,1,19,-18,5,-36,1,12,7,8,3,6,4,9,2,5,5,4,5,-21,6,6,7,5,6,5,7,-44,2,2,5,5,5,2,5,5,4,5,5,4,300,270,297,326,294,270,297,326,294,388,3,3,1,1,5,1,1,1.1569266319274902,1.6127744913101196,1.6762721538543701,1,1,1,0,0,0,0,0,1,0,0,1,0,0,1,0,1,0,0,0,1,1,0,3.4011974334716797,3.2958369255065918,3.3672957420349121,3.465735912322998,4.5432949066162109
2,1,0,1,0,0,0,0,0,1,0,0,1,0,0,1,1,0,0,0,0,0,20,20,20,20,60,1,0,1,1,1,5d,10,0,0,0.02,99999,99999,3,99999,1,1,1,1,1,2,2,2,2,2,99999,2,2,18,99999,5,99999,5,4,3,1,8,6,7,2,9,12,5,4,5,99999,5,6,6,6,7,3,3,99999,4,3,4,2,4,2,3,2,2,3,3,4,300,320,340,320,340,320,340,320,340,400,3,1,1,1,6,2,3,1.1569266319274902,2.2120192050933838,0.23178757727146149,1,0,0,0,0,0,0,0,0,0,1,0,0,0,0,1,1,0,0,0,0,0,0,2.995732307434082,2.995732307434082,2.995732307434082,2.995732307434082,4.0943446159362793
1,2,0,0,1,1,0,0,0,1,0,0,1,1,1,0,1,0,0,0,0,0,10,10,10,10,10,1,0,1,1,0,4b,7,3,0,0.02,4,4,1.2,-6,1,1,1,1,1,1,1,2,2,2,476,2,3,21,7,5,-35,3,9,12,5,1,7,4,8,2,6,2,4,2,-72,3,3,1,4,3,6,6,-87,4,5,4,2,5,3,4,2,1,4,3,2,300,310,300,310,300,310,300,310,300,290,3,3,1,1,8,2,2,-0.12770810723304749,-0.46404212713241577,0.45062708854675293,1,1,1,0,0,0,0,0,0,1,0,1,1,0,0,1,1,0,1,0,1,1,0,2.3025851249694824,2.3025851249694824,2.3025851249694824,2.3025851249694824,2.3025851249694824
2,1,0,1,1,1,0,0,0,1,0,0,1,0,1,0,1,0,0,0,0,0,10,10,20,10,30,1,1,1,1,1,7a,2,3,5,0.02,0,27,0,-5,1,1,1,1,1,1,1,1,2,2,479,2,6,25,21,3,-48,7,6,8,4,12,1,9,3,2,5,4,4,4,-16,3,3,2,2,3,5,4,-41,2,2,4,3,4,2,4,2,2,2,1,1,300,310,300,320,310,310,300,320,310,340,3,1,1,1,9,2,3,0.72871506214141846,-0.37820771336555481,-0.69044464826583862,1,0,0,0,0,0,0,0,0,1,0,1,0,1,0,0,1,0,0,0,0,0,0,2.3025851249694824,2.3025851249694824,2.995732307434082,2.3025851249694824,3.4011974334716797
1,2,1,0,1,1,1,0,0,1,0,0,0,1,1,0,0,0,0,0,0,0,90,95,60,35,90,1,0,0,0,1,2e,6,4,0,0.02,62,24,0.59999999999999998,-5,1,1,1,1,1,1,2,2,2,2,479,1,1,19,-50,3,-85,1,2,9,5,7,6,4,12,8,3,4,4,5,-33,4,5,7,3,5,7,6,-63,3,2,1,3,4,5,5,4,4,5,3,5,300,210,115,55,90,210,115,55,90,0,2,1,1,1,7,2,2,0.82396978139877319,0.70913904905319214,1.3545372486114502,0,0,0,0,1,0,0,0,1,1,1,0,1,0,0,1,0,1,0,1,0,0,0,4.499809741973877,4.5538768768310547,4.0943446159362793,3.5553481578826904,4.499809741973877
1,1,1,1,1,0,1,0,0,1,0,0,0,0,1,1,0,1,0,0,1,1,150,250,350,450,250,0,0,1,0,0,5e,5,5,0,0.02,99999,99999,0,99999,1,1,1,1,2,2,2,2,2,2,99999,2,3,21,99999,5,99999,2,3,1,4,9,6,12,8,5,7,3,3,3,99999,2,6,4,5,5,6,6,99999,4,4,2,4,4,3,4,2,2,3,2,1,300,440,690,1040,580,440,690,1040,580,820,2,2,2,1,5,1,1,-0.082295022904872894,0.59034109115600586,0.15295746922492981,0,0,0,0,1,1,0,0,0,0,0,1,0,0,1,1,1,1,1,1,2,0,0,5.0106353759765625,5.521461009979248,5.8579330444335938,6.1092476844787598,5.521461009979248
1,1,1,1,1,1,0,0,0,1,0,0,0,0,1,0,1,1,0,0,0,0,50,60,140,80,50,0,1,1,0,1,6d,5,0,5,0.02,0,133,1.5,-3,1,1,1,1,1,1,2,2,2,2,479,1,4,25,22,5,-26,1,4,6,8,9,12,2,3,5,7,2,4,4,-2,3,3,3,5,4,6,6,-6,3,3,3,3,4,2,4,2,2,3,3,3,300,340,280,420,500,340,280,420,500,550,2,2,2,2,7,2,1,0.062801256775856018,0.11256243288516998,0.14106476306915283,0,0,0,0,1,1,0,0,0,1,0,0,0,0,1,0,1,1,0,1,2,0,0,3.9120230674743652,4.0943446159362793,4.9416422843933105,4.3820266723632812,3.9120230674743652
1,1,1,0,0,1,0,0,0,1,0,0,0,1,0,0,1,0,0,0,0,0,40,50,100,100,200,0,0,0,1,1,2b,9,1,0,0.02,14,113,2.3999999999999999,0,1,1,1,2,2,2,2,2,2,2,478,1,1,23,19,5,-34,1,9,3,8,5,12,7,6,4,2,4,4,4,-2,2,5,1,2,4,6,6,-14,4,3,4,3,4,2,4,3,2,2,1,2,300,340,290,390,290,340,290,390,290,490,2,1,1,1,4,0,1,0.72871506214141846,-0.57460439205169678,-0.18196474015712738,0,0,0,0,1,0,0,0,0,1,0,1,0,0,1,1,0,0,0,1,0,0,0,3.6888794898986816,3.9120230674743652,4.6051702499389648,4.6051702499389648,5.2983174324035645
1,2,1,1,1,0,0,0,0,1,0,0,0,0,1,1,1,1,1,1,0,0,10,15,15,20,30,1,1,1,1,0,4f,9,1,0,0.02,19,138,2.3999999999999999,0,1,1,1,1,1,1,2,2,2,2,479,1,1,20,21,4,-114,7,4,9,1,6,12,5,3,2,8,4,4,2,-20,2,2,1,3,6,5,6,-25,3,2,2,2,4,2,4,2,2,3,3,2,300,280,255,260,280,280,255,260,280,250,2,2,2,1,7,2,2,0.53820574283599854,-0.38988962769508362,-0.21584752202033997,0,0,0,0,1,1,0,0,1,1,0,0,1,0,0,0,1,0,1,1,2,0,0,2.3025851249694824,2.7080502510070801,2.7080502510070801,2.995732307434082,3.4011974334716797
1,2,0,1,1,0,0,0,0,1,0,0,1,0,1,1,1,1,0,0,0,0,10,20,50,50,100,0,0,1,0,0,8d,4,6,0,0.02,117,104,0,-2,1,1,1,1,1,2,2,2,2,2,479,2,3,21,19,3,-3,1,2,3,12,8,5,7,4,6,9,2,2,2,-1,2,4,2,3,5,6,5,-19,2,4,4,2,4,2,2,3,1,1,2,2,300,280,300,350,300,280,300,350,300,200,3,1,1,1,6,2,2,-0.89330512285232544,-0.15483200550079346,-0.70329105854034424,1,0,0,0,0,0,0,0,1,0,0,1,1,0,1,1,1,1,1,0,0,0,0,2.3025851249694824,2.995732307434082,3.9120230674743652,3.9120230674743652,4.6051702499389648
2,2,0,1,0,0,0,0,0,1,0,0,1,0,0,1,1,1,1,0,0,0,40,20,30,20,50,0,0,1,1,0,3b,6,2,2,0.02,60,1,1.2,-4,2,2,2,2,2,2,2,2,2,2,479,2,6,23,8,3,-76,3,9,7,6,12,1,2,5,4,8,1,3,2,-16,5,5,3,3,5,6,6,-35,2,4,2,4,3,2,4,3,4,4,4,4,300,250,260,230,250,250,260,230,250,200,3,1,1,1,1,-2,4,-0.84346354007720947,0.35710644721984863,0.95677649974822998,1,0,0,0,0,0,0,0,1,0,1,0,1,0,1,1,1,0,1,0,0,0,0,3.6888794898986816,2.995732307434082,3.4011974334716797,2.995732307434082,3.9120230674743652
1,2,0,1,1,1,0,0,0,1,0,0,1,0,1,0,1,0,0,0,0,0,100,100,10,10,10,1,1,1,1,1,7d,7,2,1,0.02,88,48,1.5,-20,1,1,1,1,1,1,1,1,1,2,476,2,6,23,20,4,-43,3,2,4,12,5,1,7,6,8,9,2,2,2,-39,6,6,6,6,6,1,6,-41,2,3,4,4,5,4,4,2,2,2,2,2,300,400,300,310,300,400,300,310,300,310,3,1,1,1,10,2,2,-0.89330512285232544,2.1105861663818359,0.060123521834611893,1,0,0,0,0,0,0,0,0,1,0,1,0,1,0,0,1,0,0,0,0,0,0,4.6051702499389648,4.6051702499389648,2.3025851249694824,2.3025851249694824,2.3025851249694824
1,2,1,1,1,0,0,0,0,1,0,0,0,0,1,1,1,0,1,0,0,0,20,50,100,70,50,1,0,1,0,0,5c,8,2,0,0.02,99999,99999,1.8,99999,1,1,1,1,1,1,1,2,2,2,99999,1,2,21,99999,5,99999,5,9,1,8,6,7,3,12,2,4,4,4,2,99999,1,1,1,3,2,7,5,99999,3,4,4,2,1,3,5,4,5,5,2,3,300,280,320,420,350,280,320,420,350,300,2,2,2,1,8,2,2,0.53820574283599854,-1.2147144079208374,0.98603111505508423,0,0,0,0,1,1,0,0,1,0,0,1,1,0,0,1,1,1,1,1,2,0,0,2.995732307434082,3.9120230674743652,4.6051702499389648,4.2484951019287109,3.9120230674743652
2,2,0,0,0,0,1,0,0,1,0,0,1,1,0,1,0,0,0,0,0,0,20,40,100,50,150,1,1,1,1,1,6b,5,5,0,0.02,102,116,0,-1,1,1,1,1,1,1,1,2,2,2,478,1,3,25,22,5,-1,12,5,6,7,9,4,3,8,1,2,3,4,4,2,3,4,4,4,4,5,5,-1,3,2,2,4,3,2,4,4,3,3,4,4,300,320,360,260,310,320,360,260,310,160,3,3,3,3,8,2,4,0.39575815200805664,0.38284122943878174,0.62346518039703369,1,1,0,0,0,0,0,0,0,0,1,0,1,1,0,0,1,0,0,0,1,0,0,2.995732307434082,3.6888794898986816,4.6051702499389648,3.9120230674743652,5.0106353759765625
2,2,1,0,1,1,1,0,0,1,0,0,0,1,1,0,0,0,0,0,1,0,20,15,20,40,10,0,0,0,0,1,7c,4,1,5,0.02,0,11,0.90000000000000002,-9,1,1,1,1,1,1,1,2,2,2,472,2,6,22,3,5,-143,6,4,9,3,5,1,8,2,12,7,4,4,3,-19,3,5,4,5,6,4,3,-72,4,3,2,2,3,3,4,3,3,3,3,3,300,320,305,285,315,320,305,285,315,305,2,1,1,1,8,2,4,0.6334604024887085,1.1948533058166504,0.39557969570159912,0,0,0,0,1,0,0,0,0,1,1,0,1,0,1,1,0,1,0,1,0,0,0,2.995732307434082,2.7080502510070801,2.995732307434082,3.6888794898986816,2.3025851249694824
2,1,0,1,0,0,0,0,0,1,0,0,1,0,0,1,1,0,0,0,0,0,30,50,20,25,50,0,0,1,1,1,3e,0,0,10,0.02,0,0,0,-35,1,1,1,1,1,1,1,1,2,2,478,2,6,24,13,3,-74,2,5,7,12,1,6,4,8,9,3,3,2,3,-18,2,5,2,2,2,6,6,-106,3,3,4,2,4,2,4,3,2,2,2,3,300,270,320,300,325,270,320,300,325,375,3,1,1,1,9,2,3,-0.46509352326393127,-0.68482893705368042,-0.13480345904827118,1,0,0,0,0,0,0,0,1,0,1,0,0,0,1,1,1,0,0,0,0,0,0,3.4011974334716797,3.9120230674743652,2.995732307434082,3.2188758850097656,3.9120230674743652
2,1,1,0,0,1,1,0,0,1,0,0,0,1,0,0,0,0,0,0,0,0,40,40,35,35,20,1,1,1,0,1,2a,8,2,0,0.02,86,60,1.8,0,1,1,1,1,1,1,1,2,2,2,479,1,1,18,14,5,-18,8,12,3,9,4,5,2,7,6,1,3,4,4,-5,6,1,2,5,5,7,4,-18,3,4,3,5,2,2,5,1,2,1,2,5,300,260,300,265,300,260,300,265,300,280,2,1,1,1,8,2,3,0.39575815200805664,0.3267463743686676,0.049501311033964157,0,0,0,0,1,0,0,0,1,0,1,0,1,0,0,0,1,1,0,1,0,0,0,3.6888794898986816,3.6888794898986816,3.5553481578826904,3.5553481578826904,2.995732307434082
2,1,0,1,0,1,1,0,0,1,0,0,1,0,0,0,0,1,0,0,0,0,25,30,30,30,10,0,0,1,0,0,6a,5,5,0,0.02,115,145,0,-5,1,1,1,1,1,1,1,1,2,2,479,2,2,21,21,4,-25,1,9,4,8,5,6,2,12,3,7,4,4,4,-12,3,1,2,2,5,6,3,-35,5,4,3,3,4,3,4,2,3,3,4,2,300,265,295,265,295,265,295,265,295,305,3,1,1,1,9,2,3,0.72871506214141846,-0.3464219868183136,0.79518318176269531,1,0,0,0,0,0,0,0,1,0,1,0,0,0,1,1,1,1,1,0,0,0,0,3.2188758850097656,3.4011974334716797,3.4011974334716797,3.4011974334716797,2.3025851249694824
1,2,1,1,0,1,0,0,0,1,0,0,0,0,0,0,1,0,0,0,0,0,60,60,100,200,200,1,0,0,0,0,6c,7,3,0,0.02,53,4,1.2,-17,1,1,1,1,1,2,2,2,2,2,478,1,3,23,14,5,7,3,8,9,7,5,6,2,4,1,12,3,3,3,-4,3,3,3,2,2,7,7,-8,3,1,4,4,4,1,3,2,2,3,2,1,300,240,300,400,600,240,300,400,600,400,2,2,1,1,6,2,2,-0.082295022904872894,-0.83303326368331909,-0.45244747400283813,0,0,0,0,1,1,1,1,1,0,0,0,1,0,0,1,0,1,1,1,2,2,2,4.0943446159362793,4.0943446159362793,4.6051702499389648,5.2983174324035645,5.2983174324035645
1,1,1,0,0,0,1,0,0,1,0,0,0,1,0,1,0,0,0,0,0,0,20,30,40,40,50,1,1,1,1,1,5a,9,1,0,0.02,99999,99999,2.3999999999999999,99999,1,1,1,1,1,2,2,2,2,2,99999,2,2,21,99999,4,99999,1,8,2,5,9,6,4,12,3,7,4,2,2,99999,5,5,3,5,6,4,3,99999,4,2,4,3,4,4,4,2,3,2,2,3,300,280,310,270,310,280,310,270,310,260,2,1,1,1,6,2,1,-0.22739130258560181,1.2904821634292603,0.28158923983573914,0,0,0,0,1,0,0,0,1,0,1,0,1,1,0,0,1,0,0,1,0,0,0,2.995732307434082,3.4011974334716797,3.6888794898986816,3.6888794898986816,3.9120230674743652
1,1,0,0,1,0,1,0,0,1,0,0,1,1,1,1,0,0,0,0,0,0,10,15,15,20,220,0,0,0,1,1,1c,5,5,0,0.02,66,150,0,-5,1,1,1,1,2,2,2,2,2,2,479,1,1,21,21,5,-84,5,1,3,4,12,7,9,8,6,2,3,3,1,-21,3,5,3,5,5,5,5,-12,3,5,4,5,5,2,2,1,5,5,4,1,300,290,275,260,280,290,275,260,280,60,3,3,1,1,5,1,1,-0.2728043794631958,0.64591073989868164,1.2125167846679688,1,1,1,1,0,0,0,0,1,1,1,0,1,0,1,1,0,0,0,0,1,1,1,2.3025851249694824,2.7080502510070801,2.7080502510070801,2.995732307434082,5.3936276435852051
1,1,1,0,0,1,1,0,1,0,0,1,0,0,1,0,1,1,0,0,0,0,50,100,200,200,340,0,0,1,0,1,6d,5,0,5,0.02,0,101,1.5,-10,1,1,1,1,2,2,2,2,2,2,469,1,1,19,18,5,-42,2,4,7,1,5,6,9,8,12,3,2,5,2,-23,2,3,1,5,6,7,6,-45,1,3,4,2,4,1,3,2,2,1,1,2,300,340,440,640,840,340,440,640,840,1180,2,1,1,1,5,1,1,0.25509041547775269,-0.13072346150875092,-1.0222278833389282,0,0,0,0,1,1,0,0,0,0,0,0,0,0,1,0,0,1,1,1,2,0,0,3.9120230674743652,4.6051702499389648,5.2983174324035645,5.2983174324035645,5.8289456367492676
2,1,0,0,1,1,0,0,1,0,0,1,1,0,0,0,0,0,0,0,0,0,10,10,10,10,10,0,0,1,1,0,6a,6,4,0,0.02,7,13,0.59999999999999998,-7,1,1,1,1,1,1,1,1,1,2,479,2,3,21,9,4,-120,12,1,2,3,9,4,7,5,6,8,3,3,2,-22,6,2,3,6,6,6,6,-84,3,4,3,2,4,2,4,3,3,3,3,2,300,290,300,290,280,290,300,290,280,290,3,3,1,1,10,2,3,-0.17754970490932465,0.77793186902999878,0.29277393221855164,1,0,0,0,0,0,0,0,1,0,1,1,0,0,1,0,0,0,0,0,0,0,0,2.3025851249694824,2.3025851249694824,2.3025851249694824,2.3025851249694824,2.3025851249694824
2,2,0,1,1,0,0,0,1,0,0,1,1,1,0,1,0,0,0,0,0,0,50,100,200,200,200,1,1,1,1,1,6b,7,3,0,0.02,64,106,1.2,0,1,1,1,2,2,2,2,2,2,2,480,2,3,22,20,5,-38,8,3,2,4,1,6,7,12,5,9,3,4,5,-22,4,3,2,2,5,7,6,-47,2,3,3,4,3,1,3,2,2,3,2,4,300,350,450,250,450,350,450,250,450,250,3,1,1,1,4,0,4,0.49101284146308899,-0.38470625877380371,-0.16274884343147278,1,1,0,0,0,0,0,0,0,0,1,0,1,1,0,1,0,0,1,0,1,0,0,3.9120230674743652,4.6051702499389648,5.2983174324035645,5.2983174324035645,5.2983174324035645
1,2,0,0,0,0,1,0,1,0,0,1,1,0,1,1,1,1,0,0,0,0,50,10,25,25,50,0,1,1,0,1,8d,7,3,0,0.02,80,15,1.2,-17,1,1,1,1,1,2,2,2,2,2,477,2,1,20,10,4,-84,1,6,2,4,7,9,8,12,5,3,2,2,5,-10,5,1,1,3,5,5,7,-18,2,2,2,2,4,1,2,1,1,2,2,2,300,240,230,255,230,240,230,255,230,280,3,3,3,3,6,2,2,-0.60754108428955078,-0.36430782079696655,-1.1304303407669067,1,0,0,0,0,0,0,0,1,1,0,1,0,0,1,1,0,1,1,0,0,0,0,3.9120230674743652,2.3025851249694824,3.2188758850097656,3.2188758850097656,3.9120230674743652
1,2,1,1,0,1,0,0,1,0,0,1,0,1,1,0,0,0,0,0,0,0,50,50,50,100,350,1,1,0,0,1,2e,3,2,5,0.02,0,76,0.29999999999999999,-4,1,1,1,1,2,2,2,2,2,2,479,1,2,22,7,5,-27,7,4,3,12,8,6,1,2,9,5,2,2,4,-13,1,1,1,1,3,7,7,-23,5,5,5,4,3,2,5,5,4,5,3,3,300,250,300,250,350,250,300,250,350,0,2,2,1,1,5,1,2,-0.70279574394226074,-1.6146236658096313,1.6561720371246338,0,0,0,0,1,0,0,0,1,0,1,0,1,0,0,1,1,1,1,1,0,0,0,3.9120230674743652,3.9120230674743652,3.9120230674743652,4.6051702499389648,5.8579330444335938
2,1,0,1,1,1,0,0,1,0,0,1,1,1,0,0,0,1,1,1,1,1,50,50,50,50,50,0,1,0,0,1,2d,7,2,1,0.02,19,40,1.5,-6,1,1,2,2,2,2,2,2,2,2,479,2,6,24,1,5,-65,1,2,8,12,4,7,3,5,6,9,3,3,2,-44,2,2,2,2,5,4,2,-55,2,1,2,1,1,1,1,1,1,1,1,1,300,240,280,320,360,240,280,320,360,300,3,1,1,1,3,-1,3,-0.17754970490932465,-0.07286670058965683,-2.0183181762695312,1,1,0,0,0,0,0,0,1,0,0,0,1,0,1,1,1,1,1,0,1,0,0,3.9120230674743652,3.9120230674743652,3.9120230674743652,3.9120230674743652,3.9120230674743652
2,2,1,0,1,0,0,0,1,0,0,1,0,0,0,1,0,1,1,1,1,1,10,10,10,10,20,0,1,0,1,0,2c,5,0,5,0.02,49,0,1.5,-4,1,1,1,1,1,1,1,1,1,2,479,2,1,19,6,5,-116,12,3,5,9,7,6,1,8,4,2,2,5,3,-19,4,3,2,6,6,7,5,-37,5,3,2,5,3,3,4,3,4,5,4,2,300,300,280,280,280,300,280,280,280,290,2,1,1,1,10,2,4,0.35034507513046265,0.50991058349609375,1.3357474803924561,0,0,0,0,1,1,1,0,0,1,0,0,0,0,1,1,1,0,0,1,2,2,0,2.3025851249694824,2.3025851249694824,2.3025851249694824,2.3025851249694824,2.995732307434082
1,2,0,1,0,0,1,0,1,0,0,1,1,1,1,1,1,0,0,0,0,0,15,10,12,17,22,0,1,1,1,1,4c,1,0,9,0.02,44,25,0.29999999999999999,-25,1,1,1,1,1,1,1,1,1,1,478,2,1,19,13,5,-43,6,2,3,8,9,5,7,4,12,1,2,4,5,-44,5,2,2,2,2,6,6,-38,1,1,1,3,2,1,4,2,1,1,1,4,300,285,295,307,324,285,295,307,324,346,3,1,1,1,11,2,2,0.15805593132972717,-0.65909487009048462,-1.3028812408447266,1,1,1,1,0,0,0,0,1,0,0,0,0,0,1,1,0,0,1,0,1,1,1,2.7080502510070801,2.3025851249694824,2.4849066734313965,2.8332133293151855,3.0910425186157227
1,1,1,1,0,0,0,0,1,0,0,1,0,1,1,1,0,0,0,0,0,0,50,100,50,150,150,0,1,0,0,0,4a,8,1,1,0.02,110,97,2.1000000000000001,-7,1,1,1,1,1,1,1,2,2,2,473,1,1,19,-2,5,-127,2,5,6,4,9,3,7,8,12,1,5,5,3,-19,5,5,7,6,6,5,6,-25,4,3,4,5,5,3,2,4,3,5,4,4,300,350,450,400,250,350,450,400,250,400,2,2,1,1,8,2,1,1.3492158651351929,1.6474028825759888,1.4428606033325195,0,0,0,0,1,0,0,0,0,0,1,1,0,0,1,1,1,1,0,1,0,0,0,3.9120230674743652,4.6051702499389648,3.9120230674743652,5.0106353759765625,5.0106353759765625
2,2,1,1,0,0,1,0,1,0,0,1,0,1,1,1,1,0,0,0,0,0,30,30,60,50,110,0,0,1,0,0,1a,7,3,0,0.02,7,29,1.2,1,1,1,1,1,1,1,1,2,2,2,479,2,2,21,21,5,-10,9,5,6,4,2,1,12,7,3,8,3,3,3,-12,5,3,6,1,2,6,6,-16,1,1,2,3,1,1,2,1,1,1,1,2,300,330,300,360,310,330,300,360,310,200,2,2,1,1,8,2,4,-0.082295022904872894,-0.15359050035476685,-1.7505654096603394,0,0,0,0,1,0,0,0,0,1,0,1,1,0,1,0,0,1,0,1,0,0,0,3.4011974334716797,3.4011974334716797,4.0943446159362793,3.9120230674743652,4.7004804611206055
2,2,1,1,1,0,1,0,1,0,0,1,0,1,0,1,1,0,0,0,0,0,50,50,50,50,100,1,1,1,1,1,4d,8,0,2,0.02,25,47,2.3999999999999999,-12,1,1,1,1,1,1,1,2,2,2,480,1,4,22,23,5,-40,2,12,1,4,9,6,5,3,7,8,2,2,1,1,1,2,1,2,1,7,6,-14,1,2,3,2,5,1,5,1,1,1,1,1,300,250,300,250,300,250,300,250,300,400,2,2,2,1,8,2,4,-0.9885597825050354,-1.4933781623840332,-1.3277920484542847,0,0,0,0,1,0,0,0,1,0,1,0,0,1,0,1,0,0,1,1,0,0,0,3.9120230674743652,3.9120230674743652,3.9120230674743652,3.9120230674743652,4.6051702499389648
1,2,1,0,1,0,1,0,1,0,0,1,0,0,0,1,1,0,0,0,0,0,20,20,26,25,25,1,0,0,0,0,3a,9,1,0,0.02,58,121,2.3999999999999999,-2,1,1,1,1,1,1,1,1,2,2,480,2,2,20,14,5,-69,8,7,3,4,12,9,6,2,1,5,2,3,1,-16,5,3,2,5,5,3,6,-42,3,3,5,2,4,1,4,1,2,3,2,1,300,280,300,326,301,280,300,326,301,276,2,1,1,1,9,2,2,-0.60576128959655762,0.61595714092254639,-0.42088186740875244,0,0,0,0,1,1,1,0,1,0,0,1,1,0,0,0,1,1,0,1,2,2,0,2.995732307434082,2.995732307434082,3.25809645652771,3.2188758850097656,3.2188758850097656
1,2,1,0,0,0,1,0,1,0,0,1,0,0,1,1,1,1,0,0,0,0,40,10,10,10,10,0,0,0,0,0,5c,7,3,0,0.02,99999,99999,1.2,99999,2,2,2,2,2,2,2,2,2,2,99999,1,4,24,99999,4,99999,3,9,5,4,12,2,1,8,7,6,3,3,3,99999,5,4,2,2,2,6,6,99999,3,3,3,4,2,3,3,3,4,3,3,2,300,330,340,330,320,330,340,330,320,310,2,1,1,1,1,-2,2,-0.082295022904872894,-0.43951338529586792,0.4716620147228241,0,0,0,0,1,1,0,0,0,0,1,1,1,1,1,0,1,1,0,1,2,0,0,3.6888794898986816,2.3025851249694824,2.3025851249694824,2.3025851249694824,2.3025851249694824
1,1,1,0,0,0,0,0,1,0,0,1,0,0,1,1,0,0,0,0,0,0,50,60,20,20,40,1,1,0,1,1,5e,10,0,0,0.02,99999,99999,3,99999,1,1,1,1,1,2,2,2,2,2,99999,2,2,20,99999,5,99999,6,8,1,2,4,3,5,12,9,7,2,2,1,99999,2,1,1,2,1,5,7,99999,2,3,1,1,3,1,3,1,2,1,1,1,300,250,190,170,190,250,190,170,190,150,2,1,1,1,6,2,1,-0.9885597825050354,-1.3908011913299561,-1.4158215522766113,0,0,0,0,1,1,0,0,1,1,1,0,1,0,0,1,1,0,1,1,2,0,0,3.9120230674743652,4.0943446159362793,2.995732307434082,2.995732307434082,3.6888794898986816
2,2,0,0,1,0,0,0,1,0,0,1,1,0,0,1,0,0,0,0,0,0,10,10,10,10,10,1,0,1,0,1,5b,9,1,0,0.02,99999,99999,2.3999999999999999,99999,1,1,1,1,2,2,2,2,2,2,99999,1,3,23,99999,5,99999,3,1,12,4,8,6,7,5,9,2,1,1,2,99999,2,6,1,2,7,4,1,99999,4,5,5,1,4,2,4,2,2,4,2,1,300,310,320,310,300,310,320,310,300,290,3,3,1,1,5,1,4,-1.609060525894165,0.57058799266815186,0.13163380324840546,1,0,0,0,0,0,0,0,0,0,1,1,1,0,0,0,0,1,1,0,0,0,0,2.3025851249694824,2.3025851249694824,2.3025851249694824,2.3025851249694824,2.3025851249694824
1,2,1,0,1,1,1,0,1,0,0,1,0,0,0,0,1,0,0,0,0,0,40,40,50,50,50,1,0,1,0,1,6c,8,1,1,0.02,91,25,2.1000000000000001,-2,1,1,1,1,1,1,2,2,2,2,479,2,2,19,9,5,-14,1,4,3,7,9,6,12,8,2,5,2,4,4,-7,2,2,2,5,5,6,5,-15,2,2,3,1,1,1,1,1,1,2,2,2,300,260,300,250,300,260,300,250,300,350,2,1,1,1,7,2,2,0.062801256775856018,-0.036971956491470337,-1.4595032930374146,0,0,0,0,1,1,1,1,1,0,1,0,0,0,0,0,0,1,1,1,2,2,2,3.6888794898986816,3.6888794898986816,3.9120230674743652,3.9120230674743652,3.9120230674743652
1,2,1,1,0,0,0,0,1,0,0,1,0,1,1,1,0,0,0,0,0,0,150,200,200,150,100,0,1,1,1,0,6e,9,1,0,0.02,82,5,2.3999999999999999,-5,1,1,1,2,2,2,2,2,2,2,479,1,2,21,19,5,-138,7,2,1,5,12,3,6,8,4,9,1,4,4,-33,3,2,2,2,6,5,3,-28,4,4,4,3,2,4,5,3,2,1,4,4,300,450,650,850,1000,450,650,850,1000,1100,2,2,1,1,4,0,2,-0.27015566825866699,-0.016931591555476189,0.5930219292640686,0,0,0,0,1,0,0,0,0,0,0,0,0,0,1,1,0,0,0,1,0,0,0,5.0106353759765625,5.2983174324035645,5.2983174324035645,5.0106353759765625,4.6051702499389648
1,1,0,1,0,0,0,0,1,0,0,1,1,1,1,1,0,1,0,0,0,0,20,15,30,30,50,0,0,0,1,1,1c,9,1,0,0.02,107,132,2.3999999999999999,-2,1,1,1,1,1,2,2,2,2,2,479,2,1,19,13,5,-45,4,8,2,9,3,5,7,1,6,12,2,2,2,-17,2,4,2,2,3,6,6,-21,3,2,4,4,4,2,3,1,2,2,3,1,300,270,255,225,255,270,255,225,255,205,3,1,1,1,6,2,1,-0.89330512285232544,-0.6689530611038208,-0.31854268908500671,1,1,1,1,0,0,0,0,1,1,1,0,1,0,1,0,1,0,1,0,1,1,1,2.995732307434082,2.7080502510070801,3.4011974334716797,3.4011974334716797,3.9120230674743652
1,2,1,0,0,0,1,0,1,0,0,1,0,0,1,1,1,0,0,0,0,0,60,90,150,200,100,0,0,1,0,0,4f,8,2,0,0.02,20,76,1.8,-3,1,1,1,1,1,1,2,2,2,2,479,2,4,23,18,5,-37,1,9,12,4,6,8,7,3,5,2,3,4,5,-9,2,5,1,6,6,6,3,-25,4,5,5,5,5,5,5,3,3,4,5,3,300,360,450,600,400,360,450,600,400,300,2,1,1,1,7,2,2,0.49101284146308899,0.63381332159042358,1.9356250762939453,0,0,0,0,1,1,0,0,0,0,0,1,1,0,1,0,0,1,0,1,2,0,0,4.0943446159362793,4.499809741973877,5.0106353759765625,5.2983174324035645,4.6051702499389648
1,2,0,1,0,1,1,0,1,0,0,1,1,1,1,0,1,0,1,0,0,0,30,30,40,100,100,0,1,1,1,1,4b,8,2,0,0.02,108,143,1.8,0,1,1,1,1,1,1,1,1,1,2,478,1,4,22,8,3,-41,12,5,6,8,7,9,1,4,3,2,2,3,1,-4,2,1,5,3,5,1,6,-30,5,5,5,5,1,1,2,4,5,5,5,2,300,270,290,330,230,270,290,330,230,330,3,1,1,1,10,2,2,-0.60576128959655762,0.31521975994110107,1.6052045822143555,1,1,1,0,0,0,0,0,1,0,0,1,0,0,1,1,0,0,1,0,1,1,0,3.4011974334716797,3.4011974334716797,3.6888794898986816,4.6051702499389648,4.6051702499389648
2,2,0,0,1,1,1,0,1,0,0,1,1,0,0,0,1,0,0,0,0,0,20,20,20,20,40,1,1,1,1,1,8c,9,1,0,0.02,86,22,2.3999999999999999,-7,1,1,1,1,1,1,1,2,2,2,479,2,2,22,16,5,2,1,12,3,6,8,4,9,2,5,7,1,1,1,-10,5,3,2,2,2,7,6,-15,4,4,4,4,4,2,2,2,2,2,2,1,300,320,300,280,260,320,300,280,260,300,3,3,1,1,8,2,4,-1.704315185546875,-0.6433371901512146,-0.14450320601463318,1,0,0,0,0,0,0,0,0,1,1,1,0,1,0,1,0,0,1,0,0,0,0,2.995732307434082,2.995732307434082,2.995732307434082,2.995732307434082,3.6888794898986816
2,1,1,0,0,1,0,0,1,0,0,1,0,0,1,0,0,1,0,0,0,0,120,120,130,100,260,0,1,0,0,0,4e,9,1,0,0.02,108,157,2.3999999999999999,-2,1,1,1,1,1,2,2,2,2,2,476,1,4,22,18,5,-69,4,2,6,12,8,3,1,5,9,7,5,1,1,-6,4,2,6,6,6,7,2,-19,5,5,2,4,5,3,3,1,3,5,5,5,300,410,290,160,260,410,290,160,260,520,2,1,1,1,6,2,3,-0.37248757481575012,1.2467557191848755,1.634891152381897,0,0,0,0,1,1,0,0,0,1,1,0,0,0,1,1,1,1,0,1,2,0,0,4.7874917984008789,4.7874917984008789,4.8675346374511719,4.6051702499389648,5.5606818199157715
1,1,1,1,0,0,0,0,1,0,0,1,0,1,1,1,0,0,1,0,0,0,40,80,100,200,430,1,1,0,1,0,7b,9,1,0,0.02,24,106,2.3999999999999999,0,1,1,1,1,1,1,1,2,2,2,479,2,4,23,26,5,5,12,2,3,6,5,8,7,4,1,9,2,4,3,-5,3,5,3,3,3,6,6,-5,2,4,4,2,3,2,3,2,2,2,2,2,300,260,330,230,430,260,330,230,430,860,2,2,1,1,8,2,1,-0.032453425228595734,-0.13096420466899872,-0.46600654721260071,0,0,0,0,1,0,0,0,1,0,1,0,0,0,0,1,1,0,0,1,0,0,0,3.6888794898986816,4.3820266723632812,4.6051702499389648,5.2983174324035645,6.0637850761413574
2,1,1,1,1,1,0,0,1,0,0,1,0,1,0,0,0,0,0,1,1,1,10,10,80,160,110,1,1,0,0,1,2a,10,0,0,0.02,54,104,3,-2,1,1,1,1,2,2,2,2,2,2,478,1,3,23,13,5,-138,12,9,3,4,5,8,2,6,1,7,4,4,2,-72,2,3,1,3,4,6,6,-39,2,4,3,4,4,2,3,2,2,3,1,1,300,290,300,370,520,290,300,370,520,400,2,2,2,2,5,1,3,0.53820574283599854,-0.62546509504318237,-0.34999558329582214,0,0,0,0,1,0,0,0,1,0,0,0,1,0,0,1,1,1,1,1,0,0,0,2.3025851249694824,2.3025851249694824,4.3820266723632812,5.0751738548278809,4.7004804611206055
2,1,0,0,1,0,1,0,1,0,0,1,1,0,0,1,1,0,0,0,0,0,10,10,20,50,10,1,1,1,1,0,5d,6,4,0,0.02,99999,99999,0.59999999999999998,99999,1,1,1,1,1,1,1,1,1,2,99999,1,2,25,99999,4,99999,9,3,1,12,6,2,4,5,8,7,2,2,4,99999,5,4,6,4,6,6,6,99999,2,2,2,2,2,1,3,2,3,3,3,4,300,310,300,280,330,310,300,280,330,320,3,3,1,1,10,2,3,-0.70279574394226074,0.96502888202667236,-0.25931516289710999,1,0,0,0,0,0,0,0,0,1,1,0,1,0,0,1,0,0,0,0,0,0,0,2.3025851249694824,2.3025851249694824,2.995732307434082,3.9120230674743652,2.3025851249694824
2,1,0,0,0,1,1,0,1,0,0,1,1,0,1,0,1,1,1,0,0,0,60,50,50,60,100,0,1,1,0,1,7a,0,0,10,0.02,0,0,0,-131,1,1,1,1,1,1,1,2,2,2,475,2,1,26,9,4,-79,7,9,12,8,5,3,4,1,2,6,3,3,3,-34,4,2,2,2,5,5,4,-68,3,3,1,1,3,1,3,3,3,2,2,3,300,230,170,220,280,230,170,220,280,380,3,3,3,1,8,2,3,-0.082295022904872894,-0.11829656362533569,-0.45457965135574341,1,0,0,0,0,0,0,0,1,1,0,0,0,0,1,1,0,1,1,0,0,0,0,4.0943446159362793,3.9120230674743652,3.9120230674743652,4.0943446159362793,4.6051702499389648
1,2,0,1,0,1,1,0,1,0,1,1,1,1,1,1,1,0,0,0,0,0,15,18,10,10,15,1,1,1,0,1,4c,4,2,4,0.02,93,189,0.59999999999999998,-3,1,1,1,1,1,2,2,2,2,2,479,2,4,23,25,4,15,7,4,2,3,1,5,8,6,9,12,2,2,3,-1,5,5,5,5,5,7,5,-8,4,4,3,4,4,2,3,2,4,4,4,4,300,315,333,343,333,315,333,343,333,348,3,1,1,1,6,2,2,-0.79805046319961548,0.97679930925369263,1.1412426233291626,1,1,1,1,0,0,0,0,0,0,0,1,0,0,0,1,0,0,1,0,1,1,1,2.7080502510070801,2.8903717994689941,2.3025851249694824,2.3025851249694824,2.7080502510070801
2,1,0,0,1,0,0,0,1,0,1,1,1,0,0,0,0,1,0,0,0,0,90,90,50,40,20,0,1,1,1,1,6a,0,0,10,0.02,0,0,0,-1,1,1,1,1,1,1,1,1,1,2,479,3,3,21,12,2,-25,12,6,8,4,2,1,5,9,3,7,3,3,3,5,4,4,4,4,4,4,4,3,3,3,3,3,3,3,3,3,3,3,3,3,300,200,110,60,20,200,110,60,20,0,3,3,1,1,10,2,3,-0.082295022904872894,0.68931019306182861,0.36903110146522522,1,0,0,0,0,0,0,0,1,1,1,1,1,0,1,1,0,1,1,0,0,0,0,4.499809741973877,4.499809741973877,3.9120230674743652,3.6888794898986816,2.995732307434082
1,2,1,0,0,1,1,0,1,0,1,1,0,0,1,1,1,0,0,0,0,0,100,100,50,50,10,1,1,1,1,0,4f,2,8,0,0.02,44,177,0,-2,1,1,1,1,1,2,2,2,2,2,479,1,3,27,22,5,6,1,12,4,3,6,9,7,8,5,2,5,5,3,-11,5,5,5,5,5,6,6,-12,2,2,4,2,4,3,4,3,3,3,3,4,300,200,100,150,200,200,100,150,200,190,2,1,1,1,6,2,2,1.3492158651351929,0.9767652153968811,0.34318462014198303,0,0,0,0,1,1,0,0,1,1,0,0,1,0,0,1,0,1,0,1,2,0,0,4.6051702499389648,4.6051702499389648,3.9120230674743652,3.9120230674743652,2.3025851249694824
1,2,0,0,0,0,1,0,1,0,1,1,1,0,1,0,1,0,0,0,0,0,74,124,124,187,94,1,1,1,1,1,7d,9,1,0,0.02,12,9,2.3999999999999999,-3,1,1,1,1,2,2,2,2,2,2,476,1,4,21,-25,4,-238,1,8,3,7,12,6,2,4,5,9,1,1,4,-68,5,2,3,5,5,7,7,-113,2,1,1,2,5,1,2,1,3,2,3,1,300,374,250,374,187,374,250,374,187,281,3,3,3,3,5,1,2,-1.4185512065887451,0.17707554996013641,-0.81512385606765747,1,0,0,0,0,0,0,0,0,1,0,1,0,1,0,1,0,1,1,0,0,0,0,4.3040652275085449,4.8202815055847168,4.8202815055847168,5.2311086654663086,4.5432949066162109
2,2,0,1,1,1,0,0,1,0,1,1,1,1,0,1,0,1,0,0,0,0,100,100,200,50,10,0,1,0,1,0,6b,7,2,1,0.02,111,97,1.5,-4,1,1,1,1,2,2,2,2,2,2,480,1,4,24,23,5,-8,7,3,9,4,1,8,6,5,2,12,5,5,5,3,1,2,1,1,1,7,7,-5,1,1,4,1,1,1,1,1,1,1,1,1,300,190,290,490,540,190,290,490,540,550,3,1,1,1,5,1,4,1.5397251844406128,-1.7561661005020142,-2.0316517353057861,1,1,0,0,0,0,0,0,1,0,0,0,0,0,1,1,1,1,0,0,1,0,0,4.6051702499389648,4.6051702499389648,5.2983174324035645,3.9120230674743652,2.3025851249694824
2,2,1,1,0,0,0,0,1,0,1,1,0,1,1,0,0,0,0,0,0,0,50,100,150,80,180,0,0,0,0,0,7c,9,1,0,0.02,29,50,2.3999999999999999,-2,1,1,1,1,1,1,1,1,2,2,479,2,1,22,11,3,-93,2,8,6,7,5,12,4,1,3,9,2,2,2,-18,3,3,2,1,2,5,6,-41,2,2,2,2,2,2,2,2,2,2,2,1,300,350,250,100,180,350,250,100,180,360,2,2,1,1,9,2,4,-0.89330512285232544,-0.86072933673858643,-1.0072402954101562,0,0,0,0,1,0,0,0,0,1,1,0,0,1,1,0,1,0,0,1,0,0,0,3.9120230674743652,4.6051702499389648,5.0106353759765625,4.3820266723632812,5.1929569244384766
1,2,1,0,1,0,1,0,1,0,1,1,0,0,0,0,1,0,0,0,0,0,30,30,30,30,30,1,0,1,0,0,6c,7,3,0,0.02,113,64,1.2,-6,1,1,1,2,2,2,2,2,2,2,479,2,3,21,9,3,-16,3,2,5,4,12,8,6,7,9,1,5,3,5,-5,3,3,2,2,5,5,5,-26,4,4,4,3,4,4,4,3,4,4,3,2,300,270,300,270,300,270,300,270,300,270,2,1,1,1,4,0,2,0.77412813901901245,-0.22094170749187469,1.0920746326446533,0,0,0,0,1,1,1,1,1,0,1,0,1,0,0,0,0,0,0,1,2,2,2,3.4011974334716797,3.4011974334716797,3.4011974334716797,3.4011974334716797,3.4011974334716797
2,2,1,1,0,1,1,0,1,0,1,1,0,1,1,1,1,0,0,0,0,0,20,40,50,70,40,1,1,1,1,1,1a,6,4,0,0.02,181,155,0.59999999999999998,-1,1,1,1,1,1,1,1,1,2,2,477,2,1,19,22,5,-19,1,2,12,9,4,5,6,8,7,3,1,1,4,1,5,5,2,1,1,5,6,-4,2,1,2,1,5,1,2,2,1,1,1,1,300,280,320,370,440,280,320,370,440,480,2,2,1,1,9,2,4,-1.4185512065887451,-0.53007692098617554,-1.5916363000869751,0,0,0,0,1,0,0,0,1,0,0,0,0,1,0,1,0,1,1,1,0,0,0,2.995732307434082,3.6888794898986816,3.9120230674743652,4.2484951019287109,3.6888794898986816
1,1,0,0,0,1,0,0,1,0,1,1,1,0,1,1,0,0,0,0,0,0,40,100,100,100,200,1,1,1,1,1,3c,8,2,0,0.02,19,9,1.8,0,1,1,1,1,1,2,2,2,2,2,479,2,1,20,17,5,-43,12,2,8,5,4,6,7,1,9,3,2,4,2,-29,2,6,1,4,6,7,7,-26,2,2,4,1,3,2,4,3,1,2,2,1,300,340,240,340,440,340,240,340,440,240,3,3,3,1,6,2,1,-0.12770810723304749,-0.064139142632484436,-0.89834117889404297,1,0,0,0,0,0,0,0,0,1,0,0,1,1,0,1,0,1,1,0,0,0,0,3.6888794898986816,4.6051702499389648,4.6051702499389648,4.6051702499389648,5.2983174324035645
1,1,0,1,1,1,0,0,1,0,1,1,1,1,0,1,0,0,0,0,0,0,10,20,30,45,105,0,0,0,0,0,8a,6,4,0,0.02,99999,99999,0.59999999999999998,99999,1,1,1,1,2,2,2,2,2,2,99999,2,3,21,99999,5,99999,1,2,12,4,8,6,7,3,9,5,1,2,5,99999,2,6,2,7,7,3,7,99999,4,5,2,5,5,1,4,4,5,3,4,2,300,290,270,300,255,290,270,300,255,360,3,1,1,1,5,1,1,-0.9404979944229126,1.0849306583404541,1.3089172840118408,1,1,0,0,0,0,0,0,1,1,0,1,0,1,1,0,1,0,0,0,1,0,0,2.3025851249694824,2.995732307434082,3.4011974334716797,3.8066625595092773,4.6539602279663086
2,1,0,1,0,1,1,0,1,0,1,1,1,1,1,1,1,0,0,0,0,0,20,20,50,50,50,0,0,0,0,0,1b,8,2,0,0.02,24,129,1.8,-4,1,1,1,1,1,1,1,1,2,2,479,2,1,19,18,4,-159,6,12,5,1,9,7,4,2,8,3,4,4,2,-10,3,2,2,5,3,5,6,-43,4,4,4,3,5,3,4,3,3,4,3,3,300,280,260,210,160,280,260,210,160,110,3,1,1,1,9,2,3,0.53820574283599854,-0.16997042298316956,0.98350465297698975,1,1,1,1,0,0,0,0,1,1,1,1,1,1,1,0,1,0,0,0,1,1,1,2.995732307434082,2.995732307434082,3.9120230674743652,3.9120230674743652,3.9120230674743652
2,1,0,0,0,0,1,0,1,0,1,1,1,0,1,0,1,0,0,0,0,1,15,30,50,40,60,1,1,0,1,1,7a,9,0,1,0.02,33,37,2.7000000000000002,-67,1,1,1,1,2,2,2,2,2,2,479,1,4,22,9,5,-81,8,7,12,1,3,5,2,4,9,6,2,4,1,-13,2,3,2,4,4,5,5,-24,2,2,3,1,3,2,2,2,2,2,1,1,300,315,285,235,195,315,285,235,195,245,3,3,3,3,5,1,3,-0.22296278178691864,-0.12753549218177795,-1.1486098766326904,1,0,0,0,0,0,0,0,0,1,1,1,0,0,0,1,1,1,1,0,0,0,0,2.7080502510070801,3.4011974334716797,3.9120230674743652,3.6888794898986816,4.0943446159362793
1,1,1,1,0,1,0,0,1,0,1,1,0,1,1,1,0,0,0,0,0,0,10,20,30,40,50,0,0,0,0,0,4a,6,4,0,0.02,99,94,0.59999999999999998,-13,1,1,1,1,2,2,2,2,2,2,479,2,1,19,-5,5,-75,12,1,8,9,2,3,4,5,7,6,1,1,1,-2,2,1,1,1,1,7,6,-18,3,4,4,1,2,1,1,1,2,1,1,2,300,310,290,260,220,310,290,260,220,270,2,2,1,1,5,1,1,-1.704315185546875,-1.653520941734314,-1.1606870889663696,0,0,0,0,1,0,0,0,0,1,1,1,0,1,1,0,1,0,0,1,0,0,0,2.3025851249694824,2.995732307434082,3.4011974334716797,3.6888794898986816,3.9120230674743652
2,1,0,0,1,1,1,0,1,0,1,1,1,0,0,1,1,0,0,0,0,0,10,10,10,20,20,1,1,0,0,1,3e,9,1,0,0.02,15,40,2.3999999999999999,-4,1,1,1,1,1,2,2,2,2,2,479,2,2,25,13,3,-41,1,2,6,4,5,8,12,3,9,7,4,4,3,-23,5,5,3,3,5,6,6,-48,3,2,4,4,3,2,3,4,3,5,3,2,300,310,300,310,290,310,300,310,290,310,3,3,1,1,6,2,3,0.6334604024887085,0.35710644721984863,0.58673751354217529,1,0,0,0,0,0,0,0,0,1,0,1,0,0,0,1,1,0,1,0,0,0,0,2.3025851249694824,2.3025851249694824,2.3025851249694824,2.995732307434082,2.995732307434082
2,1,0,1,1,0,0,0,1,0,1,1,1,1,0,0,0,0,0,0,0,0,20,10,10,20,10,1,0,0,1,1,2d,9,1,0,0.02,32,5,2.3999999999999999,-2,1,1,1,1,1,1,2,2,2,2,479,1,1,19,20,3,-85,8,5,2,4,12,6,9,7,3,1,4,4,2,-29,5,6,6,7,7,5,3,-33,4,5,4,2,2,3,4,4,4,5,4,4,300,320,310,320,300,320,310,320,300,290,3,1,1,1,7,2,3,0.53820574283599854,2.192673921585083,1.4410287141799927,1,1,0,0,0,0,0,0,0,1,0,1,1,0,0,0,1,1,1,0,1,0,0,2.995732307434082,2.3025851249694824,2.3025851249694824,2.995732307434082,2.3025851249694824
2,2,0,0,1,1,1,0,1,0,1,1,1,0,0,1,1,1,0,0,0,0,50,80,70,50,40,0,0,0,1,1,3f,8,2,0,0.02,7,0,1.8,-3,1,1,1,1,1,2,2,2,2,2,475,1,1,19,-11,4,-180,3,12,8,7,4,6,5,2,9,1,2,2,4,-46,2,6,7,7,7,7,6,-66,3,5,5,5,4,3,5,4,4,5,2,5,300,240,320,390,440,240,320,390,440,480,3,3,1,1,6,2,4,-0.70279574394226074,1.5084085464477539,1.6862027645111084,1,0,0,0,0,0,0,0,1,0,0,0,0,0,1,0,1,1,1,0,0,0,0,3.9120230674743652,4.3820266723632812,4.2484951019287109,3.9120230674743652,3.6888794898986816
1,2,0,1,0,0,0,0,1,0,1,1,1,1,1,0,0,0,0,0,0,0,50,10,10,10,20,0,1,0,0,0,3d,7,3,0,0.02,67,42,1.2,-4,1,1,1,1,1,2,2,2,2,2,479,2,2,21,15,5,-109,5,4,9,6,12,1,7,8,2,3,4,4,5,-2,3,5,2,5,5,7,7,-34,2,3,2,2,1,2,2,2,2,2,2,2,300,250,260,250,260,250,260,250,260,280,3,1,1,1,6,2,2,0.82396978139877319,0.12860167026519775,-0.86996519565582275,1,1,1,0,0,0,0,0,1,0,1,0,0,0,1,1,1,0,0,0,1,1,0,3.9120230674743652,2.3025851249694824,2.3025851249694824,2.3025851249694824,2.995732307434082
2,2,1,1,1,1,1,0,1,0,1,1,0,1,0,1,1,1,0,0,0,0,130,180,220,150,50,0,1,1,1,0,4d,7,3,0,0.02,9,78,1.2,-2,1,1,1,2,2,2,2,2,2,2,480,2,2,20,23,5,-39,5,9,4,7,6,2,8,12,3,1,4,3,4,-12,3,5,2,3,5,6,6,-24,2,3,4,2,3,2,4,3,3,3,3,2,300,420,600,380,530,420,600,380,530,480,2,2,2,2,4,0,4,0.34591656923294067,-0.020739657804369926,0.06027153879404068,0,0,0,0,1,0,0,0,0,0,1,0,1,0,1,1,0,1,0,1,0,0,0,4.8675346374511719,5.1929569244384766,5.3936276435852051,5.0106353759765625,3.9120230674743652
1,1,1,1,1,0,1,0,1,0,1,1,0,1,0,0,1,0,0,0,1,0,15,15,10,100,130,1,1,1,1,0,2b,8,0,2,0.02,41,85,2.3999999999999999,-1,1,1,1,1,1,1,1,1,2,2,478,2,1,18,21,3,1,3,2,12,8,5,4,7,6,9,1,4,4,4,-12,5,3,3,5,5,5,5,-11,2,1,1,1,3,2,3,1,1,1,3,2,300,285,300,290,180,285,300,290,180,50,2,2,2,1,9,2,1,0.72871506214141846,0.66306674480438232,-1.2693607807159424,0,0,0,0,1,0,0,0,1,0,1,1,1,0,0,1,0,1,0,1,0,0,0,2.7080502510070801,2.7080502510070801,2.3025851249694824,4.6051702499389648,4.8675346374511719
2,2,0,0,1,0,1,0,1,0,1,1,1,0,0,0,1,0,0,1,1,0,10,50,100,100,200,1,1,0,1,1,8c,10,0,0,0.02,59,111,3,0,2,2,2,2,2,2,2,2,2,2,479,1,3,21,19,5,-172,9,2,7,5,3,6,1,8,12,4,4,4,5,-25,2,2,2,2,6,7,7,-64,2,3,2,1,4,3,2,1,2,1,2,1,300,310,260,350,240,310,260,350,240,440,3,3,1,1,1,-2,4,0.82396978139877319,-0.6996350884437561,-0.99393397569656372,1,0,0,0,0,0,0,0,0,1,0,1,0,0,0,1,1,1,1,0,0,0,0,2.3025851249694824,3.9120230674743652,4.6051702499389648,4.6051702499389648,5.2983174324035645
1,1,1,1,1,1,0,0,1,0,1,1,0,1,0,1,0,0,0,1,0,0,20,20,20,40,40,0,0,1,1,1,5a,6,4,0,0.02,99999,99999,0.59999999999999998,99999,1,1,1,1,1,2,2,2,2,2,99999,1,2,24,99999,4,99999,6,7,8,12,9,5,1,2,4,3,4,4,3,99999,4,4,3,2,3,6,6,99999,3,3,4,3,4,2,5,3,3,2,3,3,300,320,300,270,310,320,300,270,310,270,2,2,2,2,6,2,1,0.6334604024887085,-0.29110696911811829,0.36391556262969971,0,0,0,0,1,0,0,0,0,1,1,0,1,0,1,0,0,1,1,1,0,0,0,2.995732307434082,2.995732307434082,2.995732307434082,3.6888794898986816,3.6888794898986816
1,1,0,1,0,0,1,0,1,0,1,1,1,1,1,0,1,0,0,0,0,0,10,10,10,10,10,1,0,0,0,1,2f,6,4,0,0.02,133,130,0.59999999999999998,0,1,1,1,1,1,1,2,2,2,2,479,2,1,19,19,5,-6,1,2,3,5,6,4,8,7,12,9,2,2,4,-1,2,2,2,2,5,6,6,-17,2,3,2,3,3,2,3,2,2,2,3,2,300,310,300,290,300,310,300,290,300,310,3,1,1,1,7,2,1,-0.70279574394226074,-0.63720142841339111,-0.40613853931427002,1,1,1,0,0,0,0,0,0,1,1,0,0,0,0,0,1,0,1,0,1,1,0,2.3025851249694824,2.3025851249694824,2.3025851249694824,2.3025851249694824,2.3025851249694824
2,2,1,0,1,1,0,0,1,0,1,1,0,0,0,1,0,0,0,0,0,0,60,60,60,60,60,1,1,1,1,1,2c,10,0,0,0.02,106,185,3,-1,1,1,1,1,1,2,2,2,2,2,479,1,3,19,22,5,-28,7,5,3,12,2,1,9,6,8,4,2,4,5,-21,6,5,4,4,5,3,5,-22,4,3,4,5,4,2,3,2,2,2,3,1,300,240,180,120,180,240,180,120,180,120,2,1,1,1,6,2,4,0.15805593132972717,1.1614710092544556,0.079383477568626404,0,0,0,0,1,1,1,0,1,1,1,0,1,1,0,1,0,1,1,1,2,2,0,4.0943446159362793,4.0943446159362793,4.0943446159362793,4.0943446159362793,4.0943446159362793
2,1,0,0,1,1,1,0,1,0,1,1,1,0,0,1,1,0,0,0,0,1,20,40,40,40,60,1,1,1,0,1,5d,8,2,0,0.02,99999,99999,1.8,99999,1,1,1,1,1,1,1,2,2,2,99999,2,3,21,99999,5,99999,5,2,3,7,9,6,1,8,4,12,1,4,4,99999,2,3,2,2,2,7,7,99999,1,2,4,2,3,1,4,1,2,1,1,2,300,320,280,240,200,320,280,240,200,250,3,3,1,1,8,2,3,-0.27015566825866699,-1.0925105810165405,-1.2088944911956787,1,0,0,0,0,0,0,0,0,1,1,1,0,0,0,1,0,0,1,0,0,0,0,2.995732307434082,3.6888794898986816,3.6888794898986816,3.6888794898986816,4.0943446159362793
1,2,0,0,0,1,1,0,1,0,1,1,1,0,1,1,1,1,0,0,0,1,15,15,30,50,160,0,0,1,1,0,8d,5,5,0,0.02,112,126,0,-13,1,1,1,2,2,2,2,2,2,2,479,2,2,19,15,5,-6,4,12,3,2,7,6,9,8,1,5,1,1,2,1,3,6,2,6,6,7,4,-8,4,4,3,4,5,3,2,4,2,3,2,2,300,275,290,320,370,275,290,320,370,200,3,3,3,1,4,0,2,-1.609060525894165,0.81498122215270996,0.40481048822402954,1,0,0,0,0,0,0,0,1,0,0,0,1,0,1,0,0,1,0,0,0,0,0,2.7080502510070801,2.7080502510070801,3.4011974334716797,3.9120230674743652,5.0751738548278809
1,2,0,1,0,0,1,0,1,0,1,1,1,1,1,0,1,1,0,0,0,0,20,10,10,10,10,0,0,0,1,1,4b,9,1,0,0.02,62,101,2.3999999999999999,-4,1,1,1,1,1,1,1,2,2,2,479,2,3,21,5,5,-41,4,3,1,7,6,5,9,8,2,12,4,4,4,-22,3,2,2,3,6,6,5,-45,3,2,5,2,5,2,4,2,1,2,4,4,300,270,260,250,240,270,260,250,240,250,3,1,1,1,8,2,2,0.72871506214141846,-0.13037818670272827,0.03869236633181572,1,1,1,0,0,0,0,0,1,1,1,1,0,0,1,0,1,1,1,0,1,1,0,2.995732307434082,2.3025851249694824,2.3025851249694824,2.3025851249694824,2.3025851249694824
1,2,1,1,0,0,0,0,1,0,1,1,0,1,1,0,0,0,0,0,0,0,100,100,50,50,100,1,0,1,1,1,2e,9,1,0,0.02,79,110,2.3999999999999999,0,2,2,2,2,2,2,2,2,2,2,479,1,1,21,21,5,-41,4,5,2,8,3,6,1,7,9,12,2,2,4,-36,6,6,3,6,6,5,5,-39,3,2,2,4,2,1,1,2,2,2,2,1,300,200,100,150,100,200,100,150,100,0,2,2,1,1,1,-2,2,-0.70279574394226074,1.4051951169967651,-0.86887311935424805,0,0,0,0,1,0,0,0,1,1,0,1,1,0,0,0,0,1,1,1,0,0,0,4.6051702499389648,4.6051702499389648,3.9120230674743652,3.9120230674743652,4.6051702499389648
1,2,1,0,0,1,1,0,1,0,1,1,0,0,1,1,1,0,0,0,0,0,50,100,100,100,350,1,1,1,1,1,5c,9,1,0,0.02,99999,99999,2.3999999999999999,99999,1,1,1,1,1,1,1,2,2,2,99999,1,3,24,99999,5,99999,6,1,7,2,4,12,5,9,8,3,4,4,4,99999,1,1,1,1,1,7,7,99999,2,5,4,1,5,1,5,1,3,4,3,2,300,250,150,250,350,250,150,250,350,700,2,1,1,1,8,2,2,0.72871506214141846,-1.8659569025039673,0.2411678284406662,0,0,0,0,1,1,0,0,1,1,0,0,0,1,0,1,0,1,1,1,2,0,0,3.9120230674743652,4.6051702499389648,4.6051702499389648,4.6051702499389648,5.8579330444335938
1,1,1,0,0,1,0,0,1,0,1,1,0,0,1,1,0,0,0,0,0,0,60,60,60,20,15,1,1,1,1,1,5e,9,0,1,0.02,99999,99999,2.7000000000000002,99999,1,1,1,1,1,2,2,2,2,2,99999,1,2,22,99999,4,99999,5,9,3,6,4,2,8,7,1,12,2,2,2,99999,4,3,3,3,2,6,4,99999,2,2,4,1,2,1,3,2,1,1,3,1,300,240,180,240,260,240,180,240,260,245,2,1,1,1,6,2,1,-0.89330512285232544,-0.1697092205286026,-1.2207962274551392,0,0,0,0,1,1,0,0,1,1,0,0,1,1,0,1,0,1,1,1,2,0,0,4.0943446159362793,4.0943446159362793,4.0943446159362793,2.995732307434082,2.7080502510070801
1,1,0,1,0,1,0,0,1,0,1,1,1,1,1,1,0,0,0,0,0,0,50,50,50,50,50,1,1,0,1,1,1c,7,3,0,0.02,26,77,1.2,-1,1,1,1,1,1,1,1,2,2,2,479,2,1,20,23,5,-45,4,8,5,1,6,12,7,9,3,2,3,3,4,-3,1,5,2,5,2,7,5,-44,2,3,4,2,3,2,2,2,3,3,3,2,300,350,400,350,400,350,400,350,400,350,3,1,1,1,8,2,1,0.012959655374288559,-0.29700124263763428,-0.15896935760974884,1,1,1,1,0,0,0,0,0,0,1,0,1,0,0,1,1,1,1,0,1,1,1,3.9120230674743652,3.9120230674743652,3.9120230674743652,3.9120230674743652,3.9120230674743652
1,1,0,0,0,1,1,0,1,0,1,0,1,0,1,1,0,1,0,0,0,0,50,30,45,45,45,0,1,1,0,1,3c,6,4,0,0.02,18,39,0.59999999999999998,-9,1,1,1,1,1,2,2,2,2,2,465,2,2,18,25,3,-1,1,2,5,3,8,9,7,12,6,4,4,4,4,-1,5,2,5,3,4,6,6,-10,4,4,4,4,4,1,4,3,3,2,1,3,300,240,210,255,210,240,210,255,210,165,3,3,3,1,6,2,1,0.72871506214141846,0.18428485095500946,0.19076463580131531,1,0,0,0,0,0,0,0,1,1,0,1,1,0,1,1,0,0,0,0,0,0,0,3.9120230674743652,3.4011974334716797,3.8066625595092773,3.8066625595092773,3.8066625595092773
1,1,1,0,0,1,1,0,1,0,1,0,0,0,1,1,0,0,0,0,0,0,14,10,10,11,23,1,1,1,1,0,5e,7,3,0,0.02,99999,99999,1.2,99999,1,1,1,1,1,1,1,2,2,2,99999,2,2,21,99999,5,99999,1,6,12,8,2,5,3,7,4,9,4,4,2,99999,2,2,2,2,2,7,7,99999,3,4,2,3,5,2,4,2,1,2,1,2,300,286,276,286,297,286,276,286,297,320,2,1,1,1,8,2,1,0.53820574283599854,-1.2023013830184937,-0.47245576977729797,0,0,0,0,1,1,0,0,1,1,0,0,0,0,0,1,0,1,1,1,2,0,0,2.6390573978424072,2.3025851249694824,2.3025851249694824,2.397895336151123,3.1354942321777344
1,2,0,1,0,0,1,0,1,0,1,0,1,1,1,0,0,0,0,0,0,0,15,10,15,15,15,0,0,0,0,1,3d,10,0,0,0.02,61,9,3,-3,1,1,1,1,1,1,1,2,2,2,479,2,1,20,-1,5,-147,1,2,7,8,6,3,5,9,4,12,3,4,2,-47,5,5,3,3,4,5,3,-78,2,4,3,3,2,4,2,1,2,4,2,3,300,285,275,260,275,285,275,260,275,260,3,1,1,1,8,2,2,0.20524880290031433,0.60767441987991333,-0.012075493112206459,1,1,1,0,0,0,0,0,1,1,1,0,1,0,1,0,1,0,0,0,1,1,0,2.7080502510070801,2.3025851249694824,2.7080502510070801,2.7080502510070801,2.7080502510070801
1,2,1,0,1,1,0,0,1,0,1,0,0,0,0,1,1,0,0,0,0,0,15,25,40,70,100,0,0,1,0,0,3a,8,2,0,0.02,77,129,1.8,1,1,1,1,1,1,1,1,1,1,2,480,2,1,17,-12,5,-41,7,2,3,6,5,1,4,8,12,9,2,2,3,-4,2,2,1,4,4,6,6,-39,3,2,2,1,2,2,2,3,2,2,2,1,300,315,340,300,230,315,340,300,230,130,2,1,1,1,10,2,2,-0.79805046319961548,-0.56653505563735962,-0.9170687198638916,0,0,0,0,1,1,1,0,0,0,1,1,1,0,1,0,0,0,1,1,2,2,0,2.7080502510070801,3.2188758850097656,3.6888794898986816,4.2484951019287109,4.6051702499389648
2,1,0,0,1,1,0,0,1,0,1,0,1,0,0,1,1,1,0,0,0,0,20,10,10,10,10,0,1,1,1,1,3e,8,2,0,0.02,86,179,1.8,-4,1,1,1,1,1,1,1,2,2,2,479,2,2,18,21,5,-15,9,12,4,3,2,6,5,8,1,7,4,4,4,-10,3,5,2,6,6,6,6,-11,4,4,4,3,4,3,3,4,4,3,5,2,300,270,260,250,260,270,260,250,260,270,3,3,1,1,8,2,3,0.72871506214141846,0.61108922958374023,1.1608858108520508,1,0,0,0,0,0,0,0,1,1,1,0,0,0,1,1,0,1,0,0,0,0,0,2.995732307434082,2.3025851249694824,2.3025851249694824,2.3025851249694824,2.3025851249694824
2,2,0,0,1,1,0,0,1,0,1,0,1,0,0,1,1,1,0,0,0,0,10,10,10,10,10,1,0,1,1,0,3f,0,0,10,0.02,0,0,0,-10,2,2,2,2,2,2,2,2,2,2,479,2,1,18,2,3,-55,2,7,3,9,1,4,8,6,5,12,3,3,5,-13,4,1,3,3,5,6,4,-99,5,5,4,4,3,3,3,2,4,3,3,3,300,300,310,300,310,300,310,300,310,300,3,3,1,1,1,-2,4,0.10821433365345001,-0.012290996499359608,1.0324031114578247,1,0,0,0,0,0,0,0,0,0,1,0,1,0,0,0,0,1,1,0,0,0,0,2.3025851249694824,2.3025851249694824,2.3025851249694824,2.3025851249694824,2.3025851249694824
2,1,0,0,1,1,0,0,1,0,1,0,1,0,0,1,1,0,0,0,0,0,50,50,100,100,300,0,0,0,0,1,5d,8,2,0,0.02,99999,99999,1.8,99999,1,1,1,1,2,2,2,2,2,2,99999,1,2,19,99999,5,99999,3,4,2,1,6,12,7,9,8,5,3,3,4,99999,3,2,3,3,4,6,4,99999,3,3,1,1,3,1,2,1,1,1,1,1,300,250,300,400,300,250,300,400,300,600,3,3,1,1,5,1,3,0.012959655374288559,-0.14653557538986206,-1.5468161106109619,1,0,0,0,0,0,0,0,1,0,0,1,0,0,1,0,1,0,0,0,0,0,0,3.9120230674743652,3.9120230674743652,4.6051702499389648,4.6051702499389648,5.7037825584411621
2,1,0,1,0,1,0,0,1,0,1,0,1,1,1,1,1,0,0,0,0,0,60,60,60,60,60,1,1,0,0,0,1b,8,2,0,0.02,12,8,1.8,-2,1,1,1,1,1,1,1,1,1,1,479,1,1,18,9,5,-514,4,2,1,12,3,5,7,8,9,6,2,2,2,-60,4,2,1,4,5,6,7,-58,2,3,3,3,4,1,1,4,4,4,4,1,300,360,420,360,300,360,420,360,300,240,3,1,1,1,11,2,3,-0.89330512285232544,-0.29819813370704651,0.32824423909187317,1,1,1,1,0,0,0,0,0,0,1,1,1,0,0,1,1,0,1,0,1,1,1,4.0943446159362793,4.0943446159362793,4.0943446159362793,4.0943446159362793,4.0943446159362793
1,2,1,0,0,1,0,0,1,0,1,0,0,0,1,1,1,0,1,0,0,0,15,30,100,35,30,1,1,1,1,0,5c,6,2,2,0.02,99999,99999,1.2,99999,1,1,1,1,1,1,1,1,2,2,99999,1,2,24,99999,4,99999,6,12,1,2,8,4,7,3,5,9,4,4,4,99999,4,2,2,2,3,6,5,99999,4,5,2,3,3,2,3,2,4,3,4,3,300,285,245,345,380,285,245,345,380,350,2,1,1,1,9,2,2,0.72871506214141846,-0.55772989988327026,0.77092313766479492,0,0,0,0,1,1,0,0,1,1,0,0,1,0,0,1,0,1,1,1,2,0,0,2.7080502510070801,3.4011974334716797,4.6051702499389648,3.5553481578826904,3.4011974334716797
2,2,0,0,1,1,1,0,1,0,1,0,1,0,0,1,0,0,0,0,0,0,30,30,40,50,40,0,1,1,1,0,5b,8,2,0,0.02,99999,99999,1.8,0,1,1,1,1,1,1,1,1,2,2,0,2,2,23,99999,5,99999,9,5,3,6,2,1,7,8,4,12,5,1,4,99999,2,2,6,3,7,6,2,99999,3,5,3,1,5,5,3,2,1,2,1,4,300,270,240,200,250,270,240,200,250,290,3,3,1,1,9,2,4,-0.086723543703556061,0.72355550527572632,-0.061783954501152039,1,0,0,0,0,0,0,0,1,1,1,0,0,0,1,1,0,1,1,0,0,0,0,3.4011974334716797,3.4011974334716797,3.6888794898986816,3.9120230674743652,3.6888794898986816
1,1,1,1,1,0,0,0,1,0,1,0,0,1,0,0,1,0,0,0,0,0,10,10,15,20,15,1,1,1,0,0,2b,8,2,0,0.02,155,111,1.8,-3,1,1,1,1,1,2,2,2,2,2,478,2,1,21,15,5,-16,8,1,12,4,2,6,5,3,7,9,4,2,4,-12,5,4,2,6,7,7,6,-30,3,4,3,4,4,4,5,5,5,5,5,4,300,290,300,285,305,290,300,285,305,290,2,2,2,1,6,2,1,-0.036881942301988602,0.76966953277587891,2.1124958992004395,0,0,0,0,1,0,0,0,1,0,1,0,1,0,0,1,0,0,1,1,0,0,0,2.3025851249694824,2.3025851249694824,2.7080502510070801,2.995732307434082,2.7080502510070801
2,1,0,0,1,0,1,0,1,0,1,0,1,0,0,0,0,1,1,1,1,1,20,50,150,20,10,0,1,1,1,0,6a,5,0,5,0.02,0,68,1.5,-1,1,1,1,1,1,1,1,2,2,2,479,1,3,23,18,4,-60,5,2,4,6,12,1,7,8,9,3,4,2,5,-14,5,3,5,6,7,6,2,-33,4,5,3,3,4,3,4,4,4,2,4,2,300,270,210,50,20,270,210,50,20,20,3,3,1,1,8,2,3,0.058372735977172852,1.5535062551498413,0.97834575176239014,1,0,0,0,0,0,0,0,1,1,1,1,0,0,1,1,0,1,1,0,0,0,0,2.995732307434082,3.9120230674743652,5.0106353759765625,2.995732307434082,2.3025851249694824
2,1,0,1,1,0,1,0,1,0,1,0,1,1,0,0,0,1,0,0,0,0,10,15,10,10,10,0,0,1,1,1,2d,0,0,10,0.02,0,99999,0,-2,1,1,1,1,1,1,1,1,2,2,479,2,1,23,23,5,-23,7,2,3,9,4,6,1,5,8,12,1,1,1,1,7,5,2,5,2,7,7,-11,4,3,1,1,1,1,1,1,2,1,3,2,300,280,265,255,245,280,265,255,245,235,3,1,1,1,9,2,3,-1.704315185546875,0.22507697343826294,-1.055472731590271,1,1,0,0,0,0,0,0,1,1,1,1,1,0,1,0,0,1,0,0,1,0,0,2.3025851249694824,2.7080502510070801,2.3025851249694824,2.3025851249694824,2.3025851249694824
2,2,1,1,1,1,0,0,1,0,1,0,0,1,0,1,1,1,0,0,0,1,50,50,60,40,45,0,1,0,0,0,4d,8,2,0,0.02,31,91,1.8,-2,1,1,1,1,1,1,1,2,2,2,480,2,1,20,23,5,20,1,2,9,8,12,7,4,6,5,3,1,1,5,-2,2,1,1,1,2,6,6,-13,3,2,5,1,4,1,2,1,1,1,1,1,300,340,390,450,410,340,390,450,410,355,2,2,2,2,8,2,4,-1.3232965469360352,-1.4338213205337524,-1.3880047798156738,0,0,0,0,1,0,0,0,0,0,0,1,1,0,1,1,1,0,1,1,0,0,0,3.9120230674743652,3.9120230674743652,4.0943446159362793,3.6888794898986816,3.8066625595092773
2,1,0,0,0,0,0,0,1,0,1,0,1,0,1,0,1,0,0,0,0,0,20,20,25,25,50,0,0,0,1,0,7a,7,3,0,0.02,96,72,1.2,-44,1,1,1,1,1,1,2,2,2,2,480,2,3,21,24,5,-1,1,2,8,4,7,6,3,5,9,12,4,5,5,-3,2,3,3,1,1,6,5,-12,3,4,4,2,4,2,3,2,2,2,2,3,300,280,300,275,250,280,300,275,250,200,3,3,3,3,7,2,3,1.206768274307251,-0.96362203359603882,-0.18387818336486816,1,0,0,0,0,0,0,0,1,0,1,1,1,0,1,0,1,1,1,0,0,0,0,2.995732307434082,2.995732307434082,3.2188758850097656,3.2188758850097656,3.9120230674743652
1,1,0,1,0,0,0,0,1,0,1,0,1,1,1,0,1,0,0,0,0,0,50,100,50,50,150,0,0,0,0,0,2f,10,0,0,0.02,87,123,3,-5,1,1,1,2,2,2,2,2,2,2,479,1,4,21,14,5,-1,5,9,6,4,12,2,8,7,1,3,3,3,3,-5,2,2,4,2,2,6,6,-17,2,2,2,3,3,1,1,1,1,2,2,1,300,250,150,100,150,250,150,100,150,0,3,1,1,1,4,0,1,-0.082295022904872894,-0.73198395967483521,-1.2682526111602783,1,1,1,0,0,0,0,0,1,1,1,0,1,1,1,0,1,0,1,0,1,1,0,3.9120230674743652,4.6051702499389648,3.9120230674743652,3.9120230674743652,5.0106353759765625
2,1,1,1,1,0,1,0,1,0,1,0,0,1,0,0,0,0,0,0,1,0,60,60,120,210,150,0,0,0,1,1,2a,6,4,0,0.02,68,18,0.59999999999999998,-2,1,1,1,1,1,2,2,2,2,2,479,1,1,17,-15,5,-43,1,2,12,6,5,9,7,3,8,4,4,4,1,-32,2,1,1,2,5,7,5,-45,1,4,3,2,2,1,3,1,2,2,3,1,300,360,300,420,200,360,300,420,200,50,2,2,2,1,6,2,3,0.4429510235786438,-0.88806670904159546,-0.83280646800994873,0,0,0,0,1,0,0,0,0,1,0,1,1,0,1,0,1,1,0,1,0,0,0,4.0943446159362793,4.0943446159362793,4.7874917984008789,5.3471074104309082,5.0106353759765625
2,2,1,1,0,1,0,0,1,0,1,0,0,1,1,1,1,0,1,0,0,1,10,50,20,50,70,0,1,0,1,0,1a,4,6,0,0.02,22,111,0,-15,1,1,1,1,1,1,2,2,2,2,477,1,2,23,22,2,-105,1,2,9,8,6,3,4,7,5,12,2,2,2,-34,2,1,1,1,1,7,7,-12,1,4,5,2,5,1,3,1,1,2,1,3,300,310,350,330,380,310,350,330,380,300,2,2,1,1,7,2,4,-0.89330512285232544,-1.747588038444519,-0.80611759424209595,0,0,0,0,1,0,0,0,0,0,1,0,1,0,1,1,1,1,1,1,0,0,0,2.3025851249694824,3.9120230674743652,2.995732307434082,3.9120230674743652,4.2484951019287109
2,2,0,0,1,1,0,0,1,0,1,0,1,0,0,1,1,0,0,1,0,1,50,50,90,80,50,0,1,0,1,0,3b,9,1,0,0.02,70,78,2.3999999999999999,-3,1,1,1,1,1,1,2,2,2,2,479,1,1,22,13,5,-53,5,4,6,2,3,8,7,12,1,9,1,4,5,-17,2,5,2,7,7,6,6,-25,4,4,5,4,3,2,4,3,5,4,4,2,300,250,200,280,360,250,200,280,360,300,3,3,1,1,7,2,4,-0.17490097880363464,0.78710782527923584,1.2847690582275391,1,0,0,0,0,0,0,0,1,1,0,0,1,0,1,1,1,1,1,0,0,0,0,3.9120230674743652,3.9120230674743652,4.499809741973877,4.3820266723632812,3.9120230674743652
1,2,0,0,0,0,0,0,1,0,1,0,1,0,1,0,1,0,0,0,0,0,60,100,140,100,300,0,0,0,0,0,7d,10,0,0,0.02,76,160,3,-1,1,1,1,1,1,1,2,2,2,2,476,1,2,22,17,5,3,9,3,1,7,5,6,4,8,2,12,1,1,1,-12,1,1,1,1,2,7,7,-19,1,1,2,1,2,1,4,1,1,1,1,1,300,240,340,200,300,240,340,200,300,0,3,3,3,3,7,2,2,-1.704315185546875,-1.7402902841567993,-1.8552627563476562,1,0,0,0,0,0,0,0,1,0,1,0,1,1,1,0,1,0,1,0,0,0,0,4.0943446159362793,4.6051702499389648,4.9416422843933105,4.6051702499389648,5.7037825584411621
1,2,1,1,0,1,1,0,1,0,1,0,0,1,1,1,0,0,0,1,1,1,20,40,80,120,160,1,0,0,1,0,6e,7,3,0,0.02,46,158,1.2,-5,1,1,1,2,2,2,2,2,2,2,479,1,3,24,13,4,-49,1,7,2,6,12,5,3,8,4,9,4,4,4,-5,3,1,5,1,2,6,6,-22,3,4,1,2,3,1,3,2,2,2,3,2,300,280,240,150,260,280,240,150,260,410,2,2,1,1,4,0,2,0.72871506214141846,-0.75101810693740845,-0.45389077067375183,0,0,0,0,1,0,0,0,1,1,1,0,0,0,0,0,1,1,1,1,0,0,0,2.995732307434082,3.6888794898986816,4.3820266723632812,4.7874917984008789,5.0751738548278809
1,2,1,0,1,0,0,0,1,0,1,0,0,0,0,0,1,0,0,0,0,0,20,30,30,40,50,1,0,1,1,0,6c,6,4,0,0.02,45,95,0.59999999999999998,-5,1,1,1,1,1,2,2,2,2,2,479,2,3,21,19,5,-14,1,2,3,7,12,4,9,8,5,6,2,2,4,-7,2,2,2,2,3,6,6,-7,2,3,2,1,3,4,3,1,2,2,1,1,300,280,310,280,240,280,310,280,240,190,2,1,1,1,6,2,2,-0.70279574394226074,-0.88853460550308228,-0.89260017871856689,0,0,0,0,1,1,1,1,1,0,1,1,1,0,0,0,0,1,1,1,2,2,2,2.995732307434082,3.4011974334716797,3.4011974334716797,3.6888794898986816,3.9120230674743652
1,1,1,0,0,0,0,0,1,0,1,0,0,0,1,0,1,0,0,0,0,0,120,120,20,60,20,1,1,1,1,1,6d,10,0,0,0.02,99,130,3,0,1,1,1,1,2,2,2,2,2,2,479,1,4,25,17,5,-60,12,1,5,4,2,7,3,9,6,8,5,2,2,-28,7,3,3,6,6,7,1,-33,5,3,4,5,2,4,2,4,5,2,5,1,300,180,60,80,20,180,60,80,20,40,2,1,1,1,5,1,1,0.10556560754776001,1.3823940753936768,1.1962777376174927,0,0,0,0,1,1,0,0,1,1,0,1,0,1,0,1,0,1,0,1,2,0,0,4.7874917984008789,4.7874917984008789,2.995732307434082,4.0943446159362793,2.995732307434082
2,2,1,1,0,0,1,0,1,0,1,0,0,1,1,0,0,1,0,0,0,0,50,60,50,10,39,0,0,0,0,1,7c,5,0,5,0.02,123,0,1.5,0,1,1,1,1,1,1,2,2,2,2,479,2,4,22,26,3,-12,6,2,1,3,5,7,4,8,9,12,1,1,4,-5,3,3,3,3,2,7,6,-16,3,2,4,2,2,1,4,4,2,3,3,2,300,340,280,230,240,340,280,230,240,201,2,2,1,1,7,2,4,-1.4185512065887451,-0.57024532556533813,-0.19916188716888428,0,0,0,0,1,0,0,0,0,1,1,0,1,0,1,0,1,0,0,1,0,0,0,3.9120230674743652,4.0943446159362793,3.9120230674743652,2.3025851249694824,3.6635615825653076
2,2,1,0,1,1,1,0,1,0,1,0,0,0,0,1,0,0,0,0,0,0,50,50,50,25,25,1,1,1,0,0,2c,2,3,5,0.02,0,40,0,-11,1,1,1,1,1,1,1,1,1,2,470,2,1,18,16,3,-66,8,6,12,5,7,2,4,1,9,3,5,5,5,-9,6,2,1,6,3,6,5,-34,2,3,4,1,5,1,3,2,3,1,4,2,300,250,200,150,125,250,200,150,125,150,2,1,1,1,10,2,4,1.5397251844406128,0.21278208494186401,-0.30754232406616211,0,0,0,0,1,1,1,0,1,1,1,1,0,0,0,1,0,0,1,1,2,2,0,3.9120230674743652,3.9120230674743652,3.9120230674743652,3.2188758850097656,3.2188758850097656
1,2,1,1,0,0,1,0,1,0,1,0,0,1,1,0,0,1,1,1,1,1,45,50,100,100,145,0,1,0,1,0,2e,6,4,0,0.02,85,138,0.59999999999999998,-1,1,1,1,2,2,2,2,2,2,2,478,2,1,20,-36,4,-69,5,6,3,12,9,7,8,1,4,2,4,4,5,-26,6,5,6,6,6,6,5,-34,4,5,5,5,5,4,5,2,4,5,5,5,300,335,375,265,155,335,375,265,155,290,2,2,1,1,4,0,2,0.82396978139877319,1.6246970891952515,2.2728419303894043,0,0,0,0,1,0,0,0,0,0,1,1,0,0,1,1,1,1,1,1,0,0,0,3.8066625595092773,3.9120230674743652,4.6051702499389648,4.6051702499389648,4.9767336845397949
1,1,0,1,0,1,1,0,1,0,1,0,1,1,1,1,0,0,0,0,0,0,50,50,50,50,50,1,1,1,1,0,1c,8,2,0,0.02,53,39,1.8,-2,1,1,1,1,1,1,2,2,2,2,479,1,1,21,22,4,-42,1,3,2,4,12,7,9,8,5,6,2,2,2,-24,6,6,5,3,6,4,4,-60,2,3,4,3,4,3,2,2,4,2,3,2,300,350,400,450,500,350,400,450,500,550,3,1,1,1,7,2,1,-0.89330512285232544,1.3693501949310303,0.14472606778144836,1,1,1,1,0,0,0,0,0,0,0,0,0,0,0,1,0,1,1,0,1,1,1,3.9120230674743652,3.9120230674743652,3.9120230674743652,3.9120230674743652,3.9120230674743652
2,2,0,1,1,1,1,0,1,0,1,0,1,1,0,1,0,1,0,0,0,0,30,50,100,100,200,0,0,0,0,0,6b,3,0,7,0.02,0,12,0.90000000000000002,-3,1,1,1,1,1,1,1,2,2,2,479,1,2,22,20,4,-9,8,1,4,7,5,6,2,3,12,9,5,2,2,-12,6,7,4,7,7,2,5,-24,4,4,2,4,5,2,4,4,4,5,4,5,300,260,210,310,210,260,210,310,210,410,3,1,1,1,8,2,4,0.10556560754776001,2.2325809001922607,1.6497699022293091,1,1,0,0,0,0,0,0,1,1,0,1,0,1,1,0,1,0,1,0,1,0,0,3.4011974334716797,3.9120230674743652,4.6051702499389648,4.6051702499389648,5.2983174324035645
1,1,1,1,1,1,1,1,0,1,1,0,1,0,1,1,0,0,1,1,1,1,20,100,300,500,1000,1,0,1,1,0,3c,7,3,0,0.02,169,169,1.2,-2,1,1,1,1,1,2,2,2,2,2,479,2,1,19,17,5,-45,1,7,12,6,5,2,8,3,9,4,1,1,1,-4,3,5,3,1,1,6,6,-18,1,3,4,2,2,4,1,1,1,1,1,1,300,320,410,700,1190,320,410,700,1190,2180,2,2,2,2,6,2,1,-1.704315185546875,-0.71973890066146851,-1.3294918537139893,1,0,0,0,0,0,0,0,0,0,0,0,0,0,1,1,1,1,1,0,0,0,0,2.995732307434082,4.6051702499389648,5.7037825584411621,6.2146081924438477,6.9077553749084473
2,2,0,0,1,1,0,1,0,1,1,0,0,1,1,1,1,0,0,0,0,0,10,10,10,10,10,1,1,1,1,1,1a,9,1,0,0.02,61,26,2.3999999999999999,-7,1,1,1,1,2,2,2,2,2,2,479,1,1,18,20,5,-496,9,1,5,7,12,6,2,8,4,3,1,1,1,-16,3,3,3,5,4,5,4,-25,4,5,2,3,4,2,3,1,4,3,3,1,300,290,300,310,320,290,300,310,320,330,3,3,1,1,5,1,4,-1.704315185546875,0.39472979307174683,0.39310595393180847,0,0,0,0,1,0,0,0,1,0,0,0,0,1,1,0,1,1,0,1,0,0,0,2.3025851249694824,2.3025851249694824,2.3025851249694824,2.3025851249694824,2.3025851249694824
2,1,1,1,0,1,0,1,0,1,1,0,1,0,0,1,1,1,1,1,1,1,20,20,40,20,20,1,0,1,1,0,5d,6,4,0,0.02,99999,99999,0.59999999999999998,99999,1,1,1,1,1,2,2,2,2,2,99999,2,1,20,99999,5,99999,3,2,7,1,8,5,6,12,4,9,5,5,5,99999,2,1,2,5,3,6,7,99999,3,4,4,4,5,3,4,3,3,4,3,4,300,310,320,270,280,310,320,270,280,250,2,2,1,1,6,2,3,1.5397251844406128,-0.58623015880584717,1.0806230306625366,1,0,0,0,0,0,0,0,0,0,1,0,1,0,1,1,1,1,1,0,0,0,0,2.995732307434082,2.995732307434082,3.6888794898986816,2.995732307434082,2.995732307434082
2,1,1,0,1,1,0,1,0,1,1,0,1,1,1,1,1,1,1,0,0,0,10,75,100,295,610,1,0,1,1,1,1b,8,2,0,0.02,57,38,1.8,-29,1,1,1,1,2,2,2,2,2,2,479,1,1,18,10,3,-416,6,2,9,8,4,5,7,12,1,3,1,1,1,-33,2,2,1,3,2,6,6,-56,2,2,3,4,2,2,2,1,2,2,2,1,300,300,215,315,610,300,215,315,610,1220,2,1,1,1,5,1,3,-1.704315185546875,-0.98658901453018188,-0.83714962005615234,1,1,1,1,0,0,0,0,0,1,0,0,0,0,1,1,1,1,0,0,1,1,1,2.3025851249694824,4.3174881935119629,4.6051702499389648,5.6869754791259766,6.4134588241577148
2,2,1,0,0,1,1,1,0,1,1,0,1,1,0,1,0,1,0,0,0,0,100,100,60,150,200,1,1,0,0,0,6b,10,0,0,0.02,155,155,3,-1,1,1,1,1,2,2,2,2,2,2,480,1,2,21,21,5,1,8,12,7,4,9,6,5,1,2,3,4,4,2,0,4,1,1,5,2,6,7,-8,3,5,4,5,5,5,3,4,2,3,2,1,300,390,490,550,400,390,490,550,400,600,2,1,1,1,5,1,4,0.53820574283599854,-0.61626780033111572,0.72984546422958374,1,1,0,0,0,0,0,0,0,0,0,1,0,0,1,0,0,0,1,0,1,0,0,4.6051702499389648,4.6051702499389648,4.0943446159362793,5.0106353759765625,5.2983174324035645
2,1,1,1,1,0,0,1,0,1,1,0,1,0,1,0,1,1,0,0,0,0,10,20,50,30,100,1,1,1,0,1,7a,7,3,0,0.02,29,15,1.2,-1,1,1,1,1,1,1,2,2,2,2,479,2,3,21,25,4,-3,1,2,12,5,9,4,6,8,7,3,4,4,4,7,5,5,5,5,5,5,5,6,3,3,3,3,3,3,3,3,3,3,3,3,300,300,280,330,360,300,280,330,360,460,2,2,2,1,7,2,3,0.72871506214141846,1.1648654937744141,0.36903110146522522,1,0,0,0,0,0,0,0,0,1,0,0,0,0,1,0,1,0,0,0,0,0,0,2.3025851249694824,2.995732307434082,3.9120230674743652,3.4011974334716797,4.6051702499389648
2,1,1,0,0,0,1,1,0,1,1,0,1,1,0,0,0,1,0,0,0,0,20,60,70,160,10,1,1,0,0,1,2d,10,0,0,0.02,0,1,3,0,1,1,1,1,2,2,2,2,2,2,479,1,1,19,16,4,-34,2,9,1,4,7,12,5,6,8,3,4,3,2,-26,6,6,5,5,6,6,2,-30,4,5,3,5,5,4,3,1,4,3,4,4,300,310,370,440,600,310,370,440,600,590,2,1,1,1,5,1,3,0.15540720522403717,1.7068599462509155,1.3998771905899048,1,1,0,0,0,0,0,0,0,0,0,0,1,0,1,0,0,0,0,0,1,0,0,2.995732307434082,4.0943446159362793,4.2484951019287109,5.0751738548278809,2.3025851249694824
1,2,1,0,1,0,0,1,0,1,1,0,1,1,1,0,1,1,0,0,0,0,40,30,30,20,20,1,1,1,0,1,4b,3,1,6,0.02,0,37,0.59999999999999998,-4,1,1,1,1,1,1,1,2,2,2,478,2,6,22,6,4,-104,9,2,12,6,4,3,7,5,8,1,3,3,4,-37,7,5,3,3,7,3,5,-57,2,2,1,4,2,1,3,1,2,2,2,2,300,330,360,390,410,330,360,390,410,430,2,1,1,1,8,2,2,0.012959655374288559,1.2213435173034668,-0.87022513151168823,1,1,1,0,0,0,0,0,0,0,0,0,0,0,1,0,1,0,0,0,1,1,0,3.6888794898986816,3.4011974334716797,3.4011974334716797,2.995732307434082,2.995732307434082
1,2,1,0,1,0,1,1,0,1,1,0,1,1,1,0,0,0,0,0,1,0,20,30,10,40,200,0,1,0,1,0,3d,6,4,0,0.02,73,49,0.59999999999999998,-4,1,1,1,1,1,2,2,2,2,2,479,2,1,20,-13,5,-50,7,8,3,4,12,6,1,5,2,9,2,3,4,-33,3,2,2,6,6,6,3,-30,3,4,4,3,2,2,2,1,4,3,3,3,300,280,310,300,250,280,310,300,250,450,2,1,1,1,6,2,2,-0.31999725103378296,0.56391847133636475,0.27961114048957825,1,1,1,0,0,0,0,0,1,0,1,1,0,0,0,0,0,1,1,0,1,1,0,2.995732307434082,3.4011974334716797,2.3025851249694824,3.6888794898986816,5.2983174324035645
1,1,0,1,1,1,1,1,0,1,1,0,0,0,1,1,0,0,0,0,0,0,50,50,50,50,50,1,0,0,1,1,5e,7,2,1,0.02,99999,99999,1.5,99999,1,1,1,1,1,1,2,2,2,2,99999,1,1,19,99999,5,99999,5,12,1,4,3,8,9,7,2,6,4,4,4,99999,2,2,2,2,2,6,6,99999,3,4,4,3,3,2,4,1,2,3,3,1,300,250,300,250,300,250,300,250,300,250,3,1,1,1,7,2,1,0.72871506214141846,-1.0142011642456055,-0.068559639155864716,0,0,0,0,1,1,0,0,1,0,1,0,1,0,1,1,0,1,0,1,2,0,0,3.9120230674743652,3.9120230674743652,3.9120230674743652,3.9120230674743652,3.9120230674743652
2,2,1,1,0,1,0,1,0,1,1,0,1,0,0,1,1,0,0,0,0,0,25,50,100,100,75,1,1,1,1,1,3f,5,0,5,0.02,0,102,1.5,-57,1,1,1,1,1,2,2,2,2,2,479,2,1,20,22,4,-28,1,9,12,4,6,5,3,7,2,8,1,1,1,-16,6,7,6,7,7,5,1,-14,4,3,2,4,3,2,1,2,3,3,3,2,300,325,275,175,275,325,275,175,275,350,2,2,1,1,6,2,4,-1.704315185546875,2.6089675426483154,0.10141121596097946,1,0,0,0,0,0,0,0,0,1,1,0,0,1,1,0,1,1,0,0,0,0,0,3.2188758850097656,3.9120230674743652,4.6051702499389648,4.6051702499389648,4.3174881935119629
1,1,1,0,1,1,1,1,0,1,1,0,1,1,1,1,0,0,0,0,0,0,20,50,90,50,30,1,1,0,0,0,1c,10,0,0,0.02,2,57,3,0,1,1,1,1,1,1,1,1,2,2,479,2,1,20,20,5,-11,1,9,4,2,5,3,7,6,12,8,4,4,4,-15,2,2,2,4,4,7,7,-25,4,5,3,3,5,2,4,1,2,3,4,5,300,320,370,280,230,320,370,280,230,260,2,1,1,1,9,2,1,0.72871506214141846,-0.61352670192718506,0.80364549160003662,1,1,1,1,0,0,0,0,0,0,1,1,0,0,1,0,0,0,1,0,1,1,1,2.995732307434082,3.9120230674743652,4.499809741973877,3.9120230674743652,3.4011974334716797
2,2,1,1,0,1,0,1,0,1,1,0,1,0,0,1,1,1,1,1,1,1,60,100,140,160,710,1,0,0,1,1,3b,3,2,5,0.02,0,152,0.29999999999999999,-12,1,1,1,1,2,2,2,2,2,2,479,1,1,17,14,4,-27,2,9,6,1,5,3,7,12,8,4,5,3,3,-3,4,2,5,6,6,7,7,-15,3,4,5,4,5,1,3,3,4,2,4,1,300,350,440,570,720,350,440,570,720,1420,2,2,1,1,5,1,4,0.58361881971359253,0.63531136512756348,0.56177079677581787,1,0,0,0,0,0,0,0,0,0,0,0,0,0,1,1,0,1,0,0,0,0,0,4.0943446159362793,4.6051702499389648,4.9416422843933105,5.0751738548278809,6.5652651786804199
1,2,0,1,1,1,0,1,0,1,1,0,0,0,1,1,1,0,0,0,0,0,100,75,150,150,100,0,0,0,1,0,4f,8,2,0,0.02,13,34,1.8,-6,1,1,1,2,2,2,2,2,2,2,470,1,2,20,16,5,-1,6,3,9,8,2,1,7,5,4,12,3,3,4,-3,6,3,1,4,5,6,3,-15,3,3,3,1,5,2,1,2,3,2,4,2,300,400,475,325,475,400,475,325,475,375,3,1,1,1,4,0,2,0.012959655374288559,0.42459872364997864,-0.12413445860147476,0,0,0,0,1,1,0,0,0,0,1,0,1,0,0,1,0,1,1,1,2,0,0,4.6051702499389648,4.3174881935119629,5.0106353759765625,5.0106353759765625,4.6051702499389648
2,2,0,1,0,1,1,1,0,1,1,0,0,0,0,1,0,0,0,0,0,0,10,10,10,10,20,1,1,1,1,1,2c,8,2,0,0.02,119,148,1.8,0,1,1,1,1,1,2,2,2,2,2,479,1,1,21,15,4,-12,12,9,6,3,5,4,1,8,7,2,2,4,4,-29,3,2,2,2,3,5,4,-28,2,3,4,2,3,1,2,3,3,3,2,1,300,290,280,270,280,290,280,270,280,260,3,1,1,1,6,2,4,0.062801256775856018,-0.48799845576286316,-0.44355639815330505,0,0,0,0,1,1,1,0,1,1,1,0,1,1,1,0,1,1,0,1,2,2,0,2.3025851249694824,2.3025851249694824,2.3025851249694824,2.3025851249694824,2.995732307434082
2,1,0,0,0,0,1,1,0,1,1,0,0,1,0,0,0,0,0,0,0,0,12,15,20,25,18,1,1,1,0,0,2a,9,1,0,0.02,18,19,2.3999999999999999,-2,1,1,1,1,1,2,2,2,2,2,479,2,1,19,13,5,7,1,9,3,12,7,2,5,4,8,6,3,3,4,-9,3,3,2,2,2,5,7,-12,1,2,3,1,4,2,2,3,4,4,4,3,300,288,303,283,308,288,303,283,308,326,3,3,3,3,6,2,3,0.012959655374288559,-0.78607571125030518,0.21182271838188171,0,0,0,0,1,0,0,0,1,0,1,0,0,0,1,0,1,0,1,1,0,0,0,2.4849066734313965,2.7080502510070801,2.995732307434082,3.2188758850097656,2.8903717994689941
1,2,1,1,1,0,0,1,0,1,1,0,1,0,1,0,1,0,0,0,0,0,20,40,30,100,60,0,0,0,0,1,7d,9,1,0,0.02,18,8,2.3999999999999999,-1,1,1,1,1,2,2,2,2,2,2,471,2,1,19,-6,5,-79,5,12,2,3,1,6,7,8,4,9,2,2,2,-38,2,5,1,1,6,2,6,-45,2,4,5,3,2,2,4,1,2,3,2,3,300,280,320,290,390,280,320,290,390,450,2,2,2,1,5,1,2,-0.89330512285232544,-0.11585971713066101,-0.14664208889007568,1,0,0,0,0,0,0,0,1,0,1,0,0,0,0,1,0,0,0,0,0,0,0,2.995732307434082,3.6888794898986816,3.4011974334716797,4.6051702499389648,4.0943446159362793
1,1,0,0,0,0,0,1,0,1,1,0,0,1,0,0,1,0,0,0,0,0,100,50,150,50,50,1,1,1,1,1,2b,8,2,0,0.02,1,59,1.8,-1,1,1,1,1,1,1,1,2,2,2,478,1,1,19,-186,4,-100,6,2,4,9,12,1,7,8,3,5,4,4,3,-23,4,2,5,5,4,5,3,-102,1,3,2,2,3,2,3,1,2,1,2,1,300,200,250,100,50,200,250,100,50,100,3,3,3,3,8,2,1,0.6334604024887085,0.77959215641021729,-1.1102718114852905,0,0,0,0,1,0,0,0,1,0,1,1,0,1,1,0,1,1,0,1,0,0,0,4.6051702499389648,3.9120230674743652,5.0106353759765625,3.9120230674743652,3.9120230674743652
2,1,1,1,0,1,0,1,0,1,1,0,1,0,0,1,1,0,0,0,0,0,10,10,12,20,10,1,1,1,1,0,3e,5,5,0,0.02,25,69,0,-100,1,1,1,1,1,1,2,2,2,2,479,2,2,19,17,4,-34,2,1,5,12,3,9,6,8,4,7,3,4,4,-30,5,2,3,3,5,5,5,-49,3,3,3,3,3,3,5,3,2,3,3,2,300,310,300,288,308,310,300,288,308,298,2,2,1,1,7,2,3,0.39575815200805664,0.21583442389965057,0.22842241823673248,1,0,0,0,0,0,0,0,0,1,1,0,1,0,1,0,1,1,1,0,0,0,0,2.3025851249694824,2.3025851249694824,2.4849066734313965,2.995732307434082,2.3025851249694824
1,2,0,0,1,1,1,1,0,1,1,0,0,1,1,1,0,0,0,0,0,1,100,100,60,20,50,1,0,0,1,0,6e,4,1,5,0.02,0,1,0.90000000000000002,-133,1,1,1,2,2,2,2,2,2,2,479,1,4,28,9,4,-40,1,9,6,8,5,2,3,12,7,4,3,3,3,-12,3,3,2,4,4,7,6,-53,3,3,3,3,2,1,2,3,2,4,4,3,300,200,100,40,60,200,100,40,60,100,3,3,1,1,4,0,2,-0.082295022904872894,-0.29130002856254578,0.14702802896499634,0,0,0,0,1,0,0,0,1,1,1,0,0,0,1,1,0,1,1,1,0,0,0,4.6051702499389648,4.6051702499389648,4.0943446159362793,2.995732307434082,3.9120230674743652
1,1,1,0,1,0,0,1,0,1,1,0,1,1,1,0,1,0,0,0,0,0,100,100,40,50,50,0,0,1,1,0,2f,5,0,5,0.02,0,48,1.5,-7,1,1,1,2,2,2,2,2,2,2,478,1,1,19,15,5,-34,1,3,2,4,6,12,5,8,9,7,4,4,3,-1,3,3,3,3,3,5,6,-29,2,2,3,2,4,4,2,3,3,3,2,4,300,200,100,140,90,200,100,140,90,40,2,1,1,1,4,0,1,0.6334604024887085,-0.25651261210441589,0.11249013990163803,1,1,1,0,0,0,0,0,1,1,0,1,1,0,0,1,1,1,1,0,1,1,0,4.6051702499389648,4.6051702499389648,3.6888794898986816,3.9120230674743652,3.9120230674743652
2,1,0,1,1,0,1,1,0,1,1,0,0,0,1,0,0,1,0,0,0,0,20,10,20,20,10,1,1,1,1,1,4e,9,1,0,0.02,6,94,2.3999999999999999,-1,1,1,1,1,1,1,1,1,2,2,479,1,4,22,19,4,-1,9,6,3,4,5,12,1,8,7,2,2,4,4,-6,2,2,2,2,2,6,5,-8,1,3,4,3,2,3,4,2,1,1,1,1,300,270,260,280,260,270,260,280,260,250,3,1,1,1,9,2,3,0.062801256775856018,-0.92013400793075562,-1.0482964515686035,0,0,0,0,1,1,0,0,1,1,0,1,1,1,1,0,1,1,0,1,2,0,0,2.995732307434082,2.3025851249694824,2.995732307434082,2.995732307434082,2.3025851249694824
1,2,0,0,1,0,1,1,0,1,1,0,0,1,1,0,0,0,0,0,0,0,15,25,10,10,20,1,1,1,0,1,2e,5,0,5,0.02,0,3,1.5,-1,1,1,1,1,1,1,1,2,2,2,479,1,4,24,9,4,-37,8,5,7,6,1,3,12,2,4,9,3,3,2,-2,2,5,2,5,4,6,5,-12,2,2,4,3,4,3,4,3,3,2,2,3,300,285,310,320,330,285,310,320,330,310,3,3,1,1,8,2,2,-0.17754970490932465,0.16673372685909271,0.037445846945047379,0,0,0,0,1,0,0,0,1,0,0,0,1,0,1,0,1,0,0,1,0,0,0,2.7080502510070801,3.2188758850097656,2.3025851249694824,2.3025851249694824,2.995732307434082
1,2,1,0,1,1,0,1,0,1,1,0,1,1,1,1,1,0,0,0,0,0,10,20,25,35,20,1,1,1,0,0,4c,7,3,0,0.02,32,128,1.2,-9,1,1,1,1,1,1,1,1,1,2,479,2,4,22,23,4,-55,9,12,8,2,3,6,4,7,5,1,2,3,3,-1,3,3,3,5,5,6,4,-6,3,4,5,5,3,3,4,3,3,3,5,3,300,310,330,355,320,310,330,355,320,300,2,1,1,1,10,2,2,-0.41525194048881531,0.42636331915855408,1.1518541574478149,1,1,1,1,0,0,0,0,0,0,0,1,1,0,1,0,1,0,1,0,1,1,1,2.3025851249694824,2.995732307434082,3.2188758850097656,3.5553481578826904,2.995732307434082
2,2,0,0,0,1,0,1,0,1,1,0,0,1,0,1,1,0,0,0,0,0,50,50,75,50,75,1,1,1,1,0,4d,5,4,1,0.02,12,135,0.29999999999999999,-12,1,1,1,1,1,1,2,2,2,2,480,2,1,18,20,5,-33,9,12,3,4,6,8,5,2,7,1,4,5,4,-17,6,6,3,6,7,6,6,-20,5,5,4,5,4,3,4,5,4,4,5,4,300,250,300,225,275,250,300,225,275,200,3,3,3,1,7,2,4,1.111513614654541,1.3427613973617554,2.0862374305725098,0,0,0,0,1,0,0,0,1,0,1,0,1,0,1,0,1,1,1,1,0,0,0,3.9120230674743652,3.9120230674743652,4.3174881935119629,3.9120230674743652,4.3174881935119629
2,2,0,1,0,1,0,1,1,0,0,1,0,1,1,0,0,0,0,0,0,0,30,90,60,150,200,1,1,1,0,1,7c,4,1,5,0.02,0,58,0.90000000000000002,-3,1,1,1,1,2,2,2,2,2,2,479,1,4,24,26,4,-118,9,7,6,5,3,1,2,8,12,4,4,4,3,-5,5,1,1,1,1,7,6,-24,1,4,4,4,3,2,3,2,2,1,1,1,300,270,360,420,570,270,360,420,570,370,3,1,1,1,5,1,4,0.6334604024887085,-1.2984147071838379,-0.77846300601959229,0,0,0,0,1,0,0,0,1,0,0,0,1,0,1,1,0,1,1,1,0,0,0,3.4011974334716797,4.499809741973877,4.0943446159362793,5.0106353759765625,5.2983174324035645
1,2,1,0,0,0,1,1,1,0,0,1,1,0,1,1,1,0,1,0,0,0,30,30,15,10,10,0,1,0,0,0,8d,6,4,0,0.02,53,107,0.59999999999999998,-4,1,1,1,1,1,1,1,2,2,2,479,2,1,24,7,5,-64,7,3,12,4,5,1,8,6,9,2,2,2,2,-13,3,7,5,7,7,6,6,-34,5,5,3,5,5,3,3,3,4,4,4,5,300,270,230,215,205,270,230,215,205,195,2,1,1,1,8,2,2,-0.89330512285232544,1.5483839511871338,1.8205184936523438,1,0,0,0,0,0,0,0,1,1,1,1,1,0,0,1,1,1,0,0,0,0,0,3.4011974334716797,3.4011974334716797,2.7080502510070801,2.3025851249694824,2.3025851249694824
1,2,0,0,0,0,1,1,1,0,0,1,0,0,1,1,1,0,0,0,0,0,10,10,10,10,20,0,0,0,0,0,4f,10,0,0,0.02,34,112,3,-1,1,1,1,1,1,1,1,1,2,2,479,1,4,24,6,5,-16,1,2,12,3,9,7,6,5,4,8,3,3,3,-6,7,4,1,7,7,3,2,-18,5,5,5,5,5,2,5,5,5,5,5,2,300,310,320,310,300,310,320,310,300,280,3,3,3,3,9,2,2,-0.082295022904872894,1.7864201068878174,2.2763535976409912,0,0,0,0,1,1,0,0,0,0,1,1,1,1,0,0,1,1,0,1,2,0,0,2.3025851249694824,2.3025851249694824,2.3025851249694824,2.3025851249694824,2.995732307434082
1,1,0,1,1,1,1,1,1,0,0,1,0,1,0,0,1,0,0,0,0,0,60,52,60,60,60,1,1,1,1,1,2b,5,0,5,0.02,0,116,1.5,-5,1,1,1,1,1,1,1,1,2,2,478,1,1,20,9,5,-15,2,4,1,5,12,6,3,7,9,8,5,5,5,-15,6,3,3,5,1,7,5,-25,4,4,3,5,1,1,4,1,1,1,1,2,300,240,292,232,172,240,292,232,172,232,3,1,1,1,9,2,1,1.5397251844406128,0.090703055262565613,-0.72603988647460938,0,0,0,0,1,0,0,0,1,0,1,1,0,1,1,1,0,0,1,1,0,0,0,4.0943446159362793,3.9512436389923096,4.0943446159362793,4.0943446159362793,4.0943446159362793
1,1,0,1,0,0,0,1,1,0,0,1,0,1,1,1,0,0,0,0,0,0,10,10,10,10,10,1,1,1,1,1,4a,10,0,0,0.02,1,108,3,0,1,1,1,1,1,2,2,2,2,2,479,2,4,25,8,5,-18,1,8,6,9,12,7,3,4,5,2,4,4,4,-17,3,3,3,3,3,5,5,-15,3,3,2,3,2,2,3,2,2,3,3,3,300,290,300,310,320,290,300,310,320,310,3,1,1,1,6,2,1,0.72871506214141846,-0.16244547069072723,-0.11255863308906555,0,0,0,0,1,0,0,0,1,0,0,0,1,1,1,1,0,0,1,1,0,0,0,2.3025851249694824,2.3025851249694824,2.3025851249694824,2.3025851249694824,2.3025851249694824
2,1,1,1,1,1,0,1,1,0,0,1,1,1,0,0,0,1,1,1,1,1,15,35,50,65,155,1,1,1,1,1,2d,8,2,0,0.02,68,174,1.8,-105,1,1,1,1,1,1,2,2,2,2,479,1,2,21,24,5,1,6,3,8,4,12,2,7,1,9,5,3,3,2,-1,6,3,3,3,4,6,5,-11,3,4,3,3,2,2,1,2,3,3,2,1,300,305,330,270,195,305,330,270,195,30,2,2,2,2,7,2,3,-0.17754970490932465,0.22429428994655609,-0.28864774107933044,1,1,0,0,0,0,0,0,0,0,1,1,1,1,1,1,0,0,1,0,1,0,0,2.7080502510070801,3.5553481578826904,3.9120230674743652,4.1743874549865723,5.0434250831604004
1,2,0,1,0,1,0,1,1,0,0,1,0,1,1,0,0,0,0,0,0,0,30,40,30,30,50,1,1,1,1,1,2e,8,2,0,0.02,75,140,1.8,1,1,1,1,1,2,2,2,2,2,2,479,1,1,21,21,5,-33,7,12,9,4,6,5,2,3,8,1,4,5,2,-1,2,6,1,2,5,6,6,-9,4,5,2,4,5,5,5,3,4,4,3,3,300,270,310,340,310,270,310,340,310,260,3,1,1,1,5,1,2,0.92100423574447632,-0.33914706110954285,1.5502063035964966,0,0,0,0,1,0,0,0,1,0,0,1,1,1,1,1,0,0,1,1,0,0,0,3.4011974334716797,3.6888794898986816,3.4011974334716797,3.4011974334716797,3.9120230674743652
1,2,0,0,1,1,1,1,1,0,0,1,0,0,0,0,1,0,0,0,0,0,100,50,25,25,150,1,1,0,0,0,6c,4,6,0,0.02,99,65,0,-2,1,1,1,1,2,2,2,2,2,2,479,2,2,20,21,4,-18,2,12,1,4,6,7,3,5,9,8,4,4,3,-5,2,2,2,2,3,6,6,-16,3,4,4,4,4,4,3,4,3,3,2,3,300,200,150,175,200,200,150,175,200,50,3,3,1,1,5,1,2,0.6334604024887085,-0.88853460550308228,0.7275499701499939,0,0,0,0,1,1,1,1,1,1,0,0,1,0,1,1,1,1,0,1,2,2,2,4.6051702499389648,3.9120230674743652,3.2188758850097656,3.2188758850097656,5.0106353759765625
2,1,1,0,1,0,1,1,1,0,0,1,1,0,0,1,1,0,0,0,0,0,20,20,20,20,40,1,1,1,1,0,3e,9,1,0,0.02,61,19,2.3999999999999999,-1,1,1,1,1,1,2,2,2,2,2,479,2,4,23,18,5,-46,5,3,6,4,2,1,7,8,9,12,4,4,2,-10,3,3,2,3,5,6,5,-39,3,1,2,1,2,2,1,3,2,2,1,1,300,320,300,280,300,320,300,280,300,260,2,1,1,1,6,2,3,0.53820574283599854,-0.14625400304794312,-1.2427597045898438,1,0,0,0,0,0,0,0,0,1,1,0,1,0,1,1,0,0,0,0,0,0,0,2.995732307434082,2.995732307434082,2.995732307434082,2.995732307434082,3.6888794898986816
1,1,1,0,0,0,0,1,1,0,0,1,1,0,1,1,0,0,0,0,0,0,50,70,50,59,50,1,1,0,1,1,3c,8,2,0,0.02,6,12,1.8,-1,1,1,1,1,1,1,1,2,2,2,479,2,2,21,20,5,-12,3,2,12,6,9,4,7,1,5,8,3,3,4,-16,4,4,4,4,4,4,4,-16,3,5,4,3,5,3,2,2,2,2,2,2,300,350,280,230,289,350,280,230,289,239,2,1,1,1,8,2,1,0.012959655374288559,0.68931019306182861,0.026919512078166008,1,0,0,0,0,0,0,0,0,1,1,0,1,0,1,1,1,0,1,0,0,0,0,3.9120230674743652,4.2484951019287109,3.9120230674743652,4.0775375366210938,3.9120230674743652
2,1,1,0,0,1,1,1,1,0,0,1,1,0,1,0,1,0,0,0,0,0,60,60,60,60,20,1,0,0,0,0,7a,7,3,0,0.02,12,35,1.2,-2,1,1,1,1,1,1,1,2,2,2,479,2,6,23,12,5,-53,6,12,5,4,9,3,2,8,1,7,3,2,2,-48,5,2,5,2,5,6,6,-40,1,3,3,4,1,1,4,4,3,2,1,1,300,360,420,360,420,360,420,360,420,400,2,1,1,1,8,2,3,-0.56034821271896362,0.14123064279556274,-0.61866575479507446,1,0,0,0,0,0,0,0,0,0,1,0,1,0,1,0,1,1,0,0,0,0,0,4.0943446159362793,4.0943446159362793,4.0943446159362793,4.0943446159362793,2.995732307434082
1,2,1,1,0,1,1,1,1,0,0,1,1,1,1,0,1,1,0,0,0,0,20,40,40,40,20,1,1,1,1,0,4b,6,2,2,0.02,0,1,1.2,-3,1,1,1,1,1,1,1,2,2,2,479,1,2,19,7,4,-70,9,2,1,5,8,6,7,4,3,12,4,5,5,-8,5,3,3,3,5,7,6,-27,3,3,3,4,5,5,4,2,3,3,4,4,300,310,350,390,350,310,350,390,350,330,2,2,1,1,8,2,2,1.206768274307251,0.04349188506603241,1.0705999135971069,1,1,1,0,0,0,0,0,0,0,0,1,1,0,1,1,0,0,0,0,1,1,0,2.995732307434082,3.6888794898986816,3.6888794898986816,3.6888794898986816,2.995732307434082
1,1,0,0,0,0,0,1,1,0,0,1,0,0,1,1,0,1,0,0,0,0,20,20,10,10,10,1,1,1,1,1,5e,9,1,0,0.02,99999,99999,2.3999999999999999,99999,1,1,1,1,1,1,1,2,2,2,99999,2,3,21,99999,4,99999,1,8,3,2,4,6,5,7,9,12,4,4,4,99999,6,7,7,7,6,5,3,99999,5,5,3,5,5,4,1,5,5,5,5,4,300,270,250,260,270,270,250,260,270,260,3,3,3,3,8,2,1,0.72871506214141846,2.4362752437591553,2.333686351776123,0,0,0,0,1,1,0,0,1,1,0,0,1,1,1,1,0,0,1,1,2,0,0,2.995732307434082,2.995732307434082,2.3025851249694824,2.3025851249694824,2.3025851249694824
2,2,1,0,1,0,1,1,1,0,0,1,1,0,0,1,1,0,0,1,0,0,10,50,50,50,30,1,1,0,1,0,3f,5,0,5,0.02,0,139,1.5,-1,1,1,1,1,1,1,1,2,2,2,479,2,4,23,22,2,-65,1,6,3,4,8,5,2,7,9,12,3,3,3,-5,3,3,3,4,2,6,6,-21,3,3,2,3,2,2,3,2,2,2,3,2,300,310,260,300,350,310,260,300,350,320,2,1,1,1,8,2,4,-0.082295022904872894,-0.3074914813041687,-0.36551353335380554,1,0,0,0,0,0,0,0,0,1,0,0,1,0,1,1,1,0,0,0,0,0,0,2.3025851249694824,3.9120230674743652,3.9120230674743652,3.9120230674743652,3.4011974334716797
1,1,1,1,1,0,0,1,1,0,0,1,1,1,0,1,0,0,0,0,0,0,10,50,50,50,50,1,1,1,1,1,8a,9,1,0,0.02,99999,99999,2.3999999999999999,99999,1,1,1,1,2,2,2,2,2,2,99999,1,2,22,99999,5,99999,1,6,7,12,8,2,5,3,9,4,2,2,2,99999,4,5,2,2,1,3,3,99999,2,1,3,2,1,1,3,1,1,1,1,1,300,310,360,310,360,310,360,310,360,310,2,2,2,1,5,1,1,-0.89330512285232544,-0.0094573106616735458,-1.7317277193069458,1,1,0,0,0,0,0,0,0,0,1,0,1,1,1,1,0,0,1,0,1,0,0,2.3025851249694824,3.9120230674743652,3.9120230674743652,3.9120230674743652,3.9120230674743652
1,1,0,1,0,0,0,1,1,0,0,1,0,1,1,1,0,1,0,0,0,0,50,40,10,60,50,1,0,1,0,0,7b,6,2,2,0.02,96,127,1.2,-9,1,1,1,1,1,2,2,2,2,2,479,2,3,21,16,4,-4,1,12,3,7,5,4,8,2,6,9,1,3,3,-2,2,2,2,2,4,6,6,-10,3,3,2,2,3,2,3,2,2,3,3,2,300,240,200,210,150,240,200,210,150,200,3,1,1,1,6,2,1,-0.74820882081985474,-0.76286798715591431,-0.2503020167350769,0,0,0,0,1,0,0,0,1,1,0,1,0,0,1,0,0,1,0,1,0,0,0,3.9120230674743652,3.6888794898986816,2.3025851249694824,4.0943446159362793,3.9120230674743652
1,1,1,1,0,1,1,1,1,0,0,1,1,1,1,0,1,1,1,1,0,0,30,90,290,80,20,1,1,0,1,1,2f,8,2,0,0.02,1,4,1.8,-102,1,1,1,1,1,1,1,2,2,2,460,2,1,18,-27,3,-34,12,7,2,8,9,6,3,5,4,1,4,2,1,-20,4,4,4,3,5,7,4,-19,2,2,2,2,2,2,2,1,2,2,1,2,300,320,400,100,20,320,400,100,20,40,2,2,1,1,8,2,1,-0.32264599204063416,0.36415678262710571,-1.1423829793930054,1,1,1,0,0,0,0,0,0,0,1,1,0,0,1,1,1,0,1,0,1,1,0,3.4011974334716797,4.499809741973877,5.6698808670043945,4.3820266723632812,2.995732307434082
1,2,0,1,0,0,0,1,1,0,0,1,0,1,1,1,0,0,0,0,0,0,50,50,50,60,75,1,1,1,0,0,6e,3,2,5,0.02,0,115,0.29999999999999999,-133,1,1,1,1,1,1,1,2,2,2,479,1,3,25,21,3,12,6,7,12,3,8,2,5,1,9,4,4,4,1,-31,6,6,3,6,7,7,6,-9,4,4,4,4,4,3,3,4,4,4,4,4,300,250,300,350,290,250,300,350,290,365,3,1,1,1,8,2,2,0.4429510235786438,1.2487283945083618,1.4648928642272949,0,0,0,0,1,0,0,0,1,0,0,1,0,0,1,1,0,1,0,1,0,0,0,3.9120230674743652,3.9120230674743652,3.9120230674743652,4.0943446159362793,4.3174881935119629
2,2,0,1,1,0,1,1,1,0,0,1,0,1,0,1,1,0,0,0,0,0,50,75,100,50,200,1,1,0,0,0,4d,9,1,0,0.02,15,39,2.3999999999999999,1,1,1,1,1,1,1,1,1,1,1,478,1,1,19,22,5,-64,1,7,12,6,4,9,5,8,2,3,2,2,3,-12,2,2,2,2,2,6,6,-19,1,1,1,1,1,1,3,1,1,1,1,1,300,250,325,425,375,250,325,425,375,175,3,1,1,1,11,2,4,-0.79805046319961548,-1.0142011642456055,-2.0400524139404297,0,0,0,0,1,0,0,0,1,0,0,1,1,0,1,1,1,1,0,1,0,0,0,3.9120230674743652,4.3174881935119629,4.6051702499389648,3.9120230674743652,5.2983174324035645
2,2,1,0,1,0,1,1,1,0,0,1,1,0,0,1,1,0,0,0,0,0,20,40,50,100,100,1,0,1,1,0,3b,2,3,5,0.02,0,76,0,-13,1,1,1,1,2,2,2,2,2,2,475,1,1,19,-32,4,-34,4,12,3,7,5,6,8,2,9,1,4,4,4,-18,5,2,6,2,2,6,6,-27,1,2,2,1,3,1,4,1,1,1,1,4,300,320,360,310,410,320,360,310,410,310,2,1,1,1,5,1,4,0.72871506214141846,-0.094660468399524689,-1.3726482391357422,1,0,0,0,0,0,0,0,0,0,1,0,1,0,1,0,0,0,0,0,0,0,0,2.995732307434082,3.6888794898986816,3.9120230674743652,4.6051702499389648,4.6051702499389648
2,2,1,0,1,0,0,1,1,0,0,1,1,0,0,1,0,0,0,1,1,0,50,100,100,30,100,1,1,0,0,0,5b,7,3,0,0.02,99999,99999,1.2,99999,1,1,1,1,1,1,2,2,2,2,99999,1,2,24,99999,5,99999,8,12,1,9,4,6,2,5,3,7,4,4,4,99999,2,2,2,2,2,6,5,99999,2,2,4,3,3,2,2,1,3,2,2,1,300,350,250,340,300,350,250,340,300,400,2,1,1,1,7,2,4,0.72871506214141846,-0.92013400793075562,-0.65043467283248901,1,0,0,0,0,0,0,0,0,1,0,1,0,0,1,1,1,1,0,0,0,0,0,3.9120230674743652,4.6051702499389648,4.6051702499389648,3.4011974334716797,4.6051702499389648
2,2,1,0,1,1,1,1,1,0,0,1,1,0,0,0,1,0,1,1,0,1,15,50,50,40,50,1,1,1,1,1,8c,8,2,0,0.02,111,137,1.8,-5,1,1,1,1,1,1,2,2,2,2,478,2,1,18,17,5,7,7,4,3,9,5,12,1,8,2,6,3,3,4,-4,5,5,1,2,5,2,5,-15,4,4,3,4,2,2,2,2,2,4,3,1,300,315,255,195,155,315,255,195,155,195,2,1,1,1,7,2,4,0.012959655374288559,0.37636789679527283,0.12352943420410156,1,0,0,0,0,0,0,0,0,1,1,1,0,1,1,1,0,0,1,0,0,0,0,2.7080502510070801,3.9120230674743652,3.9120230674743652,3.6888794898986816,3.9120230674743652
1,2,1,1,0,0,1,1,1,0,0,1,1,1,1,1,1,0,0,0,0,0,50,50,50,100,100,0,1,0,0,1,4c,0,0,10,0.02,0,237,0,-7,1,1,1,1,1,2,2,2,2,2,479,2,1,19,20,3,10,5,8,2,4,12,6,9,1,7,3,4,4,3,-18,5,6,6,2,7,7,5,-29,4,4,3,5,4,2,4,1,4,5,4,4,300,250,300,250,150,250,300,250,150,250,2,2,1,1,6,2,2,0.6334604024887085,0.97286945581436157,1.3775421380996704,1,1,1,1,0,0,0,0,1,0,1,1,0,0,0,1,1,1,1,0,1,1,1,3.9120230674743652,3.9120230674743652,3.9120230674743652,4.6051702499389648,4.6051702499389648
1,1,0,1,1,0,0,1,1,0,0,1,0,1,0,1,0,0,0,0,0,0,25,50,75,50,50,1,1,0,1,0,5a,9,1,0,0.02,99999,99999,2.3999999999999999,99999,1,1,1,1,1,1,2,2,2,2,99999,1,2,20,99999,5,99999,4,7,12,9,8,1,3,6,5,2,5,5,5,99999,6,7,6,6,5,4,4,99999,2,5,2,2,5,2,3,1,2,2,2,2,300,275,325,400,450,275,325,400,450,500,3,1,1,1,7,2,1,1.5397251844406128,2.0007452964782715,-0.40564560890197754,0,0,0,0,1,0,0,0,1,0,0,0,0,0,1,1,1,0,0,1,0,0,0,3.2188758850097656,3.9120230674743652,4.3174881935119629,3.9120230674743652,3.9120230674743652
1,2,1,0,0,1,1,1,1,0,0,1,1,0,1,0,1,1,1,1,1,1,10,50,50,30,30,1,1,1,1,1,7d,8,2,0,0.02,71,65,1.8,-12,1,1,1,1,1,1,1,2,2,2,476,2,6,24,11,4,-115,9,1,5,4,3,8,7,12,6,2,2,4,3,-29,4,5,4,5,6,5,3,-41,2,3,2,2,3,1,4,2,2,2,2,1,300,300,240,280,240,300,240,280,240,260,2,1,1,1,8,2,2,-0.032453425228595734,1.219188928604126,-0.80902689695358276,1,0,0,0,0,0,0,0,0,1,0,1,0,1,1,1,0,0,1,0,0,0,0,2.3025851249694824,3.9120230674743652,3.9120230674743652,3.4011974334716797,3.4011974334716797
2,2,0,0,1,0,0,1,1,0,0,1,0,0,0,1,0,1,0,0,0,0,10,15,15,10,40,1,1,1,0,0,2c,7,3,0,0.02,142,116,1.2,-2,1,1,1,1,1,1,1,2,2,2,479,1,1,19,15,4,-53,1,7,5,9,3,2,8,12,6,4,4,5,3,1,5,6,2,6,5,4,7,-2,2,3,3,3,3,1,4,2,2,4,3,2,300,280,265,250,240,280,265,250,240,280,3,3,1,1,8,2,4,1.0162589550018311,0.92594993114471436,-0.10062473267316818,0,0,0,0,1,1,1,0,1,1,1,1,0,0,1,1,0,1,0,1,2,2,0,2.3025851249694824,2.7080502510070801,2.7080502510070801,2.3025851249694824,3.6888794898986816
1,2,0,0,1,0,1,1,1,0,0,1,0,0,0,1,1,0,0,0,0,0,20,20,30,10,30,1,1,1,1,1,3a,8,2,0,0.02,49,118,1.8,-1,1,1,1,1,1,1,1,1,2,2,480,2,2,19,10,5,-40,8,12,3,4,2,7,6,5,1,9,4,4,4,-5,3,3,2,2,5,7,6,-24,2,1,1,1,1,1,3,2,1,2,2,2,300,280,260,230,240,280,260,230,240,270,3,3,1,1,9,2,2,0.72871506214141846,-0.5030750036239624,-1.4386601448059082,0,0,0,0,1,1,1,0,1,1,1,0,0,1,1,1,0,0,1,1,2,2,0,2.995732307434082,2.995732307434082,3.4011974334716797,2.3025851249694824,3.4011974334716797
1,2,0,0,0,0,1,1,1,0,0,1,0,0,1,1,1,0,0,0,0,0,15,13,13,12,13,1,0,1,0,1,5c,9,1,0,0.02,99999,99999,2.3999999999999999,99999,1,1,1,1,1,2,2,2,2,2,99999,2,1,20,99999,5,99999,2,5,8,4,12,6,9,3,1,7,2,4,2,99999,2,2,1,2,3,7,6,99999,3,4,3,4,4,2,3,2,2,4,4,2,300,285,298,311,299,285,298,311,299,312,3,3,3,3,6,2,2,-0.12770810723304749,-1.1236763000488281,0.4789925217628479,0,0,0,0,1,1,0,0,1,0,0,1,0,0,1,0,0,1,1,1,2,0,0,2.7080502510070801,2.5649492740631104,2.5649492740631104,2.4849066734313965,2.5649492740631104
2,2,1,1,1,0,0,1,1,0,0,1,1,1,0,1,0,1,0,1,0,0,190,80,150,100,300,1,1,1,0,1,6b,3,2,5,0.02,0,16,0.29999999999999999,-2,1,1,1,1,1,2,2,2,2,2,477,1,2,23,22,4,0,7,5,9,1,2,3,12,8,4,6,3,5,4,5,4,2,3,2,2,6,7,-2,5,4,3,4,1,3,3,2,3,2,2,2,300,480,560,400,300,480,560,400,300,0,2,2,2,1,6,2,4,0.77855664491653442,-0.73042219877243042,0.16336110234260559,1,1,0,0,0,0,0,0,0,0,1,1,1,0,1,1,0,1,1,0,1,0,0,5.2470240592956543,4.3820266723632812,5.0106353759765625,4.6051702499389648,5.7037825584411621
1,1,1,1,0,0,0,1,1,0,0,1,1,1,1,1,0,0,0,0,0,0,20,30,45,75,80,0,0,0,0,0,1c,10,0,0,0.02,11,128,3,-5,1,1,1,1,1,1,1,2,2,2,479,1,1,19,13,5,-33,7,1,9,4,12,5,2,8,3,6,2,4,2,-19,3,3,3,2,2,6,3,-24,4,3,4,3,5,2,3,2,3,3,1,1,300,280,250,205,130,280,250,205,130,210,2,2,1,1,8,2,1,-0.12770810723304749,-0.36273160576820374,-0.046636041253805161,1,1,1,1,0,0,0,0,1,1,1,1,0,1,0,0,1,1,0,0,1,1,1,2.995732307434082,3.4011974334716797,3.8066625595092773,4.3174881935119629,4.3820266723632812
2,1,1,1,0,0,1,1,1,0,0,1,1,1,1,1,1,1,0,0,1,0,10,20,10,50,50,1,1,0,1,1,1b,7,3,0,0.02,30,91,1.2,-13,1,1,1,1,1,1,1,2,2,2,479,2,1,19,10,5,-30,7,12,9,5,4,1,8,6,3,2,4,4,2,-6,2,6,5,5,5,6,6,-28,3,4,5,2,4,2,4,4,5,3,4,2,300,300,320,310,350,300,320,310,350,400,2,2,1,1,8,2,3,0.53820574283599854,0.73144972324371338,0.97299712896347046,1,1,1,1,0,0,0,0,0,0,1,0,0,0,1,1,1,0,1,0,1,1,1,2.3025851249694824,2.995732307434082,2.3025851249694824,3.9120230674743652,3.9120230674743652
1,1,0,0,0,1,1,1,1,0,0,1,0,0,1,0,1,1,0,0,0,0,50,50,100,30,60,1,1,1,1,1,6d,9,1,0,0.02,129,156,2.3999999999999999,-7,1,1,1,1,1,2,2,2,2,2,479,1,1,22,10,4,-185,4,8,3,7,5,6,1,9,2,12,4,4,4,-18,3,3,3,4,3,7,7,-33,2,3,4,2,3,2,2,1,1,1,1,1,300,240,190,290,260,240,190,290,260,320,3,3,3,1,6,2,1,0.72871506214141846,-0.36992514133453369,-1.3006659746170044,0,0,0,0,1,1,0,0,1,1,0,1,0,1,1,1,0,0,1,1,2,0,0,3.9120230674743652,3.9120230674743652,4.6051702499389648,3.4011974334716797,4.0943446159362793
2,1,0,1,1,1,0,1,1,0,0,1,0,1,0,0,0,0,0,0,0,0,15,10,13,14,14,1,1,0,0,1,2a,9,1,0,0.02,112,60,2.3999999999999999,-7,1,1,1,1,1,2,2,2,2,2,478,2,1,18,-13,5,-134,12,2,8,6,5,7,4,3,9,1,3,3,4,-10,2,2,2,2,3,6,6,-53,3,3,3,2,2,1,4,2,2,3,1,2,300,285,295,308,322,285,295,308,322,308,3,1,1,1,6,2,3,0.012959655374288559,-0.88853460550308228,-0.62290924787521362,0,0,0,0,1,0,0,0,1,0,0,0,1,0,1,1,1,1,1,1,0,0,0,2.7080502510070801,2.3025851249694824,2.5649492740631104,2.6390573978424072,2.6390573978424072
2,2,0,1,0,0,1,1,1,0,0,1,0,1,1,1,1,1,0,0,0,0,100,50,100,110,130,1,1,1,0,0,1a,8,2,0,0.02,32,125,1.8,-54,1,1,1,1,2,2,2,2,2,2,479,1,2,19,23,5,-7,8,5,6,7,12,3,1,9,2,4,3,3,3,3,4,4,4,4,4,4,4,4,3,3,3,3,3,3,3,3,3,3,3,3,300,190,240,340,230,190,240,340,230,100,3,1,1,1,5,1,4,-0.082295022904872894,0.68931019306182861,0.36903110146522522,0,0,0,0,1,0,0,0,1,0,0,1,1,0,1,1,0,1,0,1,0,0,0,4.6051702499389648,3.9120230674743652,4.6051702499389648,4.7004804611206055,4.8675346374511719
2,2,0,0,0,0,0,1,0,0,0,0,0,1,1,1,1,0,0,0,0,0,10,20,10,10,10,1,1,1,1,1,1a,7,3,0,0.02,63,4,1.2,-20,1,1,1,1,2,2,2,2,2,2,475,1,1,21,13,4,-62,1,2,12,7,5,3,4,8,9,6,2,3,2,-5,1,3,4,3,6,7,7,-15,2,1,2,5,5,4,1,2,3,1,4,5,300,290,310,320,330,290,310,320,330,340,3,3,3,3,5,1,4,-0.51050662994384766,-0.25727510452270508,0.30451220273971558,0,0,0,0,1,0,0,0,1,0,0,0,0,1,1,0,0,0,0,1,0,0,0,2.3025851249694824,2.995732307434082,2.3025851249694824,2.3025851249694824,2.3025851249694824
2,1,1,1,0,1,0,1,0,0,0,0,1,0,1,0,1,0,0,0,0,0,50,10,10,10,10,1,1,1,1,1,7a,10,0,0,0.02,119,106,3,-1,1,1,1,1,1,2,2,2,2,2,479,1,4,24,25,5,-56,7,5,3,9,2,6,4,8,1,12,4,4,2,-25,3,3,3,2,2,6,3,-13,2,2,5,2,3,2,3,1,2,1,2,1,300,350,340,350,340,350,340,350,340,350,2,2,1,1,6,2,3,0.53820574283599854,-0.36273160576820374,-0.95889806747436523,1,0,0,0,0,0,0,0,0,1,0,1,0,1,1,0,0,0,0,0,0,0,0,3.9120230674743652,2.3025851249694824,2.3025851249694824,2.3025851249694824,2.3025851249694824
1,1,1,1,0,0,1,1,0,0,0,0,1,0,1,1,0,0,0,0,0,0,10,20,30,30,40,1,0,1,1,0,3c,7,1,2,0.02,66,20,1.8,-1,1,1,2,2,2,2,2,2,2,2,479,1,4,25,18,4,-45,2,6,8,1,7,5,4,12,9,3,1,1,4,-7,2,3,3,2,4,6,6,-24,2,3,3,1,3,2,3,1,2,2,2,1,300,310,330,360,390,310,330,360,390,430,2,2,1,1,3,-1,1,-1.4185512065887451,-0.51196867227554321,-0.90637266635894775,1,0,0,0,0,0,0,0,0,0,0,0,0,0,1,1,0,0,1,0,0,0,0,2.3025851249694824,2.995732307434082,3.4011974334716797,3.4011974334716797,3.6888794898986816
2,1,0,0,1,1,1,1,0,0,0,0,0,1,0,0,0,1,0,0,0,0,50,40,50,60,80,1,1,0,0,1,2a,7,3,0,0.02,62,133,1.2,0,1,1,1,1,2,2,2,2,2,2,478,2,1,19,-1,5,-45,12,5,3,4,8,2,6,7,1,9,1,1,1,-6,2,1,1,2,2,7,2,-23,2,2,4,2,2,1,2,2,2,2,2,1,300,240,280,330,390,240,280,330,390,310,3,3,1,1,5,1,3,-1.704315185546875,-0.98286497592926025,-1.0197950601577759,0,0,0,0,1,0,0,0,1,0,0,0,1,0,1,0,1,1,0,1,0,0,0,3.9120230674743652,3.6888794898986816,3.9120230674743652,4.0943446159362793,4.3820266723632812
1,1,1,0,0,0,1,1,0,0,0,0,1,1,1,1,0,0,0,0,0,0,15,20,25,20,25,0,0,0,1,1,1c,10,0,0,0.02,39,41,3,-1,1,1,1,1,1,1,2,2,2,2,479,1,1,20,17,4,-42,4,3,9,12,5,8,7,6,2,1,2,3,4,-9,2,4,3,3,2,6,6,-10,3,4,3,2,4,4,4,2,2,2,4,2,300,285,265,240,260,285,265,240,260,235,2,1,1,1,7,2,1,-0.31999725103378296,-0.48479026556015015,0.26052635908126831,1,1,1,1,0,0,0,0,1,1,1,0,1,0,0,1,1,0,0,0,1,1,1,2.7080502510070801,2.995732307434082,3.2188758850097656,2.995732307434082,3.2188758850097656
1,2,1,0,0,1,0,1,0,0,0,0,1,1,1,0,1,0,0,0,0,0,30,35,35,50,30,1,0,0,1,0,4b,4,1,5,0.02,0,0,0.90000000000000002,-11,1,1,1,1,1,1,1,1,1,2,464,2,3,22,0,5,-101,2,4,9,12,1,5,8,7,6,3,2,4,4,-20,2,1,2,2,3,5,6,-76,2,4,2,3,2,2,4,3,2,2,2,1,300,330,295,260,210,330,295,260,210,180,2,1,1,1,10,2,2,0.062801256775856018,-0.90429228544235229,-0.48071306943893433,1,1,1,0,0,0,0,0,0,1,1,1,1,0,1,1,1,0,1,0,1,1,0,3.4011974334716797,3.5553481578826904,3.5553481578826904,3.9120230674743652,3.4011974334716797
1,2,0,0,0,1,1,1,0,0,0,0,0,1,1,0,0,0,0,0,0,0,20,33,74,39,56,1,1,0,0,1,2e,7,3,0,0.02,90,128,1.2,-3,1,1,1,1,1,1,1,2,2,2,479,2,1,19,-119,3,-27,2,4,3,9,1,12,5,6,8,7,5,2,1,-3,5,5,3,5,6,4,3,-14,3,4,4,4,4,2,3,2,5,4,4,2,300,280,313,239,278,280,313,239,278,222,3,3,3,1,8,2,2,0.010310927405953407,1.2904821634292603,1.0447341203689575,0,0,0,0,1,0,0,0,1,0,1,0,1,0,1,0,1,1,0,1,0,0,0,2.995732307434082,3.4965076446533203,4.3040652275085449,3.6635615825653076,4.0253515243530273
2,1,0,1,0,1,1,1,0,0,0,0,0,0,1,0,0,1,1,0,0,0,10,10,20,20,20,1,1,0,1,1,4e,8,2,0,0.02,12,117,1.8,-4,1,1,1,1,1,2,2,2,2,2,479,2,1,19,8,4,-92,3,2,7,5,4,12,9,8,1,6,2,4,4,-35,6,5,6,5,5,6,7,-46,4,4,2,1,2,1,3,4,3,3,2,3,300,280,260,240,220,280,260,240,220,200,3,1,1,1,6,2,3,0.062801256775856018,1.1421754360198975,-0.031046712771058083,0,0,0,0,1,1,0,0,1,1,1,1,1,0,1,0,1,0,0,1,2,0,0,2.3025851249694824,2.3025851249694824,2.995732307434082,2.995732307434082,2.995732307434082
1,2,1,0,0,0,0,1,0,0,0,0,1,1,1,1,1,0,0,0,0,0,60,100,200,300,360,1,1,1,0,0,4c,7,3,0,0.02,102,96,1.2,-2,1,1,1,1,1,2,2,2,2,2,479,1,1,19,17,5,-6,1,12,5,6,7,2,4,8,3,9,4,4,4,-17,6,2,7,2,2,5,5,-20,2,2,2,2,3,2,3,2,3,2,2,2,300,360,460,660,360,360,460,660,360,0,2,1,1,1,6,2,2,0.72871506214141846,0.35291710495948792,-0.59411734342575073,1,1,1,1,0,0,0,0,0,0,0,1,1,0,1,0,0,1,1,0,1,1,1,4.0943446159362793,4.6051702499389648,5.2983174324035645,5.7037825584411621,5.8861041069030762
2,1,1,0,0,0,0,1,0,0,0,0,1,1,1,1,1,0,1,1,1,1,10,30,50,60,100,0,1,0,0,1,1b,7,3,0,0.02,70,143,1.2,-2,1,1,1,1,1,1,2,2,2,2,479,1,2,22,20,4,-108,7,1,3,8,5,6,2,9,4,12,4,4,4,-8,7,3,3,3,2,6,6,-24,3,4,5,4,4,2,2,2,2,2,2,1,300,290,310,250,180,290,310,250,180,270,2,1,1,1,7,2,3,0.72871506214141846,-0.0027372532058507204,-0.20589928328990936,1,1,1,1,0,0,0,0,1,0,1,1,0,0,0,0,1,1,0,0,1,1,1,2.3025851249694824,3.4011974334716797,3.9120230674743652,4.0943446159362793,4.6051702499389648
2,2,1,0,1,0,1,1,0,0,0,0,1,1,0,1,0,0,0,0,1,1,10,10,10,10,10,1,1,0,1,0,6b,9,1,0,0.02,62,96,2.3999999999999999,-3,2,2,2,2,2,2,2,2,2,2,478,2,3,21,18,5,-9,1,2,8,4,5,12,7,3,9,6,3,3,4,-21,3,3,2,2,2,6,6,-26,2,2,3,1,3,2,3,3,3,3,2,3,300,310,320,330,330,310,320,330,330,330,2,1,1,1,1,-2,4,0.012959655374288559,-0.78604167699813843,-0.31238698959350586,1,1,0,0,0,0,0,0,0,0,0,0,0,0,1,0,1,0,1,0,1,0,0,2.3025851249694824,2.3025851249694824,2.3025851249694824,2.3025851249694824,2.3025851249694824
2,2,0,0,1,0,0,1,0,0,0,0,0,1,0,1,1,0,0,0,0,0,20,20,20,20,20,1,1,1,1,1,4d,8,2,0,0.02,70,41,1.8,0,1,1,1,1,1,1,1,1,2,2,480,2,4,22,19,4,-67,9,2,3,6,12,4,7,1,5,8,4,4,2,-8,1,2,3,3,2,7,7,-37,2,4,3,2,5,3,2,2,4,4,4,3,300,280,300,280,300,280,300,280,300,320,3,3,1,1,9,2,4,0.53820574283599854,-1.0108407735824585,0.72262740135192871,0,0,0,0,1,0,0,0,1,0,1,0,0,1,1,0,0,0,0,1,0,0,0,2.995732307434082,2.995732307434082,2.995732307434082,2.995732307434082,2.995732307434082
2,2,0,1,1,0,1,1,0,0,0,0,0,0,0,1,0,0,0,0,1,0,50,150,100,50,40,0,1,1,0,1,2c,10,0,0,0.02,11,60,3,-8,1,1,1,1,1,2,2,2,2,2,479,2,2,20,12,5,-57,1,2,12,3,9,6,8,7,5,4,5,4,2,-20,3,4,5,6,6,6,3,-52,4,5,2,4,5,3,2,1,4,4,5,4,300,350,200,100,40,350,200,100,40,0,3,1,1,1,6,2,4,0.87116265296936035,1.2068257331848145,1.3771438598632812,0,0,0,0,1,1,1,0,0,1,1,1,1,0,0,0,0,1,0,1,2,2,0,3.9120230674743652,5.0106353759765625,4.6051702499389648,3.9120230674743652,3.6888794898986816
2,1,1,1,1,1,1,1,0,0,0,0,1,0,0,0,0,0,0,0,1,1,50,50,80,110,50,1,1,1,0,0,6a,10,0,0,0.02,11,134,3,-2,1,1,1,1,2,2,2,2,2,2,479,1,3,24,12,5,-52,1,2,8,4,9,5,7,12,3,6,4,4,4,-25,2,2,2,2,2,6,6,-16,3,2,3,2,4,3,2,2,2,3,3,3,300,350,300,220,320,350,300,220,320,360,2,2,2,2,5,1,3,0.72871506214141846,-1.0142011642456055,-0.091055922210216522,1,0,0,0,0,0,0,0,0,1,1,0,0,0,1,0,0,1,1,0,0,0,0,3.9120230674743652,3.9120230674743652,4.3820266723632812,4.7004804611206055,3.9120230674743652
1,1,0,0,0,0,1,1,0,0,0,0,0,1,1,1,0,0,0,1,0,1,50,100,40,50,120,1,1,1,0,1,7b,9,1,0,0.02,29,110,2.3999999999999999,-4,1,1,1,1,1,1,1,1,2,2,479,1,3,24,9,5,-35,3,1,12,4,5,7,6,8,9,2,3,3,5,-16,3,6,2,5,2,5,4,-22,3,4,4,5,5,3,4,2,2,2,3,3,300,250,350,380,330,250,350,380,330,200,3,3,3,3,9,2,1,0.10821433365345001,0.33166030049324036,0.525276780128479,0,0,0,0,1,0,0,0,1,0,0,1,1,0,1,0,0,1,0,1,0,0,0,3.9120230674743652,4.6051702499389648,3.6888794898986816,3.9120230674743652,4.7874917984008789
1,1,1,0,0,1,0,1,0,0,0,0,1,1,1,0,1,1,0,0,0,0,40,30,50,19,41,1,1,0,1,1,2f,7,3,0,0.02,67,3,1.2,-2,1,1,1,1,2,2,2,2,2,2,479,2,1,18,1,5,-193,8,3,1,4,5,2,7,12,9,6,3,3,4,-24,5,3,4,3,4,6,6,-27,2,3,2,2,3,3,3,3,3,3,2,2,300,330,360,310,291,330,360,310,291,332,2,1,1,1,5,1,1,0.012959655374288559,0.15296699106693268,-0.15059202909469604,1,1,1,0,0,0,0,0,0,0,1,1,0,0,1,0,1,0,0,0,1,1,0,3.6888794898986816,3.4011974334716797,3.9120230674743652,2.9444389343261719,3.7135720252990723
1,2,0,1,1,0,0,1,0,0,0,0,0,0,0,1,1,0,0,0,0,0,40,80,120,160,300,1,0,0,0,0,3a,8,2,0,0.02,0,48,1.8,0,1,1,1,1,1,1,2,2,2,2,480,1,1,18,-3,5,-114,8,12,3,2,7,6,5,1,9,4,5,5,5,-10,1,1,1,1,1,7,7,-23,5,4,5,1,3,1,4,1,1,1,1,4,300,260,340,460,300,260,340,460,300,0,3,1,1,1,7,2,2,1.5397251844406128,-1.8659569025039673,-0.58608055114746094,0,0,0,0,1,1,1,0,1,0,0,1,1,0,1,1,1,1,1,1,2,2,0,3.6888794898986816,4.3820266723632812,4.7874917984008789,5.0751738548278809,5.7037825584411621
2,1,1,0,1,1,1,1,0,0,0,0,1,1,0,0,0,0,0,0,0,1,20,30,50,50,240,1,1,1,1,1,2d,9,0,1,0.02,7,9,2.7000000000000002,-13,1,1,1,1,1,1,2,2,2,2,479,2,6,24,-45,3,-32,5,2,3,12,4,1,7,9,6,8,4,4,2,-24,3,5,3,2,2,5,5,-48,2,2,3,2,2,2,3,3,2,3,3,2,300,320,350,300,250,320,350,300,250,0,2,1,1,1,7,2,3,0.53820574283599854,-0.23725132644176483,-0.39935052394866943,1,1,0,0,0,0,0,0,0,0,1,1,1,1,1,0,0,0,0,0,1,0,0,2.995732307434082,3.4011974334716797,3.9120230674743652,3.9120230674743652,5.4806389808654785
1,1,1,1,0,1,0,1,0,0,1,1,1,0,1,1,0,1,0,1,0,0,40,50,50,20,20,1,1,0,0,0,3c,6,4,0,0.02,20,138,0.59999999999999998,0,1,1,1,1,1,2,2,2,2,2,479,2,1,20,17,4,-152,1,12,6,4,5,8,7,9,3,2,1,3,3,-11,3,7,4,7,7,6,5,-46,5,4,4,5,5,5,5,3,3,4,5,5,300,330,280,220,200,330,280,220,200,220,2,2,1,1,6,2,1,-0.74820882081985474,1.5013424158096313,2.1024205684661865,1,0,0,0,0,0,0,0,0,1,1,1,0,0,1,0,1,0,0,0,0,0,0,3.6888794898986816,3.9120230674743652,3.9120230674743652,2.995732307434082,2.995732307434082
1,2,1,1,1,1,0,1,0,0,1,1,1,0,0,1,0,0,0,1,1,1,30,30,30,50,30,0,1,0,1,1,8b,7,3,0,0.02,83,49,1.2,-1,1,1,1,1,1,1,2,2,2,2,478,2,3,22,17,4,-35,1,6,8,4,7,5,2,3,9,12,2,4,2,-14,2,3,2,1,1,6,6,-15,3,4,4,5,2,1,4,1,1,2,1,2,300,270,240,260,300,270,240,260,300,260,2,2,2,2,7,2,2,-0.12770810723304749,-1.1987978219985962,-0.56948345899581909,1,0,0,0,0,0,0,0,1,1,0,0,1,0,0,0,1,1,1,0,0,0,0,3.4011974334716797,3.4011974334716797,3.4011974334716797,3.9120230674743652,3.4011974334716797
1,2,1,1,0,1,1,1,0,0,1,1,1,0,1,1,1,0,0,1,0,0,50,100,110,50,150,1,1,0,1,1,8d,8,2,0,0.02,1,120,1.8,-2,1,1,1,1,1,1,1,1,2,2,479,2,1,18,9,5,-60,1,7,3,4,2,6,8,12,9,5,5,5,4,-11,2,2,2,6,6,5,5,-41,2,4,5,4,3,2,5,3,2,2,3,5,300,350,250,130,180,350,250,130,180,330,2,2,1,1,9,2,2,1.4444705247879028,0.35144847631454468,0.47381192445755005,1,0,0,0,0,0,0,0,0,1,1,0,0,0,1,0,1,1,1,0,0,0,0,3.9120230674743652,4.6051702499389648,4.7004804611206055,3.9120230674743652,5.0106353759765625
2,2,0,1,1,1,0,1,0,0,1,1,0,0,0,1,0,0,0,0,0,0,30,30,10,10,10,1,1,0,0,0,2c,6,0,4,0.02,21,64,1.8,-3,1,1,1,1,1,2,2,2,2,2,479,1,4,26,15,4,-54,5,8,6,9,1,4,7,12,3,2,1,1,1,-12,6,6,6,6,6,2,2,-20,4,4,2,4,4,4,4,4,4,4,4,4,300,270,240,250,240,270,240,250,240,250,3,1,1,1,6,2,4,-1.704315185546875,2.3928215503692627,1.5453412532806396,0,0,0,0,1,1,1,0,1,1,0,1,0,0,1,0,1,0,0,1,2,2,0,3.4011974334716797,3.4011974334716797,2.3025851249694824,2.3025851249694824,2.3025851249694824
1,2,0,0,0,0,0,1,0,0,1,1,0,1,1,0,0,0,0,0,0,0,50,50,100,100,100,1,1,0,1,1,2e,8,2,0,0.02,139,143,1.8,-9,1,1,1,1,1,1,2,2,2,2,479,1,1,19,-5,3,1,6,1,3,5,12,9,7,4,8,2,4,4,4,-14,5,5,5,5,5,5,5,-3,2,1,2,3,3,2,4,3,2,3,3,3,300,250,300,200,100,250,300,200,100,0,3,3,3,3,7,2,2,0.72871506214141846,1.1648654937744141,-0.20638157427310944,0,0,0,0,1,0,0,0,1,0,1,1,1,0,1,0,1,1,1,1,0,0,0,3.9120230674743652,3.9120230674743652,4.6051702499389648,4.6051702499389648,4.6051702499389648
2,1,0,0,1,0,0,1,0,0,1,1,0,1,0,0,0,0,0,0,0,0,20,40,80,20,20,0,0,0,0,0,2a,9,1,0,0.02,76,24,2.3999999999999999,0,1,1,1,1,1,2,2,2,2,2,479,2,1,19,9,5,-61,1,5,4,3,2,6,9,12,7,8,2,2,2,-20,2,6,2,4,4,6,6,-75,4,4,3,1,2,2,1,2,2,2,1,2,300,320,280,360,380,320,280,360,380,400,3,3,1,1,6,2,3,-0.89330512285232544,0.013736542314291,-0.75803834199905396,0,0,0,0,1,0,0,0,0,1,0,0,0,1,0,1,1,0,0,1,0,0,0,2.995732307434082,3.6888794898986816,4.3820266723632812,2.995732307434082,2.995732307434082
1,1,1,0,1,1,0,1,0,0,1,1,1,1,0,1,0,0,0,0,0,0,60,10,10,10,10,1,1,0,0,0,8a,10,0,0,0.02,99999,99999,3,99999,1,1,1,1,2,2,2,2,2,2,99999,1,1,22,99999,5,99999,6,2,9,12,4,7,5,1,8,3,1,1,1,99999,2,6,3,5,5,6,6,99999,1,4,3,3,3,1,3,1,2,2,2,1,300,360,370,380,370,360,370,380,370,380,2,1,1,1,5,1,1,-1.704315185546875,0.44923248887062073,-0.8167567253112793,1,1,0,0,0,0,0,0,0,0,0,1,0,0,1,0,1,0,0,0,1,0,0,4.0943446159362793,2.3025851249694824,2.3025851249694824,2.3025851249694824,2.3025851249694824
1,1,0,1,0,0,1,1,0,0,1,1,0,0,1,0,1,0,0,0,0,0,10,10,10,10,10,1,1,1,1,1,6d,7,3,0,0.02,130,119,1.2,-7,2,2,2,2,2,2,2,2,2,2,479,2,2,20,21,5,-21,12,4,3,7,5,8,2,6,9,1,1,1,2,-2,1,1,1,2,2,7,6,-15,2,3,4,2,2,1,1,2,1,2,1,2,300,290,280,290,280,290,280,290,280,290,3,1,1,1,1,-2,1,-1.609060525894165,-1.4775023460388184,-1.2096643447875977,0,0,0,0,1,1,0,0,1,1,0,1,0,1,1,0,0,1,1,1,2,0,0,2.3025851249694824,2.3025851249694824,2.3025851249694824,2.3025851249694824,2.3025851249694824
1,1,1,0,0,0,1,1,0,0,1,1,1,1,1,0,1,1,0,0,0,0,20,20,30,30,30,1,1,1,1,1,2f,0,0,10,0.02,0,0,0,-10,1,1,1,1,1,2,2,2,2,2,479,2,1,20,18,5,-5,12,4,7,3,2,6,1,5,8,9,2,4,4,-10,1,1,1,1,1,7,6,-13,2,3,3,1,3,2,2,1,2,1,1,1,300,310,330,360,330,310,330,360,330,360,2,1,1,1,6,2,1,0.062801256775856018,-1.7718896865844727,-1.2789099216461182,1,1,1,0,0,0,0,0,0,0,0,1,0,1,1,0,0,1,1,0,1,1,0,2.995732307434082,2.995732307434082,3.4011974334716797,3.4011974334716797,3.4011974334716797
2,1,1,0,0,1,1,1,0,0,1,1,1,1,1,1,1,0,0,0,0,0,10,20,39,16,34,1,1,1,1,1,1b,0,10,0,0.02,0,0,0,-3,1,1,1,1,1,1,1,2,2,2,479,2,1,19,18,2,-7,12,7,4,1,9,8,2,3,6,5,3,3,4,-4,3,4,3,5,4,5,5,-23,3,2,4,3,3,4,3,2,2,3,2,3,300,310,330,369,385,310,330,369,385,419,2,1,1,1,8,2,3,0.012959655374288559,0.41045340895652771,0.011962614953517914,1,1,1,1,0,0,0,0,0,0,0,0,0,1,1,0,0,1,1,0,1,1,1,2.3025851249694824,2.995732307434082,3.6635615825653076,2.7725887298583984,3.5263605117797852
1,2,0,0,0,1,0,1,0,0,1,1,0,1,1,1,0,0,0,0,0,0,10,10,20,20,40,1,1,0,1,1,6e,9,1,0,0.02,102,0,2.3999999999999999,-21,1,1,1,1,1,2,2,2,2,2,475,1,2,20,15,5,-25,9,8,1,4,5,3,12,7,6,2,4,4,4,-25,3,3,3,3,3,3,5,-17,2,4,4,2,3,2,4,1,4,3,1,2,300,290,300,280,300,290,300,280,300,260,3,3,3,1,6,2,2,0.72871506214141846,0.025620667263865471,-0.14285358786582947,0,0,0,0,1,0,0,0,1,0,1,0,1,0,1,0,1,1,1,1,0,0,0,2.3025851249694824,2.3025851249694824,2.995732307434082,2.995732307434082,3.6888794898986816
1,2,0,1,1,1,1,1,0,0,1,1,0,0,0,1,1,0,0,0,0,0,50,50,50,50,200,1,1,1,1,1,3a,7,3,0,0.02,40,3,1.2,-1,1,1,1,1,1,1,1,2,2,2,480,2,1,18,-21,5,-37,9,7,12,6,8,4,2,5,1,3,3,3,3,-7,5,3,6,4,4,6,6,-36,3,3,3,3,3,3,3,3,2,3,3,3,300,250,200,150,200,250,200,150,200,400,3,1,1,1,8,2,2,-0.082295022904872894,0.60390496253967285,0.1964714527130127,0,0,0,0,1,1,1,0,1,1,1,0,0,1,1,0,0,1,1,1,2,2,0,3.9120230674743652,3.9120230674743652,3.9120230674743652,3.9120230674743652,5.2983174324035645
2,2,0,0,0,0,0,1,0,0,1,1,0,1,1,0,0,0,0,0,1,1,30,30,38,38,50,0,0,0,0,1,7c,0,0,10,0.02,0,0,0,-4,1,1,1,1,1,1,1,2,2,2,479,2,2,22,16,4,-38,2,12,4,5,7,6,9,8,3,1,4,1,2,-16,2,2,2,3,2,6,7,-24,3,4,4,4,4,4,4,4,2,2,2,1,300,330,300,262,290,330,300,262,290,230,3,3,3,3,8,2,4,-0.61018979549407959,-0.93954753875732422,0.26609286665916443,0,0,0,0,1,0,0,0,0,1,1,0,1,0,0,1,1,0,1,1,0,0,0,3.4011974334716797,3.4011974334716797,3.6375861167907715,3.6375861167907715,3.9120230674743652
2,2,1,1,1,1,1,1,0,0,1,1,1,0,0,1,1,0,1,1,1,1,40,40,60,90,180,0,0,0,1,1,3f,5,0,5,0.02,0,15,1.5,-6,1,1,1,1,1,2,2,2,2,2,479,2,4,25,14,5,7,7,1,3,4,5,2,8,6,12,9,3,4,5,-52,3,2,2,2,6,6,6,-51,4,2,3,3,2,1,2,4,3,4,3,1,300,260,290,340,420,260,290,340,420,590,2,2,2,2,6,2,4,0.49101284146308899,-0.39316612482070923,0.047030560672283173,1,0,0,0,0,0,0,0,1,0,0,0,0,0,0,1,1,1,1,0,0,0,0,3.6888794898986816,3.6888794898986816,4.0943446159362793,4.499809741973877,5.1929569244384766
1,1,0,1,0,1,0,1,0,0,1,1,0,0,1,1,0,1,0,0,0,0,20,15,10,30,80,1,0,0,0,0,5e,6,0,4,0.02,99999,99999,1.8,99999,1,1,1,1,1,1,2,2,2,2,99999,2,1,20,99999,4,99999,4,12,3,5,2,1,6,8,9,7,4,4,5,99999,6,4,2,4,6,7,7,99999,4,3,3,4,5,2,4,2,5,4,4,4,300,270,285,275,245,270,285,275,245,325,3,1,1,1,7,2,1,0.82396978139877319,0.33086299896240234,1.3482568264007568,0,0,0,0,1,1,0,0,1,0,1,1,0,0,1,1,1,0,0,1,2,0,0,2.995732307434082,2.7080502510070801,2.3025851249694824,3.4011974334716797,4.3820266723632812
2,2,1,1,1,1,1,1,0,0,1,1,1,0,0,1,1,0,0,0,1,1,50,20,30,10,10,1,1,1,1,1,3b,7,3,0,0.02,17,47,1.2,-6,1,1,1,1,1,1,1,2,2,2,479,2,1,21,10,5,-114,2,7,3,1,8,5,6,4,12,9,5,4,4,-26,3,2,2,5,3,6,6,-35,3,4,3,3,4,2,4,4,2,4,3,2,300,350,330,300,300,350,330,300,300,300,2,2,2,2,8,2,4,1.0616719722747803,-0.26400348544120789,0.45552793145179749,1,0,0,0,0,0,0,0,0,1,1,0,0,1,1,0,0,1,1,0,0,0,0,3.9120230674743652,2.995732307434082,3.4011974334716797,2.3025851249694824,2.3025851249694824
2,1,0,1,0,0,0,1,0,0,1,1,0,0,1,0,0,1,0,0,1,0,10,10,10,10,10,1,0,0,0,1,4e,3,7,0,0.02,124,151,0,-6,1,1,1,1,1,2,2,2,2,2,479,2,2,19,-9,3,-14,5,4,9,8,1,6,3,7,12,2,5,5,5,-2,4,3,2,6,6,6,6,-18,5,3,4,4,5,3,3,4,4,5,5,4,300,280,290,280,280,280,290,280,280,270,3,1,1,1,6,2,3,1.5397251844406128,0.50987648963928223,1.8455562591552734,0,0,0,0,1,1,0,0,1,0,1,0,1,0,1,1,1,0,1,1,2,0,0,2.3025851249694824,2.3025851249694824,2.3025851249694824,2.3025851249694824,2.3025851249694824
2,2,1,0,1,1,0,1,0,0,1,1,1,1,0,1,0,1,1,0,1,1,210,200,100,100,10,1,0,1,0,1,6b,7,3,0,0.02,185,166,1.2,-26,1,1,1,1,1,2,2,2,2,2,480,2,3,22,20,4,-13,1,8,9,4,3,5,2,6,12,7,4,4,1,-2,2,2,1,5,5,7,7,-8,1,2,4,1,1,1,5,3,1,3,1,2,300,500,290,190,80,500,290,190,80,60,2,1,1,1,6,2,4,0.4429510235786438,-0.46024793386459351,-1.0888235569000244,1,1,0,0,0,0,0,0,0,1,1,1,1,0,1,1,0,0,1,0,1,0,0,5.3471074104309082,5.2983174324035645,4.6051702499389648,4.6051702499389648,2.3025851249694824
1,2,0,1,0,1,1,1,0,0,1,1,0,0,1,1,1,1,0,1,0,0,40,50,40,10,180,1,0,1,0,0,4f,10,0,0,0.02,42,148,3,-5,1,1,1,1,1,1,1,2,2,2,469,1,2,19,10,5,-3,2,1,5,4,3,8,7,12,9,6,1,1,1,2,1,1,1,5,5,5,3,-38,3,5,4,2,5,1,3,5,2,3,4,2,300,250,300,330,320,250,300,330,320,140,3,1,1,1,8,2,2,-1.704315185546875,-0.12407270073890686,0.48524227738380432,0,0,0,0,1,1,0,0,1,0,0,1,1,0,1,1,0,0,0,1,2,0,0,3.6888794898986816,3.9120230674743652,3.6888794898986816,2.3025851249694824,5.1929569244384766
2,2,1,1,1,0,1,1,0,0,1,1,1,0,0,0,1,0,0,0,0,0,20,50,50,50,270,1,1,0,1,1,8c,7,3,0,0.02,52,23,1.2,-2,1,1,1,1,1,1,2,2,2,2,479,1,4,23,20,5,-97,12,4,1,5,3,6,2,7,9,8,1,1,1,-2,3,6,5,5,5,6,3,-17,4,3,3,3,2,2,1,2,2,2,2,2,300,320,270,320,270,320,270,320,270,540,2,2,2,1,7,2,4,-1.704315185546875,1.1320198774337769,-0.49930420517921448,1,0,0,0,0,0,0,0,0,1,0,1,0,0,1,0,1,1,1,0,0,0,0,2.995732307434082,3.9120230674743652,3.9120230674743652,3.9120230674743652,5.5984220504760742
2,1,1,0,1,0,0,1,0,0,1,1,1,1,0,0,0,1,1,0,1,0,20,30,30,50,130,1,0,1,1,1,2d,8,2,0,0.02,102,89,1.8,-1,1,1,1,1,1,1,2,2,2,2,479,1,4,22,21,5,-25,1,2,8,5,4,6,3,7,9,12,4,4,4,-10,3,2,4,3,3,6,5,-21,3,3,4,5,5,4,4,3,3,3,4,4,300,310,270,240,180,310,270,240,180,50,2,1,1,1,7,2,3,0.72871506214141846,-0.22516068816184998,1.1961773633956909,1,1,0,0,0,0,0,0,0,1,1,1,1,0,1,1,0,1,1,0,1,0,0,2.995732307434082,3.4011974334716797,3.4011974334716797,3.9120230674743652,4.8675346374511719
2,2,0,0,1,1,1,1,0,0,1,1,0,1,0,1,1,0,0,0,0,0,10,20,20,20,20,0,0,0,0,0,4d,8,2,0,0.02,57,157,1.8,-8,1,1,1,1,1,2,2,2,2,2,480,2,1,18,4,4,-102,12,2,1,9,7,6,8,4,3,5,4,4,4,-30,5,3,2,5,4,7,5,-43,3,5,2,5,5,1,5,2,2,4,1,4,300,310,290,310,290,310,290,310,290,270,3,3,1,1,6,2,4,0.72871506214141846,0.20822541415691376,0.47298184037208557,0,0,0,0,1,0,0,0,0,1,0,1,1,1,0,1,1,0,0,1,0,0,0,2.3025851249694824,2.995732307434082,2.995732307434082,2.995732307434082,2.995732307434082
1,1,1,0,0,1,0,1,0,0,1,1,1,1,1,1,0,0,1,0,0,0,15,10,10,10,10,0,0,0,1,1,1c,9,1,0,0.02,35,16,2.3999999999999999,-3,1,1,1,1,1,2,2,2,2,2,479,2,1,19,16,5,-55,8,2,6,1,5,4,7,12,9,3,3,3,4,-5,2,5,2,4,3,6,4,-44,3,3,4,4,5,3,2,3,3,3,3,4,300,285,265,255,265,285,265,255,265,255,2,1,1,1,6,2,1,0.012959655374288559,-0.03358648344874382,0.69344449043273926,1,1,1,1,0,0,0,0,1,1,1,0,1,0,0,1,1,1,1,0,1,1,1,2.7080502510070801,2.3025851249694824,2.3025851249694824,2.3025851249694824,2.3025851249694824
2,1,1,1,1,0,0,1,0,0,1,1,1,0,0,0,0,1,1,1,1,1,100,110,130,240,190,1,0,0,1,1,6a,9,1,0,0.02,140,171,2.3999999999999999,1,1,1,1,1,1,1,2,2,2,2,479,1,3,24,21,5,-47,9,6,2,3,5,8,12,4,1,7,2,4,5,-9,5,7,6,7,7,7,6,-30,4,5,5,3,4,2,4,1,1,1,3,2,300,390,490,610,360,390,490,610,360,160,2,2,2,1,7,2,3,0.15805593132972717,1.8321969509124756,-0.10689336806535721,1,0,0,0,0,0,0,0,0,0,0,1,1,0,1,1,1,1,1,0,0,0,0,4.6051702499389648,4.7004804611206055,4.8675346374511719,5.4806389808654785,5.2470240592956543
1,1,0,0,1,0,1,1,0,0,1,1,0,1,0,0,1,0,0,0,0,0,30,60,95,45,70,1,0,1,1,1,2b,4,0,6,0.02,25,0,1.2,-5,1,1,1,1,1,1,1,1,1,2,478,1,1,19,10,4,-95,1,6,2,7,12,4,3,5,9,8,3,3,4,-37,6,3,2,3,3,6,6,-81,3,2,4,3,2,3,2,2,3,3,4,4,300,270,210,115,70,270,210,115,70,140,3,3,1,1,10,2,1,0.012959655374288559,-0.13654804229736328,0.35400089621543884,0,0,0,0,1,0,0,0,1,1,1,1,0,0,1,1,0,1,1,1,0,0,0,3.4011974334716797,4.0943446159362793,4.5538768768310547,3.8066625595092773,4.2484951019287109
2,2,0,0,0,1,1,1,0,0,1,1,0,1,1,1,1,0,0,0,0,0,50,50,100,100,100,1,1,1,1,1,1a,8,2,0,0.02,7,76,1.8,-1,1,1,1,1,2,2,2,2,2,2,479,1,1,19,12,5,-338,9,2,3,1,12,8,4,6,7,5,2,2,3,-52,2,5,3,2,2,5,4,-48,3,4,2,2,1,1,3,2,2,2,2,1,300,250,300,400,500,250,300,400,500,600,3,3,3,1,5,1,4,-0.79805046319961548,-0.26155292987823486,-0.80285638570785522,0,0,0,0,1,0,0,0,1,0,0,0,0,1,1,0,0,1,1,1,0,0,0,3.9120230674743652,3.9120230674743652,4.6051702499389648,4.6051702499389648,4.6051702499389648
1,2,1,0,0,0,0,1,0,0,1,1,1,1,1,0,0,0,0,0,0,0,60,80,75,45,30,1,1,1,1,1,3d,5,0,5,0.02,0,7,1.5,-3,1,1,1,1,1,1,1,2,2,2,474,2,1,18,15,4,-58,5,2,9,12,7,6,4,8,1,3,3,3,3,-18,2,2,2,2,2,3,4,-25,3,4,3,2,2,1,2,3,2,4,3,1,300,360,440,515,470,360,440,515,470,440,2,1,1,1,8,2,2,-0.082295022904872894,-0.54396766424179077,-0.2166372686624527,1,1,1,0,0,0,0,0,0,0,0,1,1,1,1,0,0,1,1,0,1,1,0,4.0943446159362793,4.3820266723632812,4.3174881935119629,3.8066625595092773,3.4011974334716797
2,1,1,1,0,0,1,1,0,0,1,1,1,0,1,0,1,0,0,0,0,0,20,50,50,70,75,1,0,1,0,1,7a,10,0,0,0.02,47,41,3,-1,1,1,1,1,1,2,2,2,2,2,478,1,6,22,16,5,-85,5,3,8,4,12,6,7,1,9,2,5,2,1,-20,6,5,3,5,6,3,6,-40,5,5,2,4,4,4,1,4,3,4,3,5,300,320,370,420,490,320,370,420,490,565,2,2,1,1,6,2,3,0.010310927405953407,1.2206825017929077,1.3291435241699219,1,0,0,0,0,0,0,0,0,0,0,0,0,0,1,1,0,0,1,0,0,0,0,2.995732307434082,3.9120230674743652,3.9120230674743652,4.2484951019287109,4.3174881935119629
1,1,1,0,1,0,0,1,0,1,0,1,1,1,1,1,0,1,0,0,0,0,210,210,10,50,10,1,1,0,1,1,1c,10,0,0,0.02,33,109,3,-5,1,1,1,1,1,1,1,1,2,2,479,1,1,18,9,5,-83,7,3,4,8,5,2,1,12,9,6,3,3,3,-12,1,1,1,1,3,7,7,-19,1,5,4,2,5,5,5,5,3,3,3,2,300,500,710,700,750,500,710,700,750,740,2,1,1,1,9,2,1,-0.082295022904872894,-1.6146236658096313,0.85386669635772705,1,1,1,1,0,0,0,0,0,0,1,0,1,0,1,0,0,0,1,0,1,1,1,5.3471074104309082,5.3471074104309082,2.3025851249694824,3.9120230674743652,2.3025851249694824
1,2,0,1,0,0,1,1,0,1,0,1,0,0,0,1,1,1,0,0,0,0,10,30,50,50,25,1,1,1,1,1,3a,5,1,4,0.02,123,45,1.2,-2,2,2,2,2,2,2,2,2,2,2,480,2,1,18,-1,5,-17,12,6,2,1,5,4,7,8,3,9,3,4,5,-6,3,2,2,2,5,7,7,-25,5,5,3,4,3,1,4,2,2,3,3,2,300,280,250,200,250,280,250,200,250,275,3,1,1,1,1,-2,2,0.49101284146308899,-0.70693290233612061,0.38591867685317993,0,0,0,0,1,1,1,0,1,1,1,0,0,1,1,0,1,0,1,1,2,2,0,2.3025851249694824,3.4011974334716797,3.9120230674743652,3.9120230674743652,3.2188758850097656
1,2,0,1,1,0,1,1,0,1,0,1,0,0,1,1,1,0,0,0,0,0,45,90,125,50,100,1,1,1,1,0,5c,5,5,0,0.02,99999,99999,0,99999,1,1,1,1,1,2,2,2,2,2,99999,1,1,22,99999,4,99999,1,4,5,2,6,7,12,3,9,8,4,4,1,99999,3,5,1,3,5,6,5,99999,2,5,3,1,4,1,3,3,2,3,3,2,300,255,165,290,340,255,165,290,340,240,3,1,1,1,6,2,2,0.4429510235786438,-0.067781113088130951,-0.16628620028495789,0,0,0,0,1,1,0,0,1,1,0,0,1,0,1,0,1,0,0,1,2,0,0,3.8066625595092773,4.499809741973877,4.8283138275146484,3.9120230674743652,4.6051702499389648
1,1,0,1,1,0,0,1,0,1,0,1,0,0,1,1,0,0,1,1,1,0,20,30,30,50,20,1,0,1,0,0,5e,8,2,0,0.02,99999,99999,1.8,99999,1,1,1,1,1,1,2,2,2,2,99999,2,1,20,99999,5,99999,8,1,7,12,2,6,3,4,9,5,1,2,4,99999,3,3,4,2,5,7,7,99999,2,2,3,1,3,2,1,2,3,4,3,4,300,280,300,320,260,280,300,320,260,280,3,1,1,1,7,2,1,-1.0357526540756226,-0.31492495536804199,-0.12314812839031219,0,0,0,0,1,1,0,0,1,0,0,1,0,0,1,1,1,1,0,1,2,0,0,2.995732307434082,3.4011974334716797,3.4011974334716797,3.9120230674743652,2.995732307434082
1,2,1,0,1,1,1,1,0,1,0,1,1,1,1,0,1,1,0,0,0,0,25,50,65,100,100,1,1,0,0,0,4b,5,3,2,0.02,21,32,0.59999999999999998,-8,1,1,1,1,2,2,2,2,2,2,478,2,2,19,9,5,-22,1,8,3,7,4,12,5,6,9,2,3,3,4,-21,4,2,3,5,6,3,4,-48,2,2,4,3,4,1,3,2,3,3,2,2,300,315,365,300,400,315,365,300,400,300,2,1,1,1,5,1,2,0.012959655374288559,0.84270709753036499,-0.28597870469093323,1,1,1,0,0,0,0,0,0,0,1,0,1,0,1,0,0,1,0,0,1,1,0,3.2188758850097656,3.9120230674743652,4.1743874549865723,4.6051702499389648,4.6051702499389648
1,1,1,1,1,0,0,1,0,1,0,1,1,0,1,1,0,1,0,0,0,0,100,170,120,120,80,1,1,1,1,1,3c,10,0,0,0.02,58,15,3,1,1,1,1,1,1,2,2,2,2,2,479,1,4,22,16,5,-66,1,3,8,6,5,4,2,9,7,12,3,3,3,-38,5,1,2,4,6,7,6,-36,2,5,4,3,3,2,3,3,5,3,3,4,300,390,220,340,460,390,220,340,460,380,2,2,2,1,6,2,1,-0.082295022904872894,-0.022810868918895721,0.85245579481124878,1,0,0,0,0,0,0,0,0,1,0,0,1,1,1,0,1,0,1,0,0,0,0,4.6051702499389648,5.135798454284668,4.7874917984008789,4.7874917984008789,4.3820266723632812
2,1,1,1,0,0,1,1,0,1,0,1,1,0,0,1,1,0,0,0,1,1,20,30,30,140,40,1,0,1,1,1,5d,7,3,0,0.02,99999,99999,1.2,99999,1,1,1,1,1,2,2,2,2,2,99999,1,2,22,99999,5,99999,12,1,9,3,6,2,7,8,4,5,2,4,4,99999,5,5,3,4,5,6,6,99999,3,3,4,3,5,3,4,3,3,3,3,2,300,320,350,320,450,320,350,320,450,480,2,2,1,1,6,2,3,0.062801256775856018,0.52582722902297974,0.5188184380531311,1,0,0,0,0,0,0,0,0,0,1,0,0,0,1,1,1,0,1,0,0,0,0,2.995732307434082,3.4011974334716797,3.4011974334716797,4.9416422843933105,3.6888794898986816
1,2,0,1,1,0,1,1,0,1,0,1,0,0,1,1,1,0,0,0,0,0,10,10,20,10,10,1,1,1,1,0,4f,4,1,5,0.02,0,21,0.90000000000000002,-1,1,1,1,1,2,2,2,2,2,2,479,1,3,21,21,5,-15,1,2,8,3,9,7,5,4,12,6,3,3,5,-6,3,5,3,3,5,5,6,-27,3,4,3,3,4,3,5,4,3,3,2,1,300,290,280,300,310,290,280,300,310,300,3,1,1,1,5,1,2,0.10821433365345001,0.21440201997756958,0.39618134498596191,0,0,0,0,1,1,0,0,1,1,0,0,1,0,1,0,1,0,0,1,2,0,0,2.3025851249694824,2.3025851249694824,2.995732307434082,2.3025851249694824,2.3025851249694824
2,1,1,1,0,0,1,1,0,1,0,1,1,0,0,1,1,0,1,0,0,0,60,120,120,60,130,1,1,1,1,0,3e,9,1,0,0.02,70,62,2.3999999999999999,0,1,1,1,1,1,1,2,2,2,2,479,1,1,18,20,5,-162,5,12,8,6,4,1,7,2,3,9,4,2,2,-35,6,2,2,1,5,6,6,-42,2,2,3,2,3,2,3,1,1,3,2,1,300,360,230,110,170,360,230,110,170,40,2,2,1,1,7,2,3,-0.22739130258560181,-0.33244720101356506,-0.92934519052505493,1,0,0,0,0,0,0,0,0,1,1,0,1,0,1,0,1,0,0,0,0,0,0,4.0943446159362793,4.7874917984008789,4.7874917984008789,4.0943446159362793,4.8675346374511719
2,1,0,1,1,1,0,1,0,1,0,1,0,0,1,0,0,0,0,0,0,0,50,60,60,60,100,1,1,1,1,1,4e,9,1,0,0.02,109,148,2.3999999999999999,-4,1,1,1,1,1,2,2,2,2,2,479,2,1,19,13,5,-16,3,1,12,4,5,8,7,2,9,6,5,5,3,-23,5,2,2,2,3,7,3,-34,1,2,1,1,3,1,4,1,1,3,2,4,300,250,190,250,190,250,190,250,190,90,3,1,1,1,6,2,3,1.3492158651351929,-0.34525993466377258,-0.96694827079772949,0,0,0,0,1,1,0,0,1,1,0,1,1,1,1,0,1,0,1,1,2,0,0,3.9120230674743652,4.0943446159362793,4.0943446159362793,4.0943446159362793,4.6051702499389648
1,1,0,0,1,0,0,1,0,1,0,1,0,1,1,1,0,1,0,0,0,0,15,15,15,20,50,1,1,1,0,1,4a,8,2,0,0.02,57,119,1.8,-5,2,2,2,2,2,2,2,2,2,2,478,1,2,23,-8,3,-42,1,2,7,4,3,6,12,8,9,5,4,3,2,-21,4,7,3,3,6,7,4,-39,3,2,4,2,5,2,2,5,2,2,1,2,300,275,290,305,285,275,290,305,285,235,3,3,1,1,1,-2,1,0.15540720522403717,0.67808699607849121,-0.3964826762676239,0,0,0,0,1,0,0,0,1,0,0,1,1,0,1,0,1,1,1,1,0,0,0,2.7080502510070801,2.7080502510070801,2.7080502510070801,2.995732307434082,3.9120230674743652
1,2,1,0,1,0,1,1,0,1,0,1,1,1,1,1,1,0,0,0,0,0,20,20,20,30,30,0,0,0,1,1,4c,9,1,0,0.02,18,78,2.3999999999999999,-7,1,1,1,1,1,2,2,2,2,2,479,2,1,18,18,5,-208,2,6,12,5,4,9,3,7,8,1,2,4,2,-39,3,5,1,1,1,3,6,-33,2,3,4,1,3,3,4,1,1,2,3,1,300,280,260,240,270,280,260,240,270,300,2,1,1,1,6,2,2,-0.12770810723304749,-0.71985691785812378,-0.69877141714096069,1,1,1,1,0,0,0,0,1,1,1,0,0,0,0,1,0,0,1,0,1,1,1,2.995732307434082,2.995732307434082,2.995732307434082,3.4011974334716797,3.4011974334716797
1,1,0,0,0,1,1,1,0,1,0,1,0,1,0,0,1,0,0,0,0,0,50,50,50,50,50,1,1,0,1,1,2b,7,3,0,0.02,1,88,1.2,1,1,1,1,1,1,2,2,2,2,2,475,2,3,22,17,5,-63,6,4,2,12,5,7,3,8,1,9,4,4,4,-8,5,3,2,3,3,5,5,-21,2,4,4,3,4,4,2,1,3,3,4,3,300,250,300,350,300,250,300,350,300,350,3,3,3,1,6,2,1,0.72871506214141846,-0.066816575825214386,0.50814491510391235,0,0,0,0,1,0,0,0,1,0,0,1,0,0,1,0,0,0,1,1,0,0,0,3.9120230674743652,3.9120230674743652,3.9120230674743652,3.9120230674743652,3.9120230674743652
1,2,0,0,1,1,0,1,0,1,0,1,0,1,1,0,0,0,0,0,0,0,20,20,30,10,20,0,1,0,0,0,2e,8,1,1,0.02,92,106,2.1000000000000001,-3,1,1,1,1,1,1,2,2,2,2,479,2,1,19,15,4,-28,1,5,4,2,7,12,6,3,8,9,4,4,5,-18,2,3,1,2,3,6,5,-24,3,3,2,1,1,1,1,3,2,2,1,1,300,320,340,310,320,320,340,310,320,340,3,3,1,1,7,2,2,0.82396978139877319,-0.82578527927398682,-1.2157280445098877,0,0,0,0,1,0,0,0,0,0,1,0,0,0,0,0,0,1,0,1,0,0,0,2.995732307434082,2.995732307434082,3.4011974334716797,2.3025851249694824,2.995732307434082
1,1,0,0,1,0,0,1,0,1,0,1,0,1,1,1,0,1,1,1,1,1,10,10,70,20,70,1,1,1,1,1,7b,8,2,0,0.02,5,13,1.8,-2,1,1,1,1,1,1,1,1,2,2,476,2,6,23,17,3,-26,12,2,7,5,4,1,6,3,8,9,3,4,2,-27,3,6,5,4,5,5,4,-62,2,3,3,1,3,2,3,3,3,2,2,2,300,280,280,340,350,280,280,340,350,270,3,3,1,1,9,2,1,0.20524880290031433,0.963265061378479,-0.46306923031806946,0,0,0,0,1,0,0,0,1,0,0,0,1,1,1,0,1,0,1,1,0,0,0,2.3025851249694824,2.3025851249694824,4.2484951019287109,2.995732307434082,4.2484951019287109
2,1,1,0,0,1,0,1,0,1,0,1,1,1,0,0,0,0,0,0,0,0,100,100,200,250,500,1,1,1,0,1,2d,8,2,0,0.02,15,137,1.8,-4,1,1,1,1,1,1,2,2,2,2,479,2,1,18,20,4,-8,5,9,3,6,2,8,7,1,4,12,2,4,5,-6,1,1,6,4,3,6,7,-12,3,1,1,4,4,4,4,4,2,2,1,5,300,400,500,300,550,400,500,300,550,50,2,1,1,1,7,2,3,0.15805593132972717,-0.30888524651527405,0.074906520545482635,1,1,0,0,0,0,0,0,0,0,1,0,1,0,1,0,1,1,1,0,1,0,0,4.6051702499389648,4.6051702499389648,5.2983174324035645,5.521461009979248,6.2146081924438477
2,2,1,1,0,0,0,1,0,1,0,1,1,0,0,1,0,0,0,1,0,0,100,50,100,50,50,1,0,1,0,1,5b,5,5,0,0.02,99999,99999,0,99999,1,1,1,1,1,2,2,2,2,2,99999,2,3,23,99999,4,99999,9,12,1,6,2,3,7,8,5,4,4,5,4,99999,2,2,3,2,6,6,6,99999,4,4,2,2,5,1,4,3,2,2,1,1,300,400,450,340,290,400,450,340,290,240,2,2,1,1,6,2,4,1.111513614654541,-0.37042626738548279,-0.42224061489105225,1,0,0,0,0,0,0,0,0,0,1,1,1,0,1,1,1,1,1,0,0,0,0,4.6051702499389648,3.9120230674743652,4.6051702499389648,3.9120230674743652,3.9120230674743652
2,2,1,1,0,0,1,1,0,1,0,1,1,0,0,1,1,0,0,1,0,0,30,50,40,40,20,1,1,1,1,0,3f,3,2,5,0.02,0,144,0.29999999999999999,-50,1,1,1,1,1,1,1,2,2,2,479,2,1,19,22,4,-86,9,7,2,5,8,4,6,12,1,3,2,2,4,-3,5,6,3,4,5,6,6,-47,3,3,2,2,3,2,1,2,2,3,2,1,300,330,280,230,270,330,280,230,270,250,2,2,1,1,8,2,4,-0.70279574394226074,0.63561797142028809,-0.64544999599456787,1,0,0,0,0,0,0,0,0,1,1,0,1,0,1,0,1,0,0,0,0,0,0,3.4011974334716797,3.9120230674743652,3.6888794898986816,3.6888794898986816,2.995732307434082
2,2,0,0,0,0,1,1,0,1,0,1,0,1,0,1,1,0,0,0,0,0,10,10,10,10,10,1,1,1,1,1,4d,10,0,0,0.02,105,52,3,0,1,1,1,1,1,2,2,2,2,2,480,1,3,21,20,5,-47,2,12,1,6,5,7,3,8,9,4,4,4,4,-10,6,3,3,2,3,5,5,-21,3,4,4,2,4,2,4,3,2,2,2,3,300,290,300,290,300,290,300,290,300,310,3,3,3,3,6,2,4,0.72871506214141846,0.023940009996294975,-0.032530792057514191,0,0,0,0,1,0,0,0,1,0,1,0,0,1,1,0,1,0,1,1,0,0,0,2.3025851249694824,2.3025851249694824,2.3025851249694824,2.3025851249694824,2.3025851249694824
2,2,1,1,0,0,1,1,0,1,0,1,1,0,0,1,1,0,0,1,0,0,10,60,70,70,240,1,1,1,1,1,3b,6,4,0,0.02,72,101,0.59999999999999998,-3,1,1,1,1,1,1,1,1,1,1,479,1,1,24,11,3,-80,1,9,6,12,5,3,8,7,2,4,4,2,3,-20,3,2,3,4,4,7,6,-40,3,2,1,3,1,1,2,1,2,2,1,2,300,310,250,170,240,310,250,170,240,480,2,2,1,1,11,2,4,-0.13213662803173065,-0.25998216867446899,-1.1557594537734985,1,0,0,0,0,0,0,0,0,1,1,0,0,1,1,0,1,0,1,0,0,0,0,2.3025851249694824,4.0943446159362793,4.2484951019287109,4.2484951019287109,5.4806389808654785
2,2,0,0,1,0,1,1,0,1,0,1,0,1,1,1,1,1,0,0,0,0,58,58,58,116,116,1,0,1,0,1,1a,10,0,0,0.02,11,126,3,-1,1,1,1,1,1,2,2,2,2,2,479,1,1,18,18,4,-10,5,1,4,2,9,12,8,3,6,7,2,2,2,-12,5,5,2,3,3,5,4,-22,2,2,3,2,3,1,3,1,1,1,1,1,300,232,174,232,116,232,174,232,116,232,3,3,1,1,6,2,4,-0.89330512285232544,0.24683207273483276,-1.4917876720428467,0,0,0,0,1,0,0,0,1,1,0,1,0,0,1,1,1,1,1,1,0,0,0,4.0604429244995117,4.0604429244995117,4.0604429244995117,4.7535901069641113,4.7535901069641113
1,1,1,0,1,1,1,1,0,1,0,1,1,1,1,0,1,0,0,0,0,0,50,10,10,20,10,1,1,1,0,1,2f,7,3,0,0.02,111,166,1.2,-9,1,1,1,1,2,2,2,2,2,2,479,1,1,21,21,5,12,8,4,7,9,2,6,1,12,3,5,1,1,1,3,1,1,1,6,2,7,6,-11,4,4,5,4,2,2,2,1,1,2,2,1,300,350,360,370,390,350,360,370,390,400,2,1,1,1,5,1,1,-1.704315185546875,-0.80261921882629395,-0.49012145400047302,1,1,1,0,0,0,0,0,0,0,0,0,0,0,1,0,1,1,1,0,1,1,0,3.9120230674743652,2.3025851249694824,2.3025851249694824,2.995732307434082,2.3025851249694824
2,2,0,1,0,0,0,1,0,1,0,1,0,0,0,1,0,0,0,0,0,0,20,20,20,20,30,1,1,1,1,1,2c,8,2,0,0.02,64,87,1.8,-1,1,1,1,1,1,1,2,2,2,2,479,2,1,19,15,4,-37,9,7,12,4,5,3,1,8,6,2,4,5,2,-12,5,6,6,7,7,5,3,-23,2,4,4,5,4,5,5,4,4,5,5,4,300,280,260,240,260,280,260,240,260,230,3,1,1,1,7,2,4,0.92100423574447632,2.192673921585083,2.0065071582794189,0,0,0,0,1,1,1,0,1,1,1,0,1,1,1,0,1,0,1,1,2,2,0,2.995732307434082,2.995732307434082,2.995732307434082,2.995732307434082,3.4011974334716797
1,2,1,0,1,1,0,1,1,1,0,0,1,0,1,0,1,0,0,0,0,0,22,35,37,74,100,1,1,1,1,1,7d,0,0,10,0.02,0,99999,0,-47,1,1,1,1,1,2,2,2,2,2,471,2,6,22,16,5,-87,6,4,7,8,1,5,9,3,12,2,4,4,5,-95,2,1,2,2,5,6,5,-71,2,2,2,1,1,2,1,1,1,1,1,1,300,322,287,324,250,322,287,324,250,350,2,1,1,1,6,2,2,0.82396978139877319,-0.65292501449584961,-1.8073656558990479,1,0,0,0,0,0,0,0,0,1,0,1,0,1,1,1,1,0,0,0,0,0,0,3.0910425186157227,3.5553481578826904,3.6109178066253662,4.3040652275085449,4.6051702499389648
2,1,1,0,1,1,0,1,1,1,0,0,1,0,1,0,1,0,0,0,0,0,10,20,40,30,10,0,1,1,0,1,7a,0,0,10,0.02,0,99999,0,-3,1,1,1,1,1,2,2,2,2,2,479,1,3,24,25,5,-9,4,9,8,3,12,6,7,5,2,1,1,1,5,2,6,1,2,3,5,7,7,-14,4,4,4,5,5,5,5,5,5,4,5,5,300,290,270,310,340,290,270,310,340,350,2,1,1,1,6,2,3,-1.3232965469360352,-0.29289662837982178,2.5049889087677002,1,0,0,0,0,0,0,0,1,1,0,0,0,0,0,1,1,1,0,0,0,0,0,2.3025851249694824,2.995732307434082,3.6888794898986816,3.4011974334716797,2.3025851249694824
1,2,0,1,1,1,1,1,1,1,0,0,0,1,1,0,0,0,0,0,0,0,10,20,20,30,60,1,1,1,1,1,2e,8,1,1,0.02,90,137,2.1000000000000001,-1,1,1,1,1,1,1,2,2,2,2,479,1,1,21,24,4,-76,5,3,8,6,12,2,7,4,9,1,2,2,2,-22,6,6,2,5,4,5,5,-30,1,2,3,1,2,1,1,1,2,2,2,1,300,290,310,330,300,290,310,330,300,240,3,1,1,1,7,2,2,-0.89330512285232544,0.84403258562088013,-1.431404709815979,0,0,0,0,1,0,0,0,1,0,0,1,1,1,1,1,1,0,0,1,0,0,0,2.3025851249694824,2.995732307434082,2.995732307434082,3.4011974334716797,4.0943446159362793
1,2,1,1,1,0,0,1,1,1,0,0,1,1,1,1,1,0,0,1,1,0,100,50,200,30,20,1,0,1,0,1,4c,6,4,0,0.02,80,95,0.59999999999999998,0,1,1,1,1,2,2,2,2,2,2,479,2,4,25,21,5,-252,1,4,3,7,5,9,8,2,12,6,4,5,1,-24,1,5,1,5,1,7,7,-44,5,5,5,1,3,3,4,1,5,5,5,5,300,400,350,540,500,400,350,540,500,520,2,2,2,1,5,1,2,0.82574951648712158,-0.7519107460975647,1.7462015151977539,1,1,1,1,0,0,0,0,0,1,0,1,0,0,1,0,1,1,0,0,1,1,1,4.6051702499389648,3.9120230674743652,5.2983174324035645,3.4011974334716797,2.995732307434082
2,2,0,1,1,1,1,1,1,1,0,0,0,1,1,0,0,1,0,0,0,0,20,30,50,20,30,1,0,1,0,1,7c,9,1,0,0.02,91,112,2.3999999999999999,-3,1,1,1,1,1,1,2,2,2,2,479,2,6,23,-13,5,-56,7,5,1,4,12,8,2,6,3,9,1,1,1,-20,1,7,1,1,1,1,1,-48,1,5,1,1,1,1,5,1,5,5,1,1,300,270,240,290,310,270,240,290,310,280,3,1,1,1,7,2,4,-1.704315185546875,-0.078611016273498535,-0.20846079289913177,0,0,0,0,1,0,0,0,1,1,0,0,1,0,1,0,1,1,0,1,0,0,0,2.995732307434082,3.4011974334716797,3.9120230674743652,2.995732307434082,3.4011974334716797
2,2,0,1,1,0,0,1,1,1,0,0,0,1,1,1,1,0,0,0,0,0,50,100,100,50,10,1,1,1,1,1,1a,7,3,0,0.02,14,81,1.2,-2,1,1,1,1,1,1,1,1,1,1,479,1,1,21,20,5,-35,5,1,8,6,3,12,7,2,9,4,1,1,3,-1,3,2,2,2,2,6,6,-10,3,2,2,2,2,1,1,1,1,1,1,1,300,250,350,450,500,250,350,450,500,510,3,1,1,1,11,2,4,-1.5138058662414551,-0.89583241939544678,-1.6350122690200806,0,0,0,0,1,0,0,0,1,0,0,0,0,1,1,1,1,0,0,1,0,0,0,3.9120230674743652,4.6051702499389648,4.6051702499389648,3.9120230674743652,2.3025851249694824
2,1,1,1,0,1,1,1,1,1,0,0,1,1,0,0,0,0,1,1,0,0,10,10,20,80,25,1,1,1,1,1,2d,6,4,0,0.02,67,4,0.59999999999999998,-3,1,1,1,1,1,2,2,2,2,2,479,2,1,18,20,4,-6,6,12,8,9,4,1,7,3,5,2,2,2,1,-8,5,3,3,3,5,2,4,-18,2,1,3,2,1,1,4,2,1,1,1,1,300,310,310,280,200,310,310,280,200,175,2,2,1,1,6,2,3,-0.9885597825050354,0.70179152488708496,-1.5803803205490112,1,1,0,0,0,0,0,0,0,0,1,1,1,1,1,1,1,0,0,0,1,0,0,2.3025851249694824,2.3025851249694824,2.995732307434082,4.3820266723632812,3.2188758850097656
2,2,1,0,0,0,0,1,1,1,0,0,1,0,0,1,1,0,0,0,0,0,75,65,90,50,50,1,1,0,1,0,3b,8,2,0,0.02,43,27,1.8,-12,1,1,1,1,1,1,1,1,2,2,479,2,1,20,13,5,-18,6,2,5,4,3,9,12,8,1,7,1,1,2,-7,3,5,5,3,5,5,5,-36,3,3,3,3,4,3,4,4,2,2,3,5,300,375,310,400,450,375,310,400,450,400,2,1,1,1,9,2,4,-1.609060525894165,0.5906863808631897,0.47520577907562256,1,0,0,0,0,0,0,0,0,1,0,0,1,0,1,1,0,0,1,0,0,0,0,4.3174881935119629,4.1743874549865723,4.499809741973877,3.9120230674743652,3.9120230674743652
2,1,1,0,0,0,0,1,1,1,0,0,1,0,0,1,1,0,0,0,0,0,60,60,60,60,70,1,1,0,1,0,3e,5,0,5,0.02,74,0,1.5,-6,1,1,1,1,1,1,1,2,2,2,479,2,1,19,15,5,-98,12,4,2,3,1,6,8,9,7,5,5,3,4,-24,5,5,6,5,5,6,6,-58,4,3,2,4,1,2,2,4,4,4,4,2,300,360,300,360,420,360,300,360,420,350,2,1,1,1,8,2,3,0.67887347936630249,1.1178737878799438,0.67574852705001831,1,0,0,0,0,0,0,0,0,1,0,0,1,0,1,1,0,0,1,0,0,0,0,4.0943446159362793,4.0943446159362793,4.0943446159362793,4.0943446159362793,4.2484951019287109
2,1,0,0,1,1,1,1,1,1,0,0,0,0,1,0,0,1,0,1,0,1,40,40,40,40,40,1,1,1,0,0,4e,7,3,0,0.02,124,146,1.2,-34,1,1,1,1,1,2,2,2,2,2,479,2,4,22,18,5,-14,12,8,3,4,5,1,7,9,2,6,1,1,4,-15,2,2,2,5,5,4,5,-20,2,4,3,2,3,3,3,2,3,4,3,3,300,250,210,240,280,250,210,240,280,310,3,3,1,1,6,2,3,-1.4185512065887451,0.15109418332576752,0.32476910948753357,0,0,0,0,1,1,0,0,1,1,0,0,0,0,1,1,1,1,1,1,2,0,0,3.6888794898986816,3.6888794898986816,3.6888794898986816,3.6888794898986816,3.6888794898986816
2,2,0,1,0,0,0,1,1,1,0,0,0,1,0,1,1,1,0,0,0,0,15,15,20,25,45,1,1,1,0,1,4d,0,0,10,0.02,0,0,0,-1,1,1,1,1,1,1,2,2,2,2,480,2,4,22,20,5,-9,7,9,6,8,5,3,1,12,4,2,1,1,4,-4,2,1,1,1,2,7,7,-3,4,3,3,3,3,2,3,2,1,2,2,1,300,275,290,270,245,275,290,270,245,290,3,1,1,1,7,2,4,-1.4185512065887451,-1.6219215393066406,-0.57107925415039062,0,0,0,0,1,0,0,0,1,0,1,1,0,0,1,1,1,1,0,1,0,0,0,2.7080502510070801,2.7080502510070801,2.995732307434082,3.2188758850097656,3.8066625595092773
1,1,0,1,1,0,1,1,1,1,0,0,0,1,1,1,0,0,0,0,0,0,20,20,30,30,30,1,0,0,1,1,7b,10,0,0,0.02,25,50,3,-20,1,1,1,1,1,1,1,2,2,2,476,2,6,22,3,5,-22,6,1,3,2,9,8,7,5,4,12,3,3,4,-25,2,4,2,2,6,6,6,-51,2,3,4,2,4,2,4,2,3,4,2,1,300,280,260,230,260,280,260,230,260,230,3,1,1,1,8,2,1,0.012959655374288559,-0.29195335507392883,-0.064590759575366974,0,0,0,0,1,0,0,0,1,1,1,0,1,0,1,0,0,0,0,1,0,0,0,2.995732307434082,2.995732307434082,3.4011974334716797,3.4011974334716797,3.4011974334716797
2,2,1,1,0,0,1,1,1,1,0,0,1,1,0,1,0,0,0,1,0,0,11,11,12,25,153,1,0,1,0,0,6b,8,2,0,0.02,138,81,1.8,-2,1,1,1,1,1,1,2,2,2,2,480,2,3,21,24,4,1,12,8,2,4,1,3,7,6,9,5,4,4,4,1,2,2,2,5,5,6,6,-14,3,2,2,1,2,1,1,2,3,3,2,2,300,311,300,278,253,311,300,278,253,406,2,2,1,1,7,2,4,0.72871506214141846,-0.13103911280632019,-0.75158149003982544,1,1,0,0,0,0,0,0,0,1,1,1,0,0,1,0,1,1,1,0,1,0,0,2.397895336151123,2.397895336151123,2.4849066734313965,3.2188758850097656,5.0304379463195801
2,2,0,0,0,0,1,1,1,1,0,0,0,0,0,1,0,0,1,1,1,1,40,50,50,50,50,0,0,0,0,0,2c,10,0,0,0.02,90,158,3,-6,1,1,1,1,1,1,1,1,2,2,479,1,1,20,0,5,-124,1,12,3,2,6,9,7,8,5,4,5,3,5,-27,6,2,2,5,6,7,7,-35,4,5,1,5,1,2,2,1,4,5,4,5,300,340,380,420,360,340,380,420,360,400,3,3,3,3,9,2,4,0.77412813901901245,0.28000226616859436,1.1452376842498779,0,0,0,0,1,1,1,0,0,0,0,1,0,1,0,0,0,1,1,1,2,2,0,3.6888794898986816,3.9120230674743652,3.9120230674743652,3.9120230674743652,3.9120230674743652
2,1,1,0,0,1,1,1,1,1,0,0,1,0,0,0,0,0,1,0,0,0,70,90,100,100,70,1,1,1,1,1,6a,7,3,0,0.02,70,165,1.2,-3,1,1,1,1,1,1,1,1,2,2,479,1,2,24,18,5,-11,6,1,3,9,12,4,8,7,2,5,3,3,2,-6,3,4,3,2,3,6,6,-12,3,4,4,1,3,2,3,3,3,2,4,4,300,370,270,170,70,370,270,170,70,0,2,1,1,1,9,2,3,-0.17754970490932465,-0.40947571396827698,0.31544649600982666,1,0,0,0,0,0,0,0,0,1,1,1,1,1,1,1,1,0,0,0,0,0,0,4.2484951019287109,4.499809741973877,4.6051702499389648,4.6051702499389648,4.2484951019287109
2,2,1,0,0,0,1,1,1,1,0,0,1,0,0,1,0,0,0,0,0,0,20,50,50,100,100,1,1,1,1,1,5b,6,4,0,0.02,99999,99999,0.59999999999999998,99999,1,1,1,1,1,2,2,2,2,2,99999,2,2,21,99999,5,99999,2,5,12,4,3,6,7,9,8,1,3,3,4,99999,3,5,5,3,5,5,5,99999,3,4,3,3,4,2,3,4,3,3,3,3,300,320,270,220,320,320,270,220,320,220,2,1,1,1,6,2,4,0.012959655374288559,0.5906863808631897,0.51491129398345947,1,0,0,0,0,0,0,0,0,1,1,0,1,1,1,1,1,0,0,0,0,0,0,2.995732307434082,3.9120230674743652,3.9120230674743652,4.6051702499389648,4.6051702499389648
2,1,1,0,0,0,0,1,1,1,0,0,1,0,0,1,1,0,1,1,0,1,50,70,50,50,150,0,1,1,1,0,5d,6,4,0,0.02,99999,99999,0.59999999999999998,99999,1,1,1,1,1,1,2,2,2,2,99999,2,1,20,99999,4,99999,4,2,1,12,5,6,7,8,9,3,2,2,4,99999,2,1,2,5,3,6,5,99999,2,2,4,2,3,1,3,3,1,2,1,1,300,250,170,110,160,250,170,110,160,0,2,1,1,1,7,2,3,-0.70279574394226074,-0.39809584617614746,-1.127698540687561,1,0,0,0,0,0,0,0,1,1,1,0,1,0,0,1,1,0,1,0,0,0,0,3.9120230674743652,4.2484951019287109,3.9120230674743652,3.9120230674743652,5.0106353759765625
1,2,1,1,1,1,1,1,1,1,0,0,1,1,1,0,0,0,0,0,0,0,15,12,12,11,10,1,1,0,0,1,3d,8,2,0,0.02,127,134,1.8,-1,1,1,1,1,1,1,1,2,2,2,478,1,1,18,18,4,-47,5,9,6,8,3,1,4,2,7,12,3,3,4,-14,3,2,2,2,2,3,3,-26,1,2,3,3,3,2,3,1,1,1,1,3,300,315,327,315,326,315,327,315,326,316,2,2,2,2,8,2,2,0.012959655374288559,-0.33153173327445984,-1.1821532249450684,1,1,1,0,0,0,0,0,0,0,1,0,1,0,1,1,0,1,0,0,1,1,0,2.7080502510070801,2.4849066734313965,2.4849066734313965,2.397895336151123,2.3025851249694824
1,1,1,0,1,0,1,1,1,1,0,0,1,0,1,1,0,0,0,0,0,0,10,25,30,65,100,1,0,0,0,0,3c,5,5,0,0.02,150,10,0,-1,1,1,1,1,1,2,2,2,2,2,479,2,1,20,16,4,-14,7,2,5,3,9,12,8,1,4,6,2,3,5,-2,6,3,2,2,4,6,4,-13,4,3,4,3,4,2,4,2,4,4,5,3,300,310,335,305,240,310,335,305,240,340,2,1,1,1,6,2,1,-0.2247425764799118,0.0085320537909865379,1.1038738489151001,1,0,0,0,0,0,0,0,0,0,1,1,0,0,1,0,0,1,1,0,0,0,0,2.3025851249694824,3.2188758850097656,3.4011974334716797,4.1743874549865723,4.6051702499389648
2,1,1,1,1,0,0,1,1,1,0,0,1,1,1,1,1,0,0,0,0,1,20,20,20,15,10,1,1,1,1,0,1b,5,4,1,0.02,151,102,0.29999999999999999,-2,1,1,1,1,1,2,2,2,2,2,479,1,1,19,20,5,-19,8,3,2,12,6,5,7,1,9,4,1,4,4,-3,3,2,2,4,4,6,6,-14,4,3,4,5,2,2,3,1,2,4,2,3,300,320,340,360,375,320,340,360,375,355,2,2,2,1,6,2,3,-0.27015566825866699,-0.3070577085018158,0.20864725112915039,1,1,1,1,0,0,0,0,0,0,0,0,1,0,1,1,1,0,1,0,1,1,1,2.995732307434082,2.995732307434082,2.995732307434082,2.7080502510070801,2.3025851249694824
1,1,1,1,1,0,1,1,1,1,0,0,1,1,1,1,0,0,0,0,0,0,50,50,80,100,100,1,0,1,1,1,1c,9,1,0,0.02,11,67,2.3999999999999999,0,1,1,1,1,2,2,2,2,2,2,479,1,1,21,22,5,-80,1,2,5,4,3,6,12,8,9,7,4,5,1,-34,2,7,1,2,3,6,6,-46,2,3,4,4,4,1,5,3,1,1,1,5,300,350,300,380,480,350,300,380,480,380,2,2,2,1,5,1,1,0.82574951648712158,-0.48068943619728088,-0.3490978479385376,1,1,1,1,0,0,0,0,0,1,0,0,1,0,1,0,1,0,0,0,1,1,1,3.9120230674743652,3.9120230674743652,4.3820266723632812,4.6051702499389648,4.6051702499389648
1,1,0,1,0,0,1,1,1,1,0,0,0,1,0,1,0,0,0,0,0,0,10,10,10,20,30,1,0,0,1,1,5a,7,3,0,0.02,99999,99999,1.2,99999,1,1,1,1,1,1,1,1,1,1,99999,1,3,23,99999,5,99999,3,7,6,12,8,2,5,9,1,4,3,4,4,99999,5,2,3,4,5,6,6,99999,4,3,3,3,2,2,4,3,3,4,3,2,300,290,280,290,310,290,280,290,310,280,3,1,1,1,11,2,1,0.39575815200805664,0.19645498692989349,0.41415241360664368,0,0,0,0,1,0,0,0,1,1,0,0,1,0,1,0,0,0,0,1,0,0,0,2.3025851249694824,2.3025851249694824,2.3025851249694824,2.995732307434082,3.4011974334716797
1,1,0,0,1,0,1,1,1,1,0,0,0,0,1,1,0,0,0,0,0,0,25,75,35,40,61,1,0,0,1,0,5e,9,0,1,0.02,99999,99999,2.7000000000000002,99999,1,1,1,2,2,2,2,2,2,2,99999,2,4,21,99999,4,99999,3,8,6,4,12,5,9,2,1,7,5,4,1,99999,3,6,2,2,2,1,3,99999,1,2,1,3,4,2,2,1,1,1,1,1,300,275,350,315,355,275,350,315,355,416,3,3,1,1,4,0,1,0.77590793371200562,0.29569739103317261,-1.4850103855133057,0,0,0,0,1,1,0,0,1,0,1,0,0,0,1,0,0,0,1,1,2,0,0,3.2188758850097656,4.3174881935119629,3.5553481578826904,3.6888794898986816,4.1108736991882324
1,1,1,1,1,1,0,1,1,1,0,0,1,1,1,0,1,0,0,0,0,0,10,20,40,80,70,1,1,0,0,0,2f,10,0,0,0.02,10,43,3,-1,1,1,1,1,1,2,2,2,2,2,479,1,1,22,-11,5,-96,8,2,1,4,12,6,7,3,9,5,4,4,4,-18,2,2,2,3,3,6,6,-87,3,3,4,3,1,2,3,2,4,4,4,2,300,310,330,290,370,310,330,290,370,300,2,2,2,2,6,2,1,0.72871506214141846,-0.71981382369995117,0.46065983176231384,1,1,1,0,0,0,0,0,0,0,1,0,1,0,1,1,0,1,1,0,1,1,0,2.3025851249694824,2.995732307434082,3.6888794898986816,4.3820266723632812,4.2484951019287109
1,2,0,0,1,0,0,1,1,1,0,0,0,0,1,1,1,0,0,1,0,0,20,30,50,20,10,1,1,0,1,1,5c,7,3,0,0.02,99999,99999,1.2,99999,1,1,1,1,1,1,1,2,2,2,99999,2,1,20,99999,5,99999,1,2,6,3,7,9,4,8,5,12,2,4,2,99999,4,1,1,3,3,6,6,99999,4,4,3,2,4,4,4,3,1,2,1,2,300,280,250,190,210,280,250,190,210,220,3,3,1,1,8,2,2,-0.12770810723304749,-0.73397564888000488,-0.1856953501701355,0,0,0,0,1,1,0,0,1,1,1,0,0,0,1,1,0,0,0,1,2,0,0,2.995732307434082,3.4011974334716797,3.9120230674743652,2.995732307434082,2.3025851249694824
2,1,0,1,0,1,1,1,1,1,0,0,0,1,0,0,0,1,0,0,0,0,50,50,100,60,100,1,1,1,1,1,2a,4,1,5,0.02,0,32,0.90000000000000002,0,1,1,1,1,1,2,2,2,2,2,479,2,1,19,9,2,0,9,8,1,12,7,4,3,2,5,6,2,2,2,-23,2,2,5,3,5,2,3,-32,2,4,4,3,5,1,5,5,2,5,5,5,300,240,290,190,130,240,290,190,130,30,3,1,1,1,6,2,3,-0.89330512285232544,0.61317890882492065,1.2773096561431885,0,0,0,0,1,0,0,0,1,0,1,1,1,1,1,1,1,0,0,1,0,0,0,3.9120230674743652,3.9120230674743652,4.6051702499389648,4.0943446159362793,4.6051702499389648
1,2,0,0,1,0,1,0,0,1,1,1,1,1,1,0,1,0,0,0,0,0,100,50,200,100,125,1,1,0,1,1,4b,6,4,0,0.02,31,106,0.59999999999999998,-1,1,1,1,1,1,1,1,1,1,1,479,1,4,26,7,4,-2,5,4,1,6,9,12,7,8,2,3,4,4,4,-2,5,5,5,5,5,5,5,5,2,2,2,2,2,2,2,2,2,2,2,2,300,400,450,250,150,400,450,250,150,275,3,3,1,1,11,2,2,0.72871506214141846,1.1648654937744141,-0.90340417623519897,1,1,1,0,0,0,0,0,0,0,1,1,0,0,0,0,0,1,1,0,1,1,0,4.6051702499389648,3.9120230674743652,5.2983174324035645,4.6051702499389648,4.8283138275146484
1,2,1,0,1,0,0,0,0,1,1,1,0,1,1,0,0,0,0,0,0,0,10,15,15,15,55,1,1,1,1,1,2e,9,0,1,0.02,0,39,2.7000000000000002,-22,1,1,1,1,1,1,1,2,2,2,479,2,2,21,14,5,-70,8,9,3,7,12,6,5,4,2,1,4,4,4,-28,3,6,2,5,5,5,5,-53,3,3,2,1,4,2,2,2,2,2,2,1,300,290,305,320,305,290,305,320,305,250,2,1,1,1,8,2,2,0.72871506214141846,0.61459285020828247,-0.76058262586593628,0,0,0,0,1,0,0,0,1,0,0,1,1,1,0,0,1,1,1,1,0,0,0,2.3025851249694824,2.7080502510070801,2.7080502510070801,2.7080502510070801,4.0073332786560059
1,1,1,0,1,1,0,0,0,1,1,1,0,1,1,1,0,1,0,0,0,0,50,100,125,50,50,0,0,0,0,0,4a,5,5,0,0.02,2,7,0,-11,1,1,1,1,1,2,2,2,2,2,479,1,1,20,-8,3,-36,1,8,5,2,6,4,7,12,3,9,2,4,2,-19,2,2,2,2,1,7,5,-26,1,4,3,1,4,1,3,2,3,2,3,1,300,340,240,115,65,340,240,115,65,115,2,1,1,1,6,2,1,-0.12770810723304749,-1.1398336887359619,-0.54186660051345825,0,0,0,0,1,0,0,0,0,1,1,1,0,1,1,1,0,0,0,1,0,0,0,3.9120230674743652,4.6051702499389648,4.8283138275146484,3.9120230674743652,3.9120230674743652
1,1,1,0,0,0,1,0,0,1,1,1,0,1,0,0,1,0,0,0,0,0,70,80,65,85,185,0,0,0,0,0,2b,10,0,0,0.02,2,118,3,1,1,1,1,1,2,2,2,2,2,2,478,1,1,21,11,5,-62,1,6,7,5,3,12,4,2,9,8,3,4,3,-24,2,2,3,2,2,6,6,-20,2,3,4,2,4,3,4,3,4,4,4,2,300,370,290,355,440,370,290,355,440,255,2,1,1,1,5,1,1,0.30050349235534668,-0.87309253215789795,0.71498852968215942,0,0,0,0,1,0,0,0,0,1,0,0,1,1,1,1,0,0,0,1,0,0,0,4.2484951019287109,4.3820266723632812,4.1743874549865723,4.4426512718200684,5.2203559875488281
2,1,0,1,1,0,1,0,0,1,1,1,1,0,1,0,1,0,0,0,0,0,10,60,10,50,270,1,0,1,1,0,7a,9,1,0,0.02,36,90,2.3999999999999999,0,1,1,1,1,1,2,2,2,2,2,479,1,3,24,20,5,-36,12,9,3,5,7,6,4,8,2,1,3,3,3,-1,1,1,1,1,1,7,7,-2,3,3,2,4,1,1,1,2,1,1,1,1,300,310,370,380,330,310,370,380,330,60,3,1,1,1,6,2,3,-0.082295022904872894,-1.8659569025039673,-1.3126374483108521,1,0,0,0,0,0,0,0,0,0,0,1,1,0,0,1,1,1,0,0,0,0,0,2.3025851249694824,4.0943446159362793,2.3025851249694824,3.9120230674743652,5.5984220504760742
1,2,0,1,1,0,1,0,0,1,1,1,1,0,1,0,1,1,1,1,0,0,10,10,10,20,30,0,0,1,0,1,7d,9,1,0,0.02,71,103,2.3999999999999999,-8,1,1,1,1,1,1,2,2,2,2,477,2,1,19,20,3,-27,1,6,5,3,7,8,12,4,9,2,2,4,3,-8,4,3,4,4,2,6,3,-26,3,4,4,3,3,3,4,3,3,3,4,3,300,280,280,280,300,280,280,280,300,330,3,1,1,1,7,2,2,-0.032453425228595734,0.23418731987476349,0.74278473854064941,1,0,0,0,0,0,0,0,1,0,0,0,0,0,1,1,1,0,1,0,0,0,0,2.3025851249694824,2.3025851249694824,2.3025851249694824,2.995732307434082,3.4011974334716797
1,2,0,1,1,1,1,0,0,1,1,1,1,0,1,1,1,0,0,0,0,0,20,30,30,30,50,1,1,1,1,0,8d,4,6,0,0.02,22,100,0,-2,1,1,1,1,1,1,1,1,2,2,478,2,6,27,-5,3,-128,1,12,3,7,5,6,8,2,4,9,2,2,4,-56,2,3,2,2,2,6,4,-87,2,2,3,2,3,1,2,1,1,1,2,2,300,320,290,320,350,320,290,320,350,300,3,1,1,1,9,2,2,-0.70279574394226074,-0.71627610921859741,-1.3003202676773071,1,0,0,0,0,0,0,0,0,1,0,0,1,0,0,0,1,1,0,0,0,0,0,2.995732307434082,3.4011974334716797,3.4011974334716797,3.4011974334716797,3.9120230674743652
2,1,0,1,0,1,1,0,0,1,1,1,1,0,0,1,1,1,0,0,0,0,20,20,20,50,100,0,1,0,1,0,5d,9,1,0,0.02,99999,99999,2.3999999999999999,99999,1,1,1,1,1,1,1,2,2,2,99999,1,2,18,99999,5,99999,3,9,7,4,5,6,8,1,12,2,2,3,4,99999,3,2,2,2,4,6,6,99999,2,2,1,1,2,1,1,1,1,1,1,1,300,270,250,270,320,270,250,270,320,220,3,1,1,1,8,2,3,-0.31999725103378296,-0.64449924230575562,-1.8952745199203491,1,0,0,0,0,0,0,0,1,1,0,0,1,0,1,0,0,1,0,0,0,0,0,2.995732307434082,2.995732307434082,2.995732307434082,3.9120230674743652,4.6051702499389648
2,2,0,1,0,1,1,0,0,1,1,1,1,0,0,1,1,0,0,0,0,1,20,40,40,50,60,1,0,0,1,1,3f,7,3,0,0.02,148,153,1.2,-3,1,1,1,1,2,2,2,2,2,2,479,1,1,24,2,5,-79,7,9,5,4,2,12,3,8,1,6,4,4,2,-19,2,3,3,3,2,6,7,-21,3,5,3,2,1,2,2,1,1,1,1,1,300,320,360,400,450,320,360,400,450,500,3,1,1,1,5,1,4,0.53820574283599854,-0.68864816427230835,-1.1723918914794922,1,0,0,0,0,0,0,0,0,0,0,0,0,0,0,1,0,1,1,0,0,0,0,2.995732307434082,3.6888794898986816,3.6888794898986816,3.9120230674743652,4.0943446159362793
2,2,0,1,0,1,1,0,0,1,1,1,1,0,0,1,1,0,0,0,0,0,15,30,20,25,25,1,1,1,1,1,3b,4,1,5,0.02,2,0,0.90000000000000002,-6,1,1,1,1,1,1,1,1,2,2,479,2,1,20,21,4,-19,2,12,5,1,3,8,7,4,6,9,4,4,2,-11,4,5,3,3,3,5,5,-16,2,2,3,2,3,1,2,1,2,2,1,1,300,315,285,265,290,315,285,265,290,315,3,1,1,1,9,2,4,0.53820574283599854,0.17550477385520935,-1.2380027770996094,1,0,0,0,0,0,0,0,0,1,1,0,0,1,0,0,1,1,1,0,0,0,0,2.7080502510070801,3.4011974334716797,2.995732307434082,3.2188758850097656,3.2188758850097656
1,1,0,0,1,1,0,0,0,1,1,1,1,1,1,1,0,1,0,0,0,0,20,20,20,20,20,0,0,0,0,0,1c,4,6,0,0.02,0,120,0,-68,1,1,1,1,2,2,2,2,2,2,479,1,1,18,9,5,-26,1,12,9,4,5,6,7,8,2,3,4,4,4,-9,5,5,5,5,5,5,5,-7,3,4,2,2,4,2,3,3,2,3,4,3,300,270,250,230,210,270,250,230,210,230,3,3,1,1,5,1,1,0.72871506214141846,1.1648654937744141,0.26361909508705139,1,1,1,1,0,0,0,0,1,1,1,1,0,1,1,1,0,0,0,0,1,1,1,2.995732307434082,2.995732307434082,2.995732307434082,2.995732307434082,2.995732307434082
2,1,1,0,0,0,0,0,0,1,1,1,0,1,0,0,0,0,1,0,0,0,15,50,80,100,45,1,0,1,1,1,2a,5,0,5,0.02,39,0,1.5,-7,1,1,1,1,1,1,1,1,2,2,479,2,4,22,13,4,-2,1,8,3,5,4,6,12,7,2,9,2,2,2,5,5,5,4,4,5,5,5,-15,2,2,4,2,1,1,2,4,2,2,1,1,300,285,225,145,45,285,225,145,45,0,2,1,1,1,9,2,3,-0.89330512285232544,0.85503607988357544,-1.077245831489563,0,0,0,0,1,0,0,0,1,1,1,1,1,0,0,1,1,1,1,1,0,0,0,2.7080502510070801,3.9120230674743652,4.3820266723632812,4.6051702499389648,3.8066625595092773
2,2,1,1,0,1,0,0,0,1,1,1,0,0,0,1,0,0,1,0,0,0,50,20,40,70,40,0,0,1,1,0,2c,9,1,0,0.02,28,2,2.3999999999999999,-10,1,1,1,1,2,2,2,2,2,2,479,1,1,19,-3,4,-41,5,12,4,7,9,6,2,8,1,3,4,4,5,-13,6,2,2,3,5,7,6,-35,3,3,4,2,4,2,4,4,2,3,2,4,300,350,360,320,390,350,360,320,390,430,2,2,1,1,5,1,4,0.82396978139877319,-0.08903871476650238,0.20160531997680664,0,0,0,0,1,1,1,0,0,0,1,0,0,0,1,1,1,1,0,1,2,2,0,3.9120230674743652,2.995732307434082,3.6888794898986816,4.2484951019287109,3.6888794898986816
2,1,0,0,0,0,0,0,0,1,1,1,1,1,0,0,0,0,1,0,1,0,10,20,10,25,35,0,0,0,0,1,2d,6,3,1,0.02,7,97,0.90000000000000002,-4,1,1,1,1,2,2,2,2,2,2,479,1,1,19,14,4,-14,5,6,12,4,8,1,7,3,9,2,4,4,5,-10,3,3,3,5,5,6,6,-16,3,4,2,4,4,3,2,4,3,4,4,4,300,290,260,270,285,290,260,270,285,250,3,3,3,3,5,1,3,0.82396978139877319,0.23822900652885437,1.0188559293746948,1,1,0,0,0,0,0,0,1,1,0,0,1,0,1,1,0,0,1,0,1,0,0,2.3025851249694824,2.995732307434082,2.3025851249694824,3.2188758850097656,3.5553481578826904
1,1,0,0,0,1,0,0,0,1,1,1,1,1,0,1,0,0,0,0,0,0,20,10,10,20,50,0,0,0,0,1,8a,7,3,0,0.02,99999,99999,1.2,99999,1,1,1,1,1,1,2,2,2,2,99999,2,3,21,99999,5,99999,1,4,12,3,8,2,7,9,6,5,2,5,5,99999,2,7,2,1,2,6,7,99999,2,3,4,1,2,2,5,1,2,2,1,3,300,280,270,280,260,280,270,280,260,210,3,3,3,1,7,2,1,0.54085445404052734,-0.7280353307723999,-0.73920947313308716,1,1,0,0,0,0,0,0,1,1,0,1,1,0,1,1,0,0,1,0,1,0,0,2.995732307434082,2.3025851249694824,2.3025851249694824,2.995732307434082,3.9120230674743652
1,2,1,1,1,1,1,0,0,1,1,1,0,0,1,1,1,0,0,0,0,0,50,100,110,20,20,1,1,0,0,1,5c,6,4,0,0.02,99999,99999,0.59999999999999998,99999,1,1,1,1,1,1,1,2,2,2,99999,2,1,20,99999,3,99999,8,2,9,6,7,3,4,1,12,5,3,3,4,99999,2,3,2,2,3,5,5,99999,3,3,4,3,3,2,1,1,2,2,2,2,300,250,150,40,20,250,150,40,20,40,2,2,2,2,8,2,2,0.012959655374288559,-0.59064364433288574,-0.57532048225402832,0,0,0,0,1,1,0,0,1,1,1,1,0,0,0,0,0,0,1,1,2,0,0,3.9120230674743652,4.6051702499389648,4.7004804611206055,2.995732307434082,2.995732307434082
2,1,0,0,1,1,1,0,0,1,1,1,1,1,1,1,1,1,1,1,1,1,40,40,40,40,40,0,0,0,0,0,1b,5,5,0,0.02,0,75,0,-11,1,1,1,1,1,1,1,1,2,2,479,1,1,18,-41,3,-297,12,2,5,4,7,9,8,6,3,1,3,3,4,-31,5,5,3,4,4,5,4,-54,2,2,2,1,1,2,1,1,1,2,1,1,300,250,200,150,100,250,200,150,100,50,3,3,1,1,9,2,3,0.012959655374288559,0.68232804536819458,-1.6582467555999756,1,1,1,1,0,0,0,0,1,1,1,1,1,1,1,1,0,0,0,0,1,1,1,3.6888794898986816,3.6888794898986816,3.6888794898986816,3.6888794898986816,3.6888794898986816
2,2,1,0,1,0,0,0,0,1,1,1,0,1,1,0,0,0,1,0,0,0,20,100,77,77,110,0,0,0,0,0,7c,0,0,10,0.02,0,0,0,-3,1,1,1,1,1,1,1,1,1,1,479,2,6,22,-2,4,-90,1,2,8,4,5,6,7,3,9,12,2,5,4,-31,3,2,2,5,6,6,6,-36,3,3,2,2,4,2,2,2,3,3,1,2,300,320,210,133,210,320,210,133,210,320,2,1,1,1,11,2,4,0.445599764585495,0.11299622058868408,-0.38785192370414734,0,0,0,0,1,0,0,0,0,1,1,0,0,1,1,1,0,0,0,1,0,0,0,2.995732307434082,4.6051702499389648,4.3438053131103516,4.3438053131103516,4.7004804611206055
1,1,1,1,1,1,0,0,0,1,1,1,0,0,1,1,0,1,0,0,0,1,60,90,60,100,110,0,0,0,0,1,5e,10,0,0,0.02,99999,99999,3,99999,1,1,1,1,2,2,2,2,2,2,99999,1,2,21,99999,4,99999,2,6,3,1,4,9,7,8,5,12,2,2,3,99999,6,2,5,2,3,6,5,99999,3,4,5,2,4,3,4,3,3,2,1,3,300,350,440,380,280,350,440,380,280,160,2,2,2,2,5,1,1,-0.79805046319961548,0.10233340412378311,0.14124657213687897,0,0,0,0,1,1,0,0,0,0,1,1,1,0,1,1,0,0,1,1,2,0,0,4.0943446159362793,4.499809741973877,4.0943446159362793,4.6051702499389648,4.7004804611206055
2,2,0,1,0,0,1,0,0,1,1,1,1,0,0,0,1,0,0,0,0,0,20,50,100,20,90,1,1,1,0,0,8c,8,1,1,0.02,74,164,2.1000000000000001,0,1,1,1,1,1,1,2,2,2,2,479,1,1,19,17,5,5,6,2,3,5,9,4,12,7,8,1,3,3,3,5,4,5,3,2,6,6,6,-1,4,2,2,3,3,3,2,3,3,2,3,3,300,320,270,170,190,320,270,170,190,100,3,1,1,1,7,2,4,-0.082295022904872894,0.19568349421024323,0.11114215850830078,1,0,0,0,0,0,0,0,0,1,1,0,1,0,0,0,1,0,0,0,0,0,0,2.995732307434082,3.9120230674743652,4.6051702499389648,2.995732307434082,4.499809741973877
2,1,0,1,0,0,0,0,0,1,1,1,1,0,0,0,0,0,0,0,0,0,60,90,90,10,190,1,1,1,0,1,6a,10,0,0,0.02,37,75,3,-3,1,1,1,1,2,2,2,2,2,2,479,1,2,19,11,4,-58,12,7,3,8,5,2,4,6,1,9,2,2,2,-18,3,3,3,4,5,6,6,-22,3,3,4,2,3,1,3,2,4,2,2,2,300,360,270,180,190,360,270,180,190,0,3,1,1,1,5,1,3,-0.89330512285232544,0.069508224725723267,-0.22238120436668396,1,0,0,0,0,0,0,0,0,1,1,0,1,0,0,0,1,0,1,0,0,0,0,4.0943446159362793,4.499809741973877,4.499809741973877,2.3025851249694824,5.2470240592956543
1,1,1,0,1,1,0,0,0,1,1,1,0,1,1,1,0,1,0,0,1,1,20,30,50,200,400,0,0,0,1,1,7b,8,2,0,0.02,4,42,1.8,-3,1,1,1,1,1,1,1,2,2,2,479,3,3,22,10,5,-45,5,2,6,12,1,4,3,8,7,9,1,1,3,-43,2,2,2,2,2,6,6,-56,3,4,1,2,1,1,3,1,2,2,1,2,300,310,280,230,420,310,280,230,420,10,2,1,1,1,8,2,1,-1.5138058662414551,-1.0142011642456055,-0.98606163263320923,0,0,0,0,1,0,0,0,0,1,1,0,1,0,1,1,0,1,1,1,0,0,0,2.995732307434082,3.4011974334716797,3.9120230674743652,5.2983174324035645,5.9914646148681641
2,1,0,1,0,1,1,0,0,1,1,1,1,0,0,1,1,1,0,0,0,0,10,10,10,10,10,0,0,0,1,1,3e,10,0,0,0.02,23,8,3,-9,1,1,1,1,1,1,1,1,2,2,479,1,4,25,10,4,-100,1,12,3,2,9,5,4,8,7,6,2,2,2,-28,1,3,3,5,5,6,2,-34,2,5,5,2,3,1,3,2,2,3,2,1,300,280,290,300,310,280,290,300,310,320,3,1,1,1,9,2,3,-0.89330512285232544,0.37776008248329163,-0.37906849384307861,1,0,0,0,0,0,0,0,1,0,0,0,0,0,1,1,0,1,1,0,0,0,0,2.3025851249694824,2.3025851249694824,2.3025851249694824,2.3025851249694824,2.3025851249694824
2,2,1,0,0,1,1,0,0,1,1,1,0,1,0,1,1,0,0,0,0,0,50,50,75,50,125,0,1,1,0,1,4d,6,4,0,0.02,108,169,0.59999999999999998,-6,1,1,1,1,1,1,1,2,2,2,480,1,1,17,23,5,-32,2,3,7,4,12,6,5,9,1,8,1,1,4,2,2,2,2,3,4,7,7,-7,2,4,4,2,4,1,4,1,3,3,2,4,300,350,400,325,275,350,400,325,275,400,2,1,1,1,8,2,4,-1.4185512065887451,-0.78224748373031616,0.0079374052584171295,0,0,0,0,1,0,0,0,0,0,1,1,0,0,1,0,1,0,1,1,0,0,0,3.9120230674743652,3.9120230674743652,4.3174881935119629,3.9120230674743652,4.8283138275146484
2,2,1,0,1,1,1,0,0,1,1,1,0,1,1,1,1,0,0,0,0,0,50,50,50,50,50,1,1,1,1,1,1a,8,2,0,0.02,38,81,1.8,1,1,1,1,1,1,1,1,2,2,2,479,1,2,21,26,5,-73,9,12,7,1,2,3,5,8,4,6,3,3,4,0,3,5,3,3,3,5,5,-16,3,3,3,4,2,1,3,3,4,3,3,3,300,250,300,350,400,250,300,350,400,450,2,1,1,1,8,2,4,0.012959655374288559,0.057136025279760361,0.35813814401626587,0,0,0,0,1,0,0,0,1,0,0,0,0,1,0,0,1,1,1,1,0,0,0,3.9120230674743652,3.9120230674743652,3.9120230674743652,3.9120230674743652,3.9120230674743652
1,2,0,0,1,0,0,0,0,1,1,1,1,1,1,0,0,1,0,0,0,1,10,20,40,200,410,0,0,0,0,1,3d,7,3,0,0.02,38,4,1.2,-8,1,1,1,1,1,2,2,2,2,2,479,1,4,23,9,4,-188,8,5,12,7,4,6,2,1,9,3,4,4,4,-53,2,2,2,3,4,5,5,-38,4,4,4,4,4,4,4,2,1,2,2,1,300,280,260,220,420,280,260,220,420,0,3,3,1,1,6,2,2,0.72871506214141846,-0.40604701638221741,0.03608410432934761,1,1,1,0,0,0,0,0,1,1,1,0,1,0,1,1,0,0,1,0,1,1,0,2.3025851249694824,2.995732307434082,3.6888794898986816,5.2983174324035645,6.0161571502685547
1,2,1,1,1,1,1,0,0,1,1,1,0,0,1,1,1,0,0,0,0,0,10,30,50,10,50,1,1,1,1,1,4f,7,3,0,0.02,69,13,1.2,-1,1,1,1,1,1,1,2,2,2,2,479,2,3,24,19,5,-58,5,1,7,4,2,3,12,9,8,6,4,4,4,-12,5,5,4,4,6,7,5,-24,4,5,4,3,4,5,4,2,3,1,4,3,300,290,260,310,320,290,260,310,320,370,2,2,2,2,7,2,2,0.72871506214141846,0.79263651371002197,0.85901808738708496,0,0,0,0,1,1,0,0,1,1,0,0,0,1,0,0,1,1,1,1,2,0,0,2.3025851249694824,3.4011974334716797,3.9120230674743652,2.3025851249694824,3.9120230674743652
1,1,0,1,1,1,0,0,0,1,1,1,1,0,1,1,0,0,0,0,0,0,50,50,50,50,75,1,1,1,1,1,3c,10,0,0,0.02,10,86,3,1,1,1,1,1,1,2,2,2,2,2,479,1,1,18,17,5,-55,9,2,6,4,3,8,12,7,5,1,3,3,2,-13,3,3,2,2,2,7,4,-19,2,4,4,4,3,2,5,3,1,1,2,1,300,350,300,350,400,350,300,350,400,325,3,1,1,1,6,2,1,-0.17754970490932465,-0.69194042682647705,-0.46679824590682983,1,0,0,0,0,0,0,0,0,1,0,0,1,1,0,0,1,1,1,0,0,0,0,3.9120230674743652,3.9120230674743652,3.9120230674743652,3.9120230674743652,4.3174881935119629
1,2,0,1,0,1,0,0,0,1,1,1,1,0,0,1,0,0,0,0,0,0,50,50,60,60,50,1,1,1,0,1,8b,7,3,0,0.02,1,103,1.2,-4,1,1,1,1,1,1,2,2,2,2,477,2,4,22,16,5,-111,3,5,7,4,2,6,9,12,8,1,4,4,5,-10,2,3,1,2,5,7,5,-18,2,4,4,3,4,2,3,2,2,2,2,2,300,350,300,240,180,350,300,240,180,130,3,1,1,1,7,2,2,0.82396978139877319,-0.66848522424697876,-0.29443192481994629,1,0,0,0,0,0,0,0,0,1,1,1,1,0,0,0,1,0,1,0,0,0,0,3.9120230674743652,3.9120230674743652,4.0943446159362793,4.0943446159362793,3.9120230674743652
1,2,0,0,1,1,1,0,0,1,1,1,1,1,1,1,1,0,0,0,0,0,50,50,50,50,50,1,1,0,0,1,4c,10,0,0,0.02,82,157,3,0,1,1,1,1,1,1,1,2,2,2,479,1,3,21,24,5,-65,7,4,3,8,12,2,1,9,6,5,4,1,2,-3,4,3,5,3,5,5,6,-19,1,1,2,1,3,1,4,1,2,1,2,1,300,350,400,350,300,350,400,350,300,350,3,3,1,1,8,2,2,-0.61018979549407959,0.39540648460388184,-1.458344578742981,1,1,1,1,0,0,0,0,0,0,1,1,0,0,0,0,0,0,1,0,1,1,1,3.9120230674743652,3.9120230674743652,3.9120230674743652,3.9120230674743652,3.9120230674743652
2,1,1,1,1,1,0,1,0,0,1,0,1,0,0,1,1,0,0,0,1,1,10,35,45,95,65,1,1,1,1,0,3e,8,2,0,0.02,96,66,1.8,-1,1,1,1,1,1,1,1,2,2,2,479,1,1,19,12,3,-56,8,7,9,2,1,12,4,6,3,5,4,5,5,-7,5,5,6,3,6,7,5,-13,3,5,3,4,2,3,5,2,1,2,2,2,300,310,275,230,315,310,275,230,315,240,2,2,2,2,8,2,3,1.206768274307251,0.90613293647766113,-0.093782171607017517,1,0,0,0,0,0,0,0,0,1,1,0,1,0,1,0,0,1,1,0,0,0,0,2.3025851249694824,3.5553481578826904,3.8066625595092773,4.5538768768310547,4.1743874549865723
2,2,1,0,1,1,1,1,0,0,1,0,1,1,0,1,0,0,0,0,0,0,80,88,108,188,288,1,1,0,1,0,6b,7,3,0,0.02,123,159,1.2,-5,1,1,1,1,2,2,2,2,2,2,479,1,3,24,20,5,-38,9,1,8,5,6,12,7,3,4,2,3,4,4,-7,5,1,3,4,3,7,7,-17,1,3,3,2,4,1,4,1,2,3,1,1,300,380,468,576,764,380,468,576,764,1052,2,1,1,1,5,1,4,0.39575815200805664,-0.35276913642883301,-0.8914492130279541,1,1,0,0,0,0,0,0,0,0,0,0,0,0,1,0,1,1,1,0,1,0,0,4.3820266723632812,4.4773368835449219,4.682131290435791,5.2364420890808105,5.6629605293273926
1,1,1,0,0,1,1,1,0,0,1,0,1,1,1,1,0,0,0,0,0,0,20,20,50,50,20,0,1,0,1,1,1c,8,2,0,0.02,67,160,1.8,-3,1,1,1,1,1,1,1,1,2,2,479,1,1,18,22,5,-36,12,2,8,7,9,4,6,3,5,1,3,3,3,-5,4,2,3,3,5,5,2,-14,4,4,2,2,2,1,1,1,1,1,3,2,300,280,300,250,300,280,300,250,300,280,2,1,1,1,9,2,1,-0.082295022904872894,0.37966713309288025,-0.90612256526947021,1,1,1,1,0,0,0,0,1,0,1,0,1,0,0,0,1,1,0,0,1,1,1,2.995732307434082,2.995732307434082,3.9120230674743652,3.9120230674743652,2.995732307434082
2,2,0,0,0,0,1,1,0,0,1,0,0,1,1,0,0,1,0,0,0,1,100,130,20,60,10,1,0,1,1,1,7c,7,3,0,0.02,67,115,1.2,0,1,1,1,1,1,2,2,2,2,2,479,1,2,24,26,5,-62,6,5,1,7,12,4,2,3,9,8,1,1,1,-3,5,6,4,5,5,2,4,-6,4,5,3,3,4,3,3,2,2,2,2,2,300,190,60,80,20,190,60,80,20,0,3,3,3,3,6,2,4,-1.704315185546875,1.5097140073776245,0.087375439703464508,0,0,0,0,1,0,0,0,1,1,0,1,1,0,1,1,0,1,0,1,0,0,0,4.6051702499389648,4.8675346374511719,2.995732307434082,4.0943446159362793,2.3025851249694824
1,2,1,0,0,0,1,1,0,0,1,0,1,1,1,0,0,0,0,0,0,1,20,30,10,20,50,1,0,0,1,1,3d,4,5,1,0.02,68,15,0,-13,1,1,1,1,1,2,2,2,2,2,479,2,1,21,21,4,-7,4,8,12,5,9,3,7,6,2,1,3,3,4,-13,2,3,3,4,3,3,5,-39,3,4,3,5,3,2,4,2,3,3,4,2,300,320,290,280,260,320,290,280,260,200,2,1,1,1,6,2,2,0.012959655374288559,0.075972691178321838,0.60423415899276733,1,1,1,0,0,0,0,0,0,1,1,1,1,0,1,1,1,1,0,0,1,1,0,2.995732307434082,3.4011974334716797,2.3025851249694824,2.995732307434082,3.9120230674743652
1,2,0,0,0,1,1,1,0,0,1,0,0,1,1,1,0,0,0,0,0,0,10,10,30,10,30,1,1,1,1,1,6e,8,2,0,0.02,3,119,1.8,1,1,1,1,1,1,1,1,1,2,2,479,2,4,22,21,4,-70,12,6,1,3,4,2,8,5,7,9,1,1,1,-14,5,6,4,4,5,5,1,-67,2,4,1,2,2,1,1,2,2,2,1,1,300,290,300,330,340,290,300,330,340,310,3,3,3,1,9,2,2,-1.704315185546875,1.3410954475402832,-1.1828558444976807,0,0,0,0,1,0,0,0,1,0,0,0,1,1,1,0,0,1,0,1,0,0,0,2.3025851249694824,2.3025851249694824,3.4011974334716797,2.3025851249694824,3.4011974334716797
2,2,1,1,1,1,1,1,0,0,1,0,1,0,0,1,0,0,0,0,0,0,50,100,70,120,50,1,0,0,1,1,5b,5,5,0,0.02,99999,99999,0,99999,1,1,1,1,1,2,2,2,2,2,99999,2,3,23,99999,5,99999,1,9,5,8,3,6,2,12,7,4,4,4,4,99999,3,3,3,5,5,6,7,99999,4,4,4,4,5,3,4,2,2,2,2,2,300,350,450,520,640,350,450,520,640,590,2,2,2,2,6,2,4,0.72871506214141846,0.14416185021400452,0.27263349294662476,1,0,0,0,0,0,0,0,0,0,0,0,1,0,1,1,1,1,0,0,0,0,0,3.9120230674743652,4.6051702499389648,4.2484951019287109,4.7874917984008789,3.9120230674743652
2,1,1,1,0,0,0,1,0,0,1,0,1,0,1,0,1,0,0,0,0,0,20,90,50,35,50,1,1,0,0,1,7a,9,1,0,0.02,8,118,2.3999999999999999,-2,1,1,1,1,1,2,2,2,2,2,479,2,3,21,17,5,2,1,6,2,7,5,3,8,9,4,12,4,4,4,-5,6,4,5,5,6,6,5,-18,2,3,4,4,4,3,4,3,4,2,2,3,300,320,230,180,215,320,230,180,215,265,2,2,1,1,6,2,3,0.72871506214141846,1.2050769329071045,0.41501915454864502,1,0,0,0,0,0,0,0,0,1,1,0,0,0,1,0,1,0,0,0,0,0,0,2.995732307434082,4.499809741973877,3.9120230674743652,3.5553481578826904,3.9120230674743652
1,2,0,1,1,1,0,1,0,0,1,0,0,0,0,1,1,0,0,0,0,0,10,10,10,10,10,1,1,0,1,0,3a,10,0,0,0.02,8,104,3,1,1,1,1,1,1,1,1,2,2,2,480,2,3,22,10,5,-11,5,7,3,2,12,8,6,4,9,1,4,3,4,-1,6,3,5,6,5,4,4,-9,3,3,5,5,2,3,4,3,2,3,3,3,300,290,280,290,300,290,280,290,300,290,3,1,1,1,8,2,2,0.34591656923294067,1.4204736948013306,0.49713844060897827,0,0,0,0,1,1,1,0,1,1,0,0,1,0,1,0,1,1,1,1,2,2,0,2.3025851249694824,2.3025851249694824,2.3025851249694824,2.3025851249694824,2.3025851249694824
2,2,0,1,1,1,1,1,0,0,1,0,0,0,0,1,0,0,0,0,0,0,10,10,10,10,20,1,1,1,1,1,2c,9,0,1,0.02,106,74,2.7000000000000002,-5,1,1,1,1,1,1,2,2,2,2,479,1,4,24,18,5,-35,8,2,3,4,5,9,6,12,1,7,5,5,1,-20,4,2,2,4,6,6,4,-35,3,3,3,3,5,3,1,1,3,3,3,1,300,290,280,270,280,290,280,270,280,260,3,1,1,1,7,2,4,1.1587064266204834,0.25077849626541138,-0.0036684819497168064,0,0,0,0,1,1,1,0,1,1,1,0,1,1,1,0,0,1,0,1,2,2,0,2.3025851249694824,2.3025851249694824,2.3025851249694824,2.3025851249694824,2.995732307434082
2,1,1,0,0,1,0,1,0,0,1,0,1,1,1,1,1,1,0,0,0,0,20,20,20,10,10,1,1,0,0,0,1b,4,6,0,0.02,0,69,0,-3,1,1,1,1,1,1,1,2,2,2,479,2,6,24,11,5,-11,9,2,12,4,3,6,7,5,1,8,2,2,2,-26,3,5,5,4,5,4,5,-92,4,4,4,3,4,4,4,4,4,4,3,3,300,310,330,310,300,310,330,310,300,290,2,1,1,1,8,2,3,-0.89330512285232544,0.85344022512435913,1.2793644666671753,1,1,1,1,0,0,0,0,0,0,1,1,1,0,1,0,1,0,1,0,1,1,1,2.995732307434082,2.995732307434082,2.995732307434082,2.3025851249694824,2.3025851249694824
1,1,0,1,0,1,1,1,0,0,1,0,0,0,1,1,0,1,0,0,0,0,50,60,60,80,60,1,1,1,0,0,5e,6,4,0,0.02,99999,99999,0.59999999999999998,99999,1,1,1,2,2,2,2,2,2,2,99999,1,2,19,99999,5,99999,12,6,7,8,1,2,4,5,9,3,2,2,4,99999,3,4,1,3,3,7,7,99999,2,3,3,2,4,2,4,2,1,1,1,4,300,240,180,240,160,240,180,240,160,220,3,1,1,1,4,0,1,-0.70279574394226074,-0.71107238531112671,-0.74914586544036865,0,0,0,0,1,1,0,0,1,1,0,1,0,0,1,0,0,0,1,1,2,0,0,3.9120230674743652,4.0943446159362793,4.0943446159362793,4.3820266723632812,4.0943446159362793
2,2,1,1,1,1,0,1,0,0,1,0,1,0,0,1,1,0,0,0,0,0,50,80,50,40,80,1,1,1,1,1,3f,9,1,0,0.02,95,141,2.3999999999999999,-4,1,1,1,1,1,1,1,2,2,2,479,2,4,23,22,5,-25,2,7,3,6,5,9,1,8,4,12,4,4,4,0,2,5,2,2,4,6,6,-17,3,2,3,3,3,4,4,4,3,2,2,2,300,350,270,220,260,350,270,220,260,340,2,2,2,2,8,2,4,0.72871506214141846,-0.43349575996398926,0.11830604821443558,1,0,0,0,0,0,0,0,0,1,1,0,0,1,1,0,0,1,0,0,0,0,0,3.9120230674743652,4.3820266723632812,3.9120230674743652,3.6888794898986816,4.3820266723632812
1,2,1,1,0,0,0,1,0,0,1,0,1,0,1,0,1,0,0,0,0,0,20,20,50,50,50,0,1,1,1,1,7d,8,2,0,0.02,4,32,1.8,-2,1,1,1,1,2,2,2,2,2,2,476,2,6,25,11,5,-33,8,2,3,4,1,7,5,6,9,12,2,2,1,-23,4,6,2,6,6,6,6,-52,2,3,4,3,1,3,4,3,3,4,2,2,300,280,260,310,260,280,260,310,260,310,2,2,1,1,5,1,2,-0.9885597825050354,0.83924877643585205,0.12761916220188141,1,0,0,0,0,0,0,0,1,1,0,1,0,0,0,0,0,1,0,0,0,0,0,2.995732307434082,2.995732307434082,3.9120230674743652,3.9120230674743652,3.9120230674743652
2,2,0,0,0,1,0,1,0,0,1,0,0,1,1,1,1,0,0,0,0,0,10,20,10,10,60,1,1,1,0,0,1a,8,2,0,0.02,30,87,1.8,-8,1,1,1,1,1,2,2,2,2,2,478,1,1,21,-14,5,-39,6,1,9,4,5,12,8,2,3,7,2,2,2,-5,1,1,1,5,5,7,5,-15,4,4,4,2,4,5,5,5,3,3,3,2,300,290,310,320,310,290,310,320,310,250,3,3,3,1,6,2,4,-0.89330512285232544,-0.50027316808700562,1.0111362934112549,0,0,0,0,1,0,0,0,1,0,0,1,1,0,1,0,0,0,1,1,0,0,0,2.3025851249694824,2.995732307434082,2.3025851249694824,2.3025851249694824,4.0943446159362793
1,2,0,1,0,1,0,1,0,0,1,0,0,0,1,1,1,0,0,0,0,0,15,10,20,20,20,1,0,0,1,0,4f,9,1,0,0.02,106,114,2.3999999999999999,0,1,1,1,2,2,2,2,2,2,2,479,1,1,18,12,5,-6,1,9,5,3,8,2,4,12,6,7,3,3,3,-12,4,4,4,4,4,4,4,-20,3,2,2,2,4,2,4,4,4,4,4,4,300,285,295,275,295,285,295,275,295,275,3,1,1,1,4,0,2,-0.082295022904872894,0.68931019306182861,0.80849534273147583,0,0,0,0,1,1,0,0,1,0,1,0,1,0,1,1,1,1,1,1,2,0,0,2.7080502510070801,2.3025851249694824,2.995732307434082,2.995732307434082,2.995732307434082
2,1,1,1,1,1,0,1,0,0,1,0,1,0,0,1,1,1,0,1,1,1,50,50,120,60,110,1,1,0,1,0,5d,10,0,0,0.02,99999,99999,3,99999,1,1,1,1,1,2,2,2,2,2,99999,1,1,19,99999,5,99999,6,1,3,4,8,2,7,12,5,9,4,4,5,99999,6,4,5,5,4,6,6,99999,4,3,2,2,2,1,2,3,2,3,3,3,300,340,290,400,450,340,290,400,450,330,2,2,2,2,6,2,3,0.82396978139877319,0.85967665910720825,-0.19896058738231659,1,0,0,0,0,0,0,0,0,1,0,0,1,0,1,0,1,1,1,0,0,0,0,3.9120230674743652,3.9120230674743652,4.7874917984008789,4.0943446159362793,4.7004804611206055
1,2,0,1,0,1,0,1,0,0,1,0,0,0,1,1,1,0,0,0,0,0,20,15,35,10,10,1,1,1,1,1,5c,10,0,0,0.02,99999,99999,3,99999,1,1,1,1,1,1,1,2,2,2,99999,3,2,21,99999,5,99999,8,6,9,4,3,2,12,1,7,5,3,4,2,99999,3,3,2,2,3,5,5,99999,4,3,2,3,2,2,4,3,2,2,2,3,300,280,265,300,310,280,265,300,310,320,3,1,1,1,8,2,2,0.20524880290031433,-0.47227486968040466,-0.1563962996006012,0,0,0,0,1,1,0,0,1,1,0,0,0,1,1,0,0,1,0,1,2,0,0,2.995732307434082,2.7080502510070801,3.5553481578826904,2.3025851249694824,2.3025851249694824
2,2,0,0,1,1,0,1,0,0,1,0,0,1,0,1,1,1,1,1,1,1,25,25,25,35,40,1,0,0,1,0,4d,3,7,0,0.02,120,33,0,-2,1,1,1,1,1,1,2,2,2,2,480,2,1,18,18,4,-24,1,2,5,4,3,9,12,7,8,6,3,3,5,-8,3,3,3,5,5,6,7,-16,2,2,3,1,3,1,2,1,2,3,3,2,300,265,230,245,270,265,230,245,270,220,3,3,1,1,7,2,4,0.10821433365345001,0.14416185021400452,-0.77673906087875366,0,0,0,0,1,0,0,0,1,1,0,0,1,0,1,1,1,1,1,1,0,0,0,3.2188758850097656,3.2188758850097656,3.2188758850097656,3.5553481578826904,3.6888794898986816
1,1,1,0,0,0,0,1,0,0,1,0,1,1,1,0,1,0,0,0,0,0,50,50,50,25,75,0,1,1,0,0,2f,4,1,5,0.02,0,64,0.90000000000000002,0,1,1,1,1,1,2,2,2,2,2,479,2,1,19,19,4,-27,12,8,5,7,1,6,4,9,3,2,2,2,2,-2,5,3,2,5,3,6,5,-9,3,4,4,4,5,2,4,3,3,3,4,4,300,250,300,350,375,250,300,350,375,300,2,1,1,1,6,2,1,-0.89330512285232544,0.1765919029712677,0.97834908962249756,1,1,1,0,0,0,0,0,1,0,0,0,1,0,0,0,0,0,1,0,1,1,0,3.9120230674743652,3.9120230674743652,3.9120230674743652,3.2188758850097656,4.3174881935119629
1,1,0,0,0,1,1,1,0,0,1,0,0,1,1,1,0,1,0,0,0,0,50,30,40,60,60,1,0,0,0,0,7b,9,1,0,0.02,6,17,2.3999999999999999,-13,1,1,1,1,1,1,1,2,2,2,479,1,2,19,10,5,-112,8,1,3,4,5,6,7,12,9,2,2,4,4,-4,2,5,2,2,2,7,6,-16,2,3,2,2,3,2,3,1,1,1,1,2,300,240,210,170,110,240,210,170,110,170,3,3,3,1,8,2,1,0.062801256775856018,-0.77886199951171875,-1.2250615358352661,0,0,0,0,1,0,0,0,1,1,1,1,0,0,1,1,1,0,1,1,0,0,0,3.9120230674743652,3.4011974334716797,3.6888794898986816,4.0943446159362793,4.0943446159362793
1,1,0,0,1,1,1,1,0,0,1,0,0,1,0,1,0,0,0,0,0,0,50,60,60,100,100,0,0,0,0,0,5a,9,1,0,0.02,99999,99999,2.3999999999999999,99999,1,1,1,1,1,2,2,2,2,2,99999,2,3,21,99999,4,99999,1,7,9,8,5,4,12,6,2,3,3,3,4,99999,2,4,1,2,2,6,6,99999,2,3,2,3,3,1,3,1,1,1,1,1,300,350,290,350,250,350,290,350,250,350,3,3,1,1,6,2,1,0.012959655374288559,-0.93572825193405151,-1.3348366022109985,0,0,0,0,1,0,0,0,0,1,0,1,0,1,0,1,1,0,1,1,0,0,0,3.9120230674743652,4.0943446159362793,4.0943446159362793,4.6051702499389648,4.6051702499389648
2,1,1,0,1,0,1,1,0,0,1,0,1,1,0,0,0,0,0,0,0,0,60,41,50,50,50,1,1,1,1,1,2d,10,0,0,0.02,96,138,3,-2,1,1,1,1,2,2,2,2,2,2,479,1,1,18,19,5,-86,7,8,12,3,4,6,9,5,1,2,4,4,1,-14,2,2,2,3,5,5,4,-27,4,5,2,3,2,2,1,5,2,5,5,1,300,360,401,351,301,360,401,351,301,251,2,1,1,1,5,1,3,0.4429510235786438,-0.18631328642368317,0.71763521432876587,1,1,0,0,0,0,0,0,0,0,1,1,1,1,1,0,0,1,0,0,1,0,0,4.0943446159362793,3.7135720252990723,3.9120230674743652,3.9120230674743652,3.9120230674743652
1,2,0,1,1,0,0,1,0,0,1,0,0,0,0,0,1,1,1,0,0,0,10,20,50,100,120,0,1,1,1,0,6c,7,3,0,0.02,4,1,1.2,-1,1,1,1,1,1,1,1,2,2,2,479,2,2,20,20,4,-12,5,7,3,4,2,9,1,8,6,12,1,1,2,-6,5,2,2,4,5,5,5,-16,4,3,4,2,4,2,2,2,2,2,2,1,300,300,270,220,120,300,270,220,120,0,3,1,1,1,8,2,2,-1.609060525894165,0.24344660341739655,-0.45225784182548523,0,0,0,0,1,1,1,1,0,1,1,1,1,0,0,0,0,1,1,1,2,2,2,2.3025851249694824,2.995732307434082,3.9120230674743652,4.6051702499389648,4.7874917984008789
1,2,0,0,0,0,1,1,0,0,1,0,0,1,1,0,0,0,0,0,0,0,10,10,10,10,10,1,1,1,0,0,2e,8,2,0,0.02,10,10,1.8,-7,1,1,1,1,1,1,1,1,1,1,479,2,1,23,8,4,-38,8,6,12,9,2,5,7,1,4,3,5,5,3,-3,5,5,5,5,5,5,4,-13,4,4,2,4,4,5,1,4,4,5,5,4,300,290,300,310,320,290,300,310,320,330,3,3,3,3,11,2,2,1.3492158651351929,1.2589325904846191,1.7549843788146973,0,0,0,0,1,0,0,0,1,0,0,0,0,0,1,0,0,0,1,1,0,0,0,2.3025851249694824,2.3025851249694824,2.3025851249694824,2.3025851249694824,2.3025851249694824
2,1,0,0,1,0,0,0,0,0,1,1,1,1,0,0,0,0,0,0,0,0,50,50,50,50,50,1,1,0,1,1,2d,2,3,5,0.02,3,0,0,-9,1,1,1,1,1,1,1,2,2,2,478,3,2,22,18,3,4,5,12,3,1,2,7,6,8,9,4,3,3,3,3,4,5,5,5,5,5,4,3,3,4,4,3,3,3,4,4,3,3,3,3,300,350,400,450,400,350,400,450,400,350,3,3,1,1,8,2,3,-0.082295022904872894,1.1405638456344604,0.67071372270584106,1,1,0,0,0,0,0,0,0,0,0,1,1,0,0,0,1,1,1,0,1,0,0,3.9120230674743652,3.9120230674743652,3.9120230674743652,3.9120230674743652,3.9120230674743652
2,2,1,0,1,1,1,0,0,0,1,1,0,1,0,1,1,0,0,0,0,0,10,20,40,40,10,1,1,1,1,0,4d,7,1,2,0.02,88,132,1.8,-4,1,1,1,1,1,1,1,2,2,2,477,1,1,19,19,5,-18,5,8,7,4,3,6,12,2,9,1,5,3,5,-5,6,7,6,2,4,1,4,-46,1,1,1,1,1,1,2,3,1,1,1,1,300,290,310,270,310,290,310,270,310,300,2,1,1,1,8,2,4,0.77412813901901245,1.4822947978973389,-1.9410382509231567,0,0,0,0,1,0,0,0,1,0,1,0,1,0,0,0,0,1,0,1,0,0,0,2.3025851249694824,2.995732307434082,3.6888794898986816,3.6888794898986816,2.3025851249694824
1,2,0,0,0,0,1,0,0,0,1,1,1,1,1,0,1,0,0,0,0,0,15,10,10,10,10,1,1,1,1,1,4b,9,1,0,0.02,125,22,2.3999999999999999,-1,1,1,1,1,1,2,2,2,2,2,479,1,4,20,1,5,-12,9,4,6,8,1,12,7,3,2,5,2,5,1,-18,3,3,2,4,5,6,6,-39,4,3,3,5,3,1,2,1,1,1,3,1,300,315,325,335,325,315,325,335,325,335,3,3,3,3,6,2,2,0.15983572602272034,-0.071600377559661865,-0.61921864748001099,1,1,1,0,0,0,0,0,0,0,0,1,0,1,0,0,0,1,1,0,1,1,0,2.7080502510070801,2.3025851249694824,2.3025851249694824,2.3025851249694824,2.3025851249694824
2,2,0,1,1,1,0,0,0,0,1,1,1,0,0,1,0,0,0,0,0,0,15,20,20,15,10,1,1,1,0,1,5b,9,1,0,0.02,99999,99999,2.3999999999999999,99999,1,1,1,1,1,1,1,1,1,1,99999,2,2,22,99999,4,99999,6,2,3,4,12,8,7,5,1,9,4,4,2,99999,6,2,3,2,6,7,5,99999,2,2,1,1,3,1,3,5,2,1,1,1,300,315,295,275,260,315,295,275,260,250,3,1,1,1,11,2,4,0.53820574283599854,0.10308283567428589,-1.1842787265777588,1,0,0,0,0,0,0,0,0,1,1,1,1,0,0,0,0,0,1,0,0,0,0,2.7080502510070801,2.995732307434082,2.995732307434082,2.7080502510070801,2.3025851249694824
1,1,1,0,0,1,0,0,0,0,1,1,0,1,1,1,0,0,0,0,0,0,50,25,25,25,25,1,1,1,1,1,4a,9,1,0,0.02,23,40,2.3999999999999999,-5,1,1,1,1,1,1,1,2,2,2,456,2,1,20,10,4,-56,6,12,9,7,5,1,3,8,4,2,1,1,4,-13,3,3,3,3,4,3,5,-39,2,3,4,1,2,3,2,2,3,2,2,1,300,250,275,300,325,250,275,300,325,300,2,1,1,1,8,2,1,-1.4185512065887451,0.15128724277019501,-0.63034379482269287,0,0,0,0,1,0,0,0,1,0,0,0,1,1,0,0,0,1,1,1,0,0,0,3.9120230674743652,3.2188758850097656,3.2188758850097656,3.2188758850097656,3.2188758850097656
2,1,0,1,0,0,1,0,0,0,1,1,1,0,1,0,1,0,0,0,0,0,25,50,100,50,50,1,1,1,1,1,7a,9,1,0,0.02,114,141,2.3999999999999999,-5,1,1,1,1,1,1,2,2,2,2,479,1,2,22,25,5,10,5,9,3,4,1,2,8,7,12,6,4,5,5,-5,4,1,7,3,4,6,7,-13,2,2,3,2,3,3,4,5,3,3,2,3,300,325,275,375,325,325,275,375,325,375,3,1,1,1,7,2,3,1.206768274307251,0.14427541196346283,0.13383521139621735,1,0,0,0,0,0,0,0,0,1,0,1,0,1,0,0,0,1,1,0,0,0,0,3.2188758850097656,3.9120230674743652,4.6051702499389648,3.9120230674743652,3.9120230674743652
2,2,1,1,1,1,0,0,0,0,1,1,0,0,0,1,0,0,1,0,0,0,30,20,20,10,10,0,0,1,1,0,2c,5,0,5,0.02,78,0,1.5,-73,1,1,1,1,1,2,2,2,2,2,479,2,2,20,18,5,-27,1,5,12,2,4,6,9,3,7,8,4,4,5,-7,5,4,5,2,3,6,5,-12,2,1,1,2,3,1,2,1,2,2,1,1,300,330,340,320,330,330,340,320,330,340,2,2,2,2,6,2,4,0.82396978139877319,0.20354615151882172,-1.4364005327224731,0,0,0,0,1,1,1,0,0,0,1,0,0,0,1,1,0,1,0,1,2,2,0,3.4011974334716797,2.995732307434082,2.995732307434082,2.3025851249694824,2.3025851249694824
2,1,1,0,1,0,0,0,0,0,1,1,0,1,0,0,0,0,0,0,0,0,20,60,40,120,180,1,1,1,1,1,2a,10,0,0,0.02,143,165,3,-10,2,2,2,2,2,2,2,2,2,2,479,3,1,22,12,5,-5,1,3,2,4,5,8,6,9,7,12,3,3,3,-6,3,3,3,3,3,3,3,-2,2,2,2,2,2,2,2,2,2,2,2,2,300,280,340,300,180,280,340,300,180,0,2,1,1,1,1,-2,3,-0.082295022904872894,0.21375496685504913,-0.90340417623519897,0,0,0,0,1,0,0,0,1,0,1,1,1,1,0,0,0,1,1,1,0,0,0,2.995732307434082,4.0943446159362793,3.6888794898986816,4.7874917984008789,5.1929569244384766
1,1,0,0,0,1,0,0,0,0,1,1,1,1,1,1,0,0,0,0,0,0,30,40,50,40,40,1,1,0,1,0,1c,0,10,0,0.02,0,0,0,-4,1,1,1,1,1,1,2,2,2,2,479,2,1,19,-129,5,-20,8,7,3,4,9,2,1,12,6,5,4,4,4,-17,5,2,6,3,5,5,5,-36,3,3,4,2,1,2,4,2,2,3,2,2,300,330,370,320,360,330,370,320,360,400,3,3,3,1,7,2,1,0.72871506214141846,0.63916027545928955,-0.37947550415992737,1,1,1,1,0,0,0,0,0,0,1,0,0,0,0,0,1,1,0,0,1,1,1,3.4011974334716797,3.6888794898986816,3.9120230674743652,3.6888794898986816,3.6888794898986816
2,1,0,1,1,0,0,0,0,0,1,1,1,0,0,0,0,0,0,0,0,0,30,30,30,40,40,0,1,1,1,1,6a,9,1,0,0.02,16,118,2.3999999999999999,-3,1,1,1,1,1,1,2,2,2,2,479,2,2,20,12,5,-26,7,2,8,12,5,4,1,6,9,3,2,2,5,-7,3,2,2,3,3,6,5,-19,3,3,3,4,4,3,3,2,2,3,2,2,300,270,240,210,170,270,240,210,170,130,3,1,1,1,7,2,3,-0.60754108428955078,-0.50737792253494263,0.025231285020709038,1,0,0,0,0,0,0,0,1,1,1,1,1,0,1,0,0,1,1,0,0,0,0,3.4011974334716797,3.4011974334716797,3.4011974334716797,3.6888794898986816,3.6888794898986816
1,1,0,0,0,0,1,0,0,0,1,1,1,1,1,0,1,0,0,0,0,0,10,10,10,10,20,0,0,0,0,0,2f,8,0,2,0.02,126,84,2.3999999999999999,-3,2,2,2,2,2,2,2,2,2,2,479,3,1,19,22,5,3,7,9,8,4,5,3,1,2,6,12,2,2,3,-4,3,3,2,2,2,6,6,-16,2,2,3,2,2,2,3,2,2,2,2,2,300,290,280,270,280,290,280,270,280,260,3,3,3,3,1,-2,1,-0.79805046319961548,-0.78604167699813843,-0.78744810819625854,1,1,1,0,0,0,0,0,1,1,1,0,1,1,1,1,1,0,0,0,1,1,0,2.3025851249694824,2.3025851249694824,2.3025851249694824,2.3025851249694824,2.995732307434082
1,1,1,1,0,0,1,0,0,0,1,1,0,0,1,0,1,0,0,0,0,0,10,20,20,20,20,1,1,0,1,1,6d,9,1,0,0.02,49,111,2.3999999999999999,-5,1,1,1,2,2,2,2,2,2,2,479,2,3,22,12,5,-45,12,2,3,4,8,7,5,6,9,1,2,2,4,1,2,2,2,2,2,7,6,-20,3,4,4,2,4,2,4,2,2,2,1,2,300,290,270,250,230,290,270,250,230,250,2,2,1,1,4,0,1,-0.70279574394226074,-1.1082342863082886,-0.37534558773040771,0,0,0,0,1,1,0,0,1,1,1,1,0,0,0,0,1,1,1,1,2,0,0,2.3025851249694824,2.995732307434082,2.995732307434082,2.995732307434082,2.995732307434082
2,1,0,1,1,1,1,0,0,0,1,1,1,0,0,1,1,1,1,1,1,1,70,70,70,70,30,0,0,0,1,1,3e,6,3,1,0.02,2,13,0.90000000000000002,-17,1,1,1,1,2,2,2,2,2,2,479,1,1,21,-3,5,-129,9,2,7,3,8,6,5,12,1,4,1,1,4,-24,1,1,1,1,1,7,7,-27,2,3,3,1,4,2,2,2,2,2,1,2,300,220,280,340,400,220,280,340,400,420,3,1,1,1,5,1,3,-1.4185512065887451,-1.8659569025039673,-0.87366747856140137,1,0,0,0,0,0,0,0,1,0,0,0,0,0,1,1,1,1,1,0,0,0,0,4.2484951019287109,4.2484951019287109,4.2484951019287109,4.2484951019287109,3.4011974334716797
1,2,1,1,0,1,1,0,0,0,1,1,0,0,1,1,1,0,0,1,0,0,10,20,40,20,50,0,0,0,0,0,4f,2,3,5,0.02,125,0,0,-9,1,1,1,1,1,2,2,2,2,2,479,2,3,24,16,4,6,2,3,9,1,8,12,7,6,5,4,2,2,4,-5,3,5,3,2,5,5,5,-36,2,2,2,1,1,1,3,1,1,2,1,1,300,310,330,280,260,310,330,280,260,210,2,2,1,1,6,2,2,-0.70279574394226074,0.13974839448928833,-1.6311397552490234,0,0,0,0,1,1,0,0,0,0,1,1,1,1,1,1,1,0,0,1,2,0,0,2.3025851249694824,2.995732307434082,3.6888794898986816,2.995732307434082,3.9120230674743652
2,1,0,1,1,1,1,0,0,0,1,1,1,0,0,1,1,0,0,0,1,0,10,10,20,10,20,1,1,1,1,0,5d,10,0,0,0.02,99999,99999,3,99999,1,1,1,1,1,1,1,1,2,2,99999,1,2,21,99999,5,99999,1,7,8,4,5,6,3,2,12,9,3,3,4,99999,2,2,2,4,3,6,6,99999,3,4,4,3,3,2,3,2,2,2,2,2,300,310,300,280,280,310,300,280,280,260,3,1,1,1,9,2,3,0.012959655374288559,-0.55109304189682007,-0.25380691885948181,1,0,0,0,0,0,0,0,0,1,1,0,1,0,0,0,0,1,0,0,0,0,0,2.3025851249694824,2.3025851249694824,2.995732307434082,2.3025851249694824,2.995732307434082
2,2,0,1,1,1,1,0,0,0,1,1,1,0,0,1,1,0,0,0,0,0,50,100,80,100,330,0,0,0,1,1,3f,4,1,5,0.02,0,57,0.90000000000000002,-3,1,1,1,1,1,1,2,2,2,2,478,1,4,23,22,5,5,1,7,3,4,12,6,5,8,9,2,1,1,2,1,3,2,1,2,2,7,7,-8,2,4,3,2,4,2,5,2,2,2,4,2,300,250,350,430,530,250,350,430,530,860,3,1,1,1,7,2,4,-1.609060525894165,-1.2250412702560425,0.0016012715641409159,1,0,0,0,0,0,0,0,1,0,0,0,0,0,1,1,1,1,1,0,0,0,0,3.9120230674743652,4.6051702499389648,4.3820266723632812,4.6051702499389648,5.7990927696228027
2,1,0,0,0,1,1,0,0,0,1,1,1,1,1,1,1,0,1,0,0,0,20,50,15,15,10,0,0,1,1,1,1b,3,7,0,0.02,0,94,0,-2,1,1,1,1,1,1,1,2,2,2,479,2,1,18,3,3,-268,1,2,3,4,8,6,9,7,12,5,5,3,3,-13,3,1,1,1,5,7,6,-26,1,1,5,2,4,1,4,1,3,3,1,5,300,280,220,235,250,280,220,235,250,260,3,3,3,1,8,2,3,0.58361881971359253,-1.0324858427047729,-0.41196542978286743,1,1,1,1,0,0,0,0,1,1,0,0,0,0,1,1,0,1,1,0,1,1,1,2.995732307434082,3.9120230674743652,2.7080502510070801,2.7080502510070801,2.3025851249694824
1,2,0,0,0,1,1,0,0,0,1,1,1,1,1,1,1,0,0,0,0,0,10,20,10,10,20,1,0,0,1,1,4c,9,1,0,0.02,67,7,2.3999999999999999,-3,1,1,1,1,1,1,1,2,2,2,479,2,1,19,17,3,-62,12,4,6,8,2,7,1,3,9,5,1,1,4,-1,2,5,5,1,5,7,7,-13,3,4,5,3,5,2,3,5,1,1,2,2,300,310,290,280,290,310,290,280,290,310,3,3,3,1,8,2,2,-1.4185512065887451,-0.24132436513900757,-0.13939391076564789,1,1,1,1,0,0,0,0,0,1,1,0,0,0,0,1,1,1,1,0,1,1,1,2.3025851249694824,2.995732307434082,2.3025851249694824,2.3025851249694824,2.995732307434082
1,2,1,1,0,1,1,0,0,0,1,1,0,0,1,1,1,0,0,0,0,0,60,120,80,120,310,1,1,1,1,0,5c,7,3,0,0.02,99999,99999,1.2,99999,1,1,2,2,2,2,2,2,2,2,99999,1,4,25,99999,4,99999,1,7,3,2,4,5,6,8,12,9,4,4,2,99999,3,1,2,7,7,5,1,99999,4,2,4,5,1,3,4,3,4,2,4,1,300,240,120,200,320,240,120,200,320,10,2,2,1,1,3,-1,2,0.53820574283599854,1.0306824445724487,0.53128141164779663,0,0,0,0,1,1,0,0,1,1,0,0,1,0,0,0,0,1,0,1,2,0,0,4.0943446159362793,4.7874917984008789,4.3820266723632812,4.7874917984008789,5.736572265625
1,1,1,1,0,1,0,0,0,0,1,1,0,0,1,1,0,1,0,0,0,0,49,10,10,10,28,0,0,0,0,0,5e,9,1,0,0.02,99999,99999,2.3999999999999999,99999,1,1,1,1,1,1,1,1,1,2,99999,1,2,18,99999,5,99999,1,3,5,6,8,4,2,7,12,9,2,5,2,99999,5,2,2,2,1,7,6,99999,3,2,4,1,3,1,4,1,1,3,1,1,300,339,349,339,329,339,349,339,329,357,2,2,1,1,10,2,1,0.25509041547775269,-0.87879455089569092,-1.0708762407302856,0,0,0,0,1,1,0,0,0,0,1,1,0,1,1,1,1,0,0,1,2,0,0,3.8918201923370361,2.3025851249694824,2.3025851249694824,2.3025851249694824,3.3322045803070068
2,2,0,0,1,1,0,0,0,0,1,1,1,1,0,1,0,0,0,0,0,0,25,60,110,85,120,1,1,1,0,1,6b,6,3,1,0.02,108,67,0.90000000000000002,-2,1,1,1,1,1,2,2,2,2,2,479,2,2,21,21,5,-21,12,3,1,4,5,9,7,6,2,8,2,5,5,0,5,3,5,2,5,7,7,-14,4,3,4,5,5,2,5,3,4,4,2,3,300,325,385,275,190,325,385,275,190,70,3,3,1,1,6,2,4,0.54085445404052734,0.062921173870563507,1.0629622936248779,1,1,0,0,0,0,0,0,0,0,1,1,1,0,0,0,0,0,1,0,1,0,0,3.2188758850097656,4.0943446159362793,4.7004804611206055,4.4426512718200684,4.7874917984008789
1,2,1,0,0,0,0,0,0,0,1,1,0,1,1,0,0,0,0,0,0,0,20,20,30,100,300,1,1,1,0,0,2e,9,1,0,0.02,19,135,2.3999999999999999,-1,1,1,2,2,2,2,2,2,2,2,478,2,1,20,-22,4,-18,1,6,8,4,5,2,7,12,3,9,2,4,4,-10,3,6,5,5,5,6,5,-32,4,4,1,4,4,2,5,1,2,2,3,3,300,280,300,330,430,280,300,330,430,730,2,1,1,1,3,-1,2,0.062801256775856018,0.94388562440872192,0.19473269581794739,0,0,0,0,1,0,0,0,1,0,0,0,0,0,0,0,0,0,0,1,0,0,0,2.995732307434082,2.995732307434082,3.4011974334716797,4.6051702499389648,5.7037825584411621
2,2,0,1,1,1,1,0,0,0,1,1,1,0,0,1,1,0,0,0,0,1,60,90,90,100,270,1,1,1,1,1,3b,6,4,0,0.02,1,102,0.59999999999999998,-2,1,1,1,1,1,1,1,2,2,2,479,1,1,23,8,5,-187,12,2,3,4,8,6,9,5,1,7,4,4,4,-27,1,1,2,2,1,7,7,-39,2,5,1,3,4,3,3,2,3,5,4,3,300,360,270,180,280,360,270,180,280,540,3,1,1,1,8,2,4,0.72871506214141846,-1.5561274290084839,0.80713492631912231,1,0,0,0,0,0,0,0,0,1,1,0,0,1,0,0,0,1,1,0,0,0,0,4.0943446159362793,4.499809741973877,4.499809741973877,4.6051702499389648,5.5984220504760742
1,1,0,1,0,1,0,0,0,0,1,1,1,0,1,1,0,0,0,0,0,1,30,40,50,60,45,1,0,0,1,0,3c,9,1,0,0.02,107,159,2.3999999999999999,-1,1,1,1,1,1,1,1,2,2,2,479,1,2,19,10,4,-142,2,8,3,9,4,6,1,12,5,7,5,5,5,-3,6,2,2,4,5,7,7,-29,3,4,4,2,2,1,3,3,2,4,4,5,300,330,370,320,380,330,370,320,380,415,3,1,1,1,8,2,1,1.5397251844406128,-0.014385088346898556,0.47018793225288391,1,0,0,0,0,0,0,0,0,0,1,0,0,0,0,1,1,1,0,0,0,0,0,3.4011974334716797,3.6888794898986816,3.9120230674743652,4.0943446159362793,3.8066625595092773
2,2,1,0,0,1,1,0,0,0,1,1,0,1,1,1,1,1,0,0,0,0,20,10,50,50,30,0,1,1,0,1,1a,5,5,0,0.02,0,16,0,-4,1,1,1,1,1,2,2,2,2,2,479,2,1,21,25,5,-32,5,7,3,4,6,1,2,8,9,12,2,2,2,1,3,2,1,3,3,6,6,-19,3,2,5,1,5,3,2,2,1,2,2,3,300,310,320,370,320,310,320,370,320,350,2,1,1,1,6,2,4,-0.89330512285232544,-0.74255365133285522,-0.50604146718978882,0,0,0,0,1,0,0,0,0,0,0,1,0,0,1,0,0,0,1,1,0,0,0,2.995732307434082,2.3025851249694824,3.9120230674743652,3.9120230674743652,3.4011974334716797
2,1,1,1,0,0,0,0,0,0,1,1,0,0,1,0,0,0,0,0,0,0,20,10,10,15,15,1,0,1,1,0,4e,6,4,0,0.02,109,83,0.59999999999999998,-8,1,1,1,1,1,1,1,2,2,2,479,2,2,21,22,3,-91,9,5,3,7,6,1,4,2,12,8,3,3,2,-16,5,3,6,4,5,5,6,-24,4,4,4,4,3,2,3,3,2,3,3,3,300,280,290,300,285,280,290,300,285,300,2,2,1,1,8,2,3,-0.17754970490932465,0.82360464334487915,0.4503263533115387,0,0,0,0,1,1,0,0,1,0,0,1,0,0,0,1,0,1,0,1,2,0,0,2.995732307434082,2.3025851249694824,2.3025851249694824,2.7080502510070801,2.7080502510070801
1,2,1,1,1,1,1,0,0,0,1,1,0,0,0,1,1,0,0,0,0,0,10,30,35,40,35,1,1,1,1,1,3a,8,2,0,0.02,11,39,1.8,-1,1,1,1,1,1,1,2,2,2,2,480,2,4,22,13,5,-67,9,12,3,7,6,1,5,4,8,2,3,3,3,-26,3,3,3,4,6,3,4,-77,4,5,5,5,5,3,3,4,3,4,5,3,300,290,260,225,265,290,260,225,265,300,2,2,2,2,7,2,2,-0.082295022904872894,0.66540831327438354,1.6659319400787354,0,0,0,0,1,1,1,0,1,1,1,0,0,1,0,0,0,1,1,1,2,2,0,2.3025851249694824,3.4011974334716797,3.5553481578826904,3.6888794898986816,3.5553481578826904
1,1,1,1,1,0,1,1,0,1,0,0,1,0,1,1,0,1,0,0,0,0,10,10,15,20,15,0,0,1,0,0,3c,3,2,5,0.02,51,0,0.29999999999999999,1,1,1,1,1,1,1,1,2,2,2,479,2,4,23,16,4,-4,1,12,9,4,6,2,7,8,5,3,4,2,4,-4,2,2,2,2,2,6,6,-10,2,2,4,4,4,3,4,2,2,2,3,4,300,280,290,305,285,280,290,305,285,300,2,2,2,1,8,2,1,-0.036881942301988602,-1.0142011642456055,0.14353421330451965,1,0,0,0,0,0,0,0,1,0,0,1,0,0,0,1,1,1,1,0,0,0,0,2.3025851249694824,2.3025851249694824,2.7080502510070801,2.995732307434082,2.7080502510070801
1,2,0,1,1,0,0,1,0,1,0,0,0,0,1,1,1,0,0,0,0,0,50,70,60,40,380,0,1,1,1,0,5c,8,1,1,0.02,99999,99999,2.1000000000000001,99999,1,1,1,1,1,1,1,2,2,2,99999,2,2,20,99999,3,99999,8,4,12,3,2,6,7,9,5,1,3,2,5,99999,3,2,2,4,3,6,7,99999,3,4,4,3,3,3,4,2,3,4,4,3,300,350,280,340,380,350,280,340,380,0,3,1,1,1,8,2,2,-0.27458417415618896,-0.52679145336151123,0.80844968557357788,0,0,0,0,1,1,0,0,0,1,0,0,1,0,0,0,1,0,1,1,2,0,0,3.9120230674743652,4.2484951019287109,4.0943446159362793,3.6888794898986816,5.9401712417602539
2,1,1,0,1,0,0,1,0,1,0,0,1,1,1,1,1,0,0,0,0,0,10,20,20,80,190,1,0,0,0,0,1b,5,5,0,0.02,0,103,0,-20,1,1,1,1,1,2,2,2,2,2,479,1,1,19,1,5,-234,5,7,4,6,12,8,1,3,9,2,2,2,2,-60,3,1,1,2,2,7,6,-61,3,4,4,5,4,3,4,3,2,4,3,2,300,310,290,270,190,310,290,270,190,0,2,1,1,1,6,2,3,-0.89330512285232544,-1.240764856338501,0.73429858684539795,1,1,1,1,0,0,0,0,0,1,1,1,1,0,1,1,0,1,1,0,1,1,1,2.3025851249694824,2.995732307434082,2.995732307434082,4.3820266723632812,5.2470240592956543
2,1,1,0,0,1,1,1,0,1,0,0,1,1,0,0,0,0,0,0,0,0,10,10,10,10,10,0,0,0,0,0,2d,8,1,1,0.02,17,4,2.1000000000000001,-6,1,1,1,1,1,1,1,1,2,2,476,1,5,26,21,5,-34,3,2,1,5,7,6,9,8,12,4,4,4,3,-6,1,2,1,1,1,7,5,-10,3,5,5,2,5,3,5,2,2,3,1,1,300,290,280,290,300,290,280,290,300,310,2,1,1,1,9,2,3,0.6334604024887085,-1.5680317878723145,0.065679579973220825,1,1,0,0,0,0,0,0,1,1,0,0,0,1,0,1,0,1,1,0,1,0,0,2.3025851249694824,2.3025851249694824,2.3025851249694824,2.3025851249694824,2.3025851249694824
2,2,0,0,0,0,0,1,0,1,0,0,0,1,0,1,1,0,0,0,0,0,60,60,125,100,200,1,1,1,1,0,4d,7,3,0,0.02,45,63,1.2,-1,1,1,1,2,2,2,2,2,2,2,480,1,3,23,21,5,-55,9,12,3,4,1,6,5,2,7,8,4,4,4,-20,2,5,1,1,2,6,7,-39,1,2,3,2,4,2,2,1,1,1,1,1,300,240,300,175,275,240,300,175,275,75,3,3,3,3,4,0,4,0.72871506214141846,-1.0887254476547241,-1.4916262626647949,0,0,0,0,1,0,0,0,1,0,1,0,1,0,1,0,1,0,1,1,0,0,0,4.0943446159362793,4.0943446159362793,4.8283138275146484,4.6051702499389648,5.2983174324035645
2,2,0,1,0,0,1,1,0,1,0,0,0,0,0,1,0,0,0,0,0,0,10,10,15,20,15,0,1,0,0,0,2c,8,2,0,0.02,33,134,1.8,-3,1,1,1,1,1,1,1,1,2,2,479,2,1,17,10,5,-55,2,1,8,3,9,6,5,12,7,4,2,2,3,-5,5,2,3,5,6,7,7,-16,4,4,3,4,5,3,4,2,3,4,4,3,300,310,300,315,295,310,300,315,295,310,3,1,1,1,9,2,4,-0.79805046319961548,0.3027421236038208,1.1102540493011475,0,0,0,0,1,1,1,0,0,1,0,1,0,0,0,0,0,1,1,1,2,2,0,2.3025851249694824,2.3025851249694824,2.7080502510070801,2.995732307434082,2.7080502510070801
2,2,0,0,1,0,0,1,0,1,0,0,0,1,1,1,1,1,0,0,0,0,10,10,15,15,40,1,0,0,0,0,1a,7,3,0,0.02,149,170,1.2,-2,1,1,1,1,1,1,2,2,2,2,479,2,1,17,21,4,-99,1,2,7,8,5,12,3,6,9,4,5,5,5,-1,6,7,6,7,7,7,7,-8,5,5,5,5,2,3,5,5,5,5,5,3,300,280,270,255,240,280,270,255,240,200,3,3,1,1,7,2,4,1.5397251844406128,1.8564985990524292,2.2823686599731445,0,0,0,0,1,0,0,0,1,1,1,1,1,0,1,1,0,1,1,1,0,0,0,2.3025851249694824,2.3025851249694824,2.7080502510070801,2.7080502510070801,3.6888794898986816
2,2,1,0,0,0,1,1,0,1,0,0,1,1,0,1,0,0,0,0,0,0,10,150,60,120,40,1,1,1,1,1,6b,4,1,5,0.02,0,46,0.90000000000000002,-49,1,1,1,1,2,2,2,2,2,2,478,1,4,22,22,5,13,1,6,12,4,2,8,7,9,5,3,1,1,1,9,4,4,3,5,2,6,6,5,3,3,3,4,4,4,2,4,4,1,5,5,300,310,460,400,520,310,460,400,520,480,2,1,1,1,5,1,4,-1.704315185546875,0.089388787746429443,1.0578899383544922,1,1,0,0,0,0,0,0,0,0,1,0,1,1,1,0,1,0,0,0,1,0,0,2.3025851249694824,5.0106353759765625,4.0943446159362793,4.7874917984008789,3.6888794898986816
1,1,0,1,1,0,1,1,0,1,0,0,0,0,1,1,0,0,0,0,0,0,50,50,50,50,50,1,1,1,0,1,5e,8,2,0,0.02,99999,99999,1.8,99999,1,1,1,1,2,2,2,2,2,2,99999,1,2,20,99999,5,99999,4,7,5,9,3,6,2,8,1,12,4,4,2,99999,6,5,5,6,6,6,5,99999,3,2,3,4,3,3,3,2,3,2,2,1,300,250,200,250,200,250,200,250,200,150,3,1,1,1,5,1,1,0.53820574283599854,1.4835884571075439,-0.22627027332782745,0,0,0,0,1,1,0,0,1,1,0,1,1,0,1,0,1,1,0,1,2,0,0,3.9120230674743652,3.9120230674743652,3.9120230674743652,3.9120230674743652,3.9120230674743652
2,2,1,1,0,1,0,1,0,1,0,0,1,0,0,0,1,0,0,0,0,0,50,20,50,50,40,1,0,1,0,0,8c,4,6,0,0.02,173,181,0,-1,2,2,2,2,2,2,2,2,2,2,479,1,6,24,8,5,-13,8,4,5,12,3,6,1,2,9,7,3,3,3,-38,6,1,1,1,1,6,7,-29,4,5,5,4,2,1,5,4,1,1,2,5,300,350,370,320,370,350,370,320,370,330,2,2,1,1,1,-2,4,-0.082295022904872894,-1.1800800561904907,0.22373878955841064,1,0,0,0,0,0,0,0,0,0,1,0,1,0,1,1,1,1,1,0,0,0,0,3.9120230674743652,2.995732307434082,3.9120230674743652,3.9120230674743652,3.6888794898986816
1,1,0,0,0,1,0,1,0,1,0,0,0,1,0,0,1,0,0,0,0,0,25,25,50,50,100,0,0,0,1,1,2b,10,0,0,0.02,75,160,3,-22,1,1,1,1,1,1,1,1,1,2,478,2,2,20,15,4,8,4,6,8,5,3,7,12,2,9,1,4,4,4,2,3,2,2,2,2,6,6,-11,3,3,2,2,2,1,3,1,1,2,1,1,300,325,300,350,300,325,300,350,300,400,3,3,3,1,10,2,1,0.72871506214141846,-0.89583241939544678,-1.2478338479995728,0,0,0,0,1,0,0,0,0,1,0,1,0,0,0,1,0,0,0,1,0,0,0,3.2188758850097656,3.2188758850097656,3.9120230674743652,3.9120230674743652,4.6051702499389648
1,1,0,1,1,1,0,1,0,1,0,0,0,0,1,0,1,0,0,0,0,0,60,10,10,10,230,1,1,1,1,1,6d,10,0,0,0.02,109,120,3,-4,1,1,1,1,1,1,1,2,2,2,479,1,2,22,18,5,-86,6,4,3,1,2,12,8,7,5,9,2,2,2,-4,3,5,3,2,5,6,6,-15,3,4,3,3,4,2,3,2,2,2,1,1,300,240,230,240,230,240,230,240,230,460,3,1,1,1,8,2,1,-0.89330512285232544,-0.048351828008890152,-0.4923967719078064,0,0,0,0,1,1,0,0,1,1,0,1,0,1,1,0,1,0,0,1,2,0,0,4.0943446159362793,2.3025851249694824,2.3025851249694824,2.3025851249694824,5.4380793571472168
2,2,1,1,0,0,0,1,0,1,0,0,1,0,0,1,1,0,0,0,0,0,10,10,50,50,10,0,0,1,1,1,3b,9,1,0,0.02,19,2,2.3999999999999999,-9,1,1,1,1,2,2,2,2,2,2,479,1,1,18,7,5,-51,1,3,2,12,7,8,5,4,9,6,4,3,4,-14,1,1,1,1,1,7,7,-18,1,4,4,2,4,1,4,1,1,3,2,2,300,290,300,250,300,290,300,250,300,310,2,2,1,1,5,1,4,0.34591656923294067,-1.8659569025039673,-0.65431267023086548,1,0,0,0,0,0,0,0,1,0,1,0,0,0,0,1,1,0,0,0,0,0,0,2.3025851249694824,2.3025851249694824,3.9120230674743652,3.9120230674743652,2.3025851249694824
2,1,0,1,1,1,1,1,0,1,0,0,0,0,1,0,0,0,0,0,1,0,10,20,40,50,40,1,1,1,0,1,4e,8,1,1,0.02,112,106,2.1000000000000001,-2,1,1,1,2,2,2,2,2,2,2,479,2,4,24,7,4,-33,1,2,3,6,12,9,7,5,4,8,1,4,2,-9,2,5,2,2,5,6,6,-14,2,4,1,2,2,1,4,1,2,1,2,1,300,290,270,310,350,290,270,310,350,310,3,1,1,1,4,0,3,-0.4606650173664093,-0.30782920122146606,-1.0562231540679932,0,0,0,0,1,1,0,0,1,1,0,0,1,0,1,0,1,1,0,1,2,0,0,2.3025851249694824,2.995732307434082,3.6888794898986816,3.9120230674743652,3.6888794898986816
1,2,0,0,1,1,1,1,0,1,0,0,0,1,1,0,0,0,0,0,0,0,50,50,50,50,100,1,0,0,0,1,2e,7,1,2,0.02,81,89,1.8,-1,1,1,1,1,1,2,2,2,2,2,479,1,1,22,10,5,-33,9,4,3,6,7,12,2,1,5,8,3,3,3,-4,3,1,1,2,1,7,7,-18,3,4,5,2,5,2,4,2,1,1,1,1,300,250,200,150,200,250,200,150,200,100,3,3,1,1,6,2,2,-0.082295022904872894,-1.460498571395874,-0.68396389484405518,0,0,0,0,1,0,0,0,1,1,1,0,1,0,1,1,0,1,0,1,0,0,0,3.9120230674743652,3.9120230674743652,3.9120230674743652,3.9120230674743652,4.6051702499389648
2,2,0,0,1,1,1,1,0,1,0,0,0,1,1,0,0,0,0,0,0,1,50,50,50,100,100,1,1,0,0,1,7c,3,7,0,0.02,58,22,0,-6,2,2,2,2,2,2,2,2,2,2,479,2,4,24,11,4,-33,1,2,4,5,8,7,6,3,9,12,2,4,4,-21,7,5,2,2,1,7,6,-40,2,4,3,1,4,1,2,1,2,3,2,2,300,250,300,250,350,250,300,250,350,240,3,3,1,1,1,-2,4,0.062801256775856018,-0.31268477439880371,-0.65888494253158569,0,0,0,0,1,0,0,0,1,0,1,0,1,0,1,0,0,1,0,1,0,0,0,3.9120230674743652,3.9120230674743652,3.9120230674743652,4.6051702499389648,4.6051702499389648
2,1,1,1,1,1,0,1,0,1,0,0,1,0,1,0,1,0,0,0,0,0,20,20,20,30,50,1,1,1,0,1,7a,7,1,2,0.02,22,42,1.8,-3,1,1,1,1,1,2,2,2,2,2,475,2,2,21,21,5,-58,7,2,6,4,5,12,1,8,3,9,4,4,2,-14,4,2,2,3,1,6,5,-31,3,4,4,3,5,2,3,1,1,3,3,1,300,320,300,320,350,320,300,320,350,400,2,2,2,2,6,2,3,0.53820574283599854,-0.64034229516983032,-0.17134550213813782,1,0,0,0,0,0,0,0,0,1,0,0,0,0,1,0,1,1,0,0,0,0,0,2.995732307434082,2.995732307434082,2.995732307434082,3.4011974334716797,3.9120230674743652
1,2,1,0,1,0,0,1,0,1,0,0,1,1,1,1,1,0,0,0,0,0,10,10,10,20,30,0,0,1,1,1,4c,4,6,0,0.02,60,121,0,-3,1,1,1,1,1,1,1,1,2,2,479,2,1,19,20,4,-10,2,6,12,4,9,1,7,8,5,3,2,2,4,-29,2,4,2,2,3,4,5,-29,2,3,3,2,2,2,2,2,2,1,1,1,300,290,280,290,310,290,280,290,310,340,2,1,1,1,9,2,2,-0.70279574394226074,-0.38681977987289429,-1.1615487337112427,1,1,1,1,0,0,0,0,1,1,0,0,0,0,0,1,1,0,0,0,1,1,1,2.3025851249694824,2.3025851249694824,2.3025851249694824,2.995732307434082,3.4011974334716797
1,2,1,1,1,0,0,1,0,1,0,0,1,0,1,1,1,0,0,1,0,0,60,120,130,180,180,1,1,1,0,1,8d,8,2,0,0.02,87,142,1.8,0,1,1,1,1,1,1,1,2,2,2,479,1,3,23,15,5,-10,6,4,9,3,12,2,7,8,5,1,2,4,4,-8,2,2,2,4,3,6,6,-10,2,4,4,2,4,3,4,2,2,2,1,1,300,360,240,360,180,360,240,360,180,360,2,2,2,1,8,2,2,0.062801256775856018,-0.55109304189682007,-0.47996032238006592,1,0,0,0,0,0,0,0,0,1,0,1,0,0,1,0,1,1,0,0,0,0,0,4.0943446159362793,4.7874917984008789,4.8675346374511719,5.1929569244384766,5.1929569244384766
1,1,0,0,1,0,1,1,0,1,0,0,0,1,1,1,0,0,0,0,0,0,40,50,30,30,30,1,0,0,0,1,7b,7,3,0,0.02,5,58,1.2,1,1,1,1,1,1,2,2,2,2,2,479,2,2,20,20,5,0,12,1,7,5,6,8,4,2,9,3,4,4,3,-5,2,2,2,3,3,6,6,-9,3,4,4,2,2,2,3,3,2,2,1,2,300,260,210,180,150,260,210,180,150,120,3,3,1,1,6,2,1,0.6334604024887085,-0.71981382369995117,-0.49745252728462219,0,0,0,0,1,0,0,0,1,1,1,1,1,0,1,1,0,1,0,1,0,0,0,3.6888794898986816,3.9120230674743652,3.4011974334716797,3.4011974334716797,3.4011974334716797
1,1,1,0,1,0,1,1,0,1,0,0,1,1,1,1,0,0,0,0,0,0,30,50,200,200,300,1,1,1,0,1,1c,0,10,0,0.02,0,0,0,-4,1,1,1,1,2,2,2,2,2,2,479,2,1,19,22,5,-83,1,2,9,3,8,6,4,5,12,7,2,2,1,-6,2,1,1,5,6,6,6,-24,4,4,5,4,1,1,5,2,1,2,1,1,300,330,380,580,380,330,380,580,380,80,2,1,1,1,5,1,1,-0.9885597825050354,-0.25627189874649048,-0.5360255241394043,1,1,1,1,0,0,0,0,0,0,0,1,1,0,1,0,1,1,0,0,1,1,1,3.4011974334716797,3.9120230674743652,5.2983174324035645,5.2983174324035645,5.7037825584411621
2,1,1,1,0,0,0,1,0,1,0,0,1,0,0,1,1,0,0,0,0,0,50,100,75,125,100,1,0,0,1,0,5d,8,2,0,0.02,99999,99999,1.8,99999,1,1,1,1,2,2,2,2,2,2,99999,1,2,22,99999,5,99999,1,2,4,12,7,3,5,6,8,9,2,2,4,99999,3,2,2,3,2,6,5,99999,2,3,2,2,4,2,4,2,3,2,1,2,300,350,450,525,650,350,450,525,650,550,2,2,1,1,5,1,3,-0.70279574394226074,-0.63304448127746582,-0.510642409324646,1,0,0,0,0,0,0,0,0,0,0,0,1,0,1,1,0,0,1,0,0,0,0,3.9120230674743652,4.6051702499389648,4.3174881935119629,4.8283138275146484,4.6051702499389648
1,2,0,0,1,0,1,1,0,1,0,0,0,1,1,1,0,0,0,0,0,0,10,11,30,30,100,1,1,0,0,1,6e,5,0,5,0.02,0,18,1.5,-283,1,1,1,1,1,2,2,2,2,2,470,1,2,18,18,5,-53,1,2,3,4,9,12,7,5,6,8,4,5,4,-9,2,5,2,3,5,6,7,-58,3,4,4,2,4,2,4,2,3,4,2,1,300,290,301,271,241,290,301,271,241,141,3,3,1,1,6,2,2,1.111513614654541,-0.23317556083202362,0.14714054763317108,0,0,0,0,1,0,0,0,1,0,1,1,1,0,1,0,0,1,0,1,0,0,0,2.3025851249694824,2.397895336151123,3.4011974334716797,3.4011974334716797,4.6051702499389648
1,1,1,0,0,0,1,1,0,1,0,0,1,1,0,1,0,0,0,0,0,0,60,80,100,100,50,0,0,0,1,0,8a,7,2,1,0.02,99999,99999,1.5,99999,1,1,2,2,2,2,2,2,2,2,99999,2,2,21,99999,5,99999,1,2,5,9,6,3,4,7,12,8,1,2,2,99999,5,2,2,6,6,3,7,99999,2,1,4,1,5,1,3,1,3,1,1,1,300,240,160,260,360,240,160,260,360,410,2,1,1,1,3,-1,1,-1.2262619733810425,0.70648658275604248,-1.1659520864486694,1,1,0,0,0,0,0,0,1,1,0,0,0,0,0,1,0,0,1,0,1,0,0,4.0943446159362793,4.3820266723632812,4.6051702499389648,4.6051702499389648,3.9120230674743652
2,1,0,0,0,1,1,1,0,1,0,0,0,1,0,0,0,1,0,0,1,0,30,40,30,50,100,1,1,0,1,1,2a,5,5,0,0.02,89,117,0,-9,1,1,1,1,1,2,2,2,2,2,479,2,3,22,11,4,-3,6,8,5,12,2,9,7,4,3,1,2,2,5,-7,2,3,3,5,7,7,5,-16,4,5,4,5,4,4,4,4,5,3,4,2,300,260,300,330,270,260,300,330,270,170,3,3,3,1,6,2,3,-0.60754108428955078,0.37122747302055359,1.6622487306594849,0,0,0,0,1,0,0,0,1,0,0,1,1,0,1,0,0,0,0,1,0,0,0,3.4011974334716797,3.6888794898986816,3.4011974334716797,3.9120230674743652,4.6051702499389648
1,2,1,1,1,1,0,1,0,1,0,0,1,0,1,0,1,1,0,0,0,0,10,30,30,30,130,1,1,1,0,1,7d,7,3,0,0.02,5,76,1.2,-1,1,1,1,1,2,2,2,2,2,2,478,2,1,24,19,5,-44,7,3,8,1,5,12,6,2,9,4,4,3,5,-23,4,2,2,2,4,6,6,-25,3,2,1,1,4,2,5,1,1,1,2,1,300,300,270,300,330,300,270,300,330,460,2,2,2,2,5,1,2,0.44117125868797302,-0.52613049745559692,-1.1123696565628052,1,0,0,0,0,0,0,0,0,1,0,0,0,0,1,0,1,1,0,0,0,0,0,2.3025851249694824,3.4011974334716797,3.4011974334716797,3.4011974334716797,4.8675346374511719
1,2,1,1,0,0,1,1,0,1,0,0,1,0,0,1,0,0,0,0,0,0,10,10,10,10,20,1,1,1,1,1,8b,9,1,0,0.02,89,156,2.3999999999999999,-5,1,1,1,1,1,1,2,2,2,2,478,2,1,18,3,5,-48,7,12,3,8,5,9,2,4,1,6,4,4,2,-5,5,2,2,4,5,7,7,-12,1,3,2,1,4,2,5,4,2,2,2,3,300,310,300,290,300,310,300,290,300,280,2,2,1,1,7,2,2,0.53820574283599854,-0.13275384902954102,-0.40123951435089111,1,0,0,0,0,0,0,0,0,1,1,0,1,1,1,0,1,0,0,0,0,0,0,2.3025851249694824,2.3025851249694824,2.3025851249694824,2.3025851249694824,2.995732307434082
1,1,0,0,1,0,0,1,1,1,1,0,0,0,1,0,1,1,0,0,0,0,30,20,20,30,30,1,1,1,1,0,6d,6,3,1,0.02,128,57,0.90000000000000002,-3,1,1,1,1,1,1,1,1,2,2,475,2,3,22,20,5,-14,2,3,12,4,5,6,1,9,8,7,3,3,2,-1,5,4,4,5,5,3,4,-7,4,5,4,4,4,4,4,4,2,2,2,2,300,260,240,260,230,260,240,260,230,200,3,3,1,1,9,2,1,-0.17754970490932465,1.1960994005203247,0.58166021108627319,0,0,0,0,1,1,0,0,1,1,0,1,1,0,1,1,1,1,1,1,2,0,0,3.4011974334716797,2.995732307434082,2.995732307434082,3.4011974334716797,3.4011974334716797
2,2,1,0,0,1,0,1,1,1,1,0,1,0,0,1,1,1,0,0,1,0,40,40,40,50,75,1,1,1,1,0,3b,6,4,0,0.02,57,86,0.59999999999999998,-34,1,1,1,2,2,2,2,2,2,2,479,2,1,20,3,4,-70,6,12,8,4,5,2,7,3,1,9,3,4,2,-5,3,5,2,2,4,6,6,-15,3,4,4,3,4,3,4,2,3,3,3,2,300,330,290,250,290,330,290,250,290,215,2,1,1,1,4,0,4,0.20524880290031433,-0.31512701511383057,0.46880358457565308,1,0,0,0,0,0,0,0,0,1,1,0,1,0,1,1,1,1,1,0,0,0,0,3.6888794898986816,3.6888794898986816,3.6888794898986816,3.9120230674743652,4.3174881935119629
2,1,1,1,0,0,1,1,1,1,1,0,1,1,0,0,0,0,0,0,0,0,80,80,80,80,80,0,1,1,0,0,2d,5,0,5,0.02,1,0,1.5,1,1,1,1,1,1,1,1,2,2,2,479,1,1,19,17,5,-67,1,12,9,4,6,7,5,3,8,2,1,5,2,-15,6,1,2,2,6,6,7,-38,1,2,3,2,4,4,5,4,2,1,2,1,300,220,300,220,300,220,300,220,300,380,2,2,1,1,8,2,3,-0.077866502106189728,-0.24191774427890778,-0.49213963747024536,1,1,0,0,0,0,0,0,1,0,1,0,0,0,0,1,1,0,1,0,1,0,0,4.3820266723632812,4.3820266723632812,4.3820266723632812,4.3820266723632812,4.3820266723632812
2,1,0,0,1,0,1,1,1,1,1,0,0,0,1,0,0,0,0,0,1,0,10,11,21,21,68,1,1,1,1,1,4e,10,0,0,0.02,4,143,3,-27,1,1,1,1,2,2,2,2,2,2,479,1,4,25,19,5,-65,1,6,12,4,9,8,3,5,2,7,2,2,3,-9,3,3,2,5,5,7,6,-46,1,4,4,2,4,3,1,2,4,3,1,1,300,290,279,300,269,290,279,300,269,201,3,3,1,1,5,1,3,-0.79805046319961548,0.003087326418608427,-0.29886135458946228,0,0,0,0,1,1,0,0,1,1,0,1,1,1,1,1,1,1,0,1,2,0,0,2.3025851249694824,2.397895336151123,3.0445225238800049,3.0445225238800049,4.2195076942443848
1,2,0,1,1,0,1,1,1,1,1,0,0,1,1,0,0,0,0,0,0,0,15,20,80,120,160,1,1,1,0,1,2e,7,2,1,0.02,6,6,1.5,-13,1,1,1,1,1,2,2,2,2,2,479,2,1,18,12,5,-80,2,3,12,8,5,4,6,7,9,1,4,4,5,-8,2,2,2,2,2,7,7,-21,2,2,3,3,2,2,4,2,2,2,2,2,300,285,305,385,505,285,305,385,505,345,3,1,1,1,6,2,2,0.82396978139877319,-1.2023013830184937,-0.61681360006332397,0,0,0,0,1,0,0,0,1,0,0,0,1,0,1,1,1,0,0,1,0,0,0,2.7080502510070801,2.995732307434082,4.3820266723632812,4.7874917984008789,5.0751738548278809
2,1,1,0,0,1,0,1,1,1,1,0,1,0,0,1,1,0,1,0,0,0,100,200,90,50,150,1,1,1,1,1,5d,2,3,5,0.02,99999,0,0,99999,2,2,2,2,2,2,2,2,2,2,99999,2,2,22,99999,4,99999,1,2,3,8,5,6,9,7,4,12,1,4,4,99999,3,2,1,1,2,7,5,99999,3,2,1,4,1,2,4,2,3,3,2,1,300,400,190,100,150,400,190,100,150,300,2,1,1,1,1,-2,3,-0.27015566825866699,-1.2056276798248291,-0.3517303466796875,1,0,0,0,0,0,0,0,0,1,1,0,0,1,1,1,1,1,0,0,0,0,0,4.6051702499389648,5.2983174324035645,4.499809741973877,3.9120230674743652,5.0106353759765625
2,2,0,1,1,1,0,1,1,1,1,0,0,1,1,1,1,0,0,0,0,0,10,10,10,20,50,1,1,1,1,1,1a,10,0,0,0.02,5,129,3,-7,1,1,1,1,1,2,2,2,2,2,479,1,1,22,20,4,-98,4,2,5,7,8,3,12,6,1,9,3,3,4,-5,3,2,2,2,2,5,5,-39,2,2,4,2,4,2,2,2,2,2,2,2,300,290,300,310,330,290,300,310,330,380,3,1,1,1,6,2,4,0.012959655374288559,-0.70773220062255859,-0.66961175203323364,0,0,0,0,1,0,0,0,1,0,0,0,0,1,1,1,1,1,0,1,0,0,0,2.3025851249694824,2.3025851249694824,2.3025851249694824,2.995732307434082,3.9120230674743652
1,1,0,1,1,1,1,1,1,1,1,0,0,1,1,1,0,0,0,1,0,1,25,35,50,45,55,1,0,1,0,0,4a,7,2,1,0.02,88,107,1.5,-6,1,1,1,1,1,2,2,2,2,2,479,1,4,26,5,4,-46,3,6,1,9,2,5,7,4,8,12,2,4,1,-6,2,1,1,2,4,6,6,-22,4,4,5,4,5,3,4,4,3,2,2,2,300,275,240,280,235,275,240,280,235,280,3,1,1,1,6,2,1,-0.22296278178691864,-1.0137673616409302,0.66016346216201782,0,0,0,0,1,0,0,0,1,1,0,1,0,0,1,0,1,0,1,1,0,0,0,3.2188758850097656,3.5553481578826904,3.9120230674743652,3.8066625595092773,4.0073332786560059
1,1,0,0,1,1,1,1,1,1,1,0,0,0,1,1,0,0,0,0,0,0,30,50,80,80,180,1,1,1,1,0,5e,8,2,0,0.02,99999,99999,1.8,99999,1,1,1,2,2,2,2,2,2,2,99999,1,2,23,99999,5,99999,2,8,6,4,5,7,3,1,9,12,2,2,4,99999,3,3,3,3,3,5,5,99999,2,2,2,2,3,1,2,1,1,2,2,1,300,270,220,300,380,270,220,300,380,560,3,3,1,1,4,0,1,-0.70279574394226074,-0.16244547069072723,-1.3031001091003418,0,0,0,0,1,1,0,0,1,1,0,0,0,0,1,1,1,1,1,1,2,0,0,3.4011974334716797,3.9120230674743652,4.3820266723632812,4.3820266723632812,5.1929569244384766
2,2,0,1,0,1,0,1,1,1,1,0,0,1,0,1,1,0,0,0,0,0,10,20,10,10,10,1,1,1,1,1,4d,10,0,0,0.02,107,21,3,-4,1,1,1,1,1,1,1,1,1,1,480,1,2,20,21,5,5,1,3,5,4,7,2,12,6,8,9,4,4,3,0,6,3,5,3,4,5,4,-14,3,3,3,3,3,2,2,3,2,2,2,2,300,290,310,300,310,290,310,300,310,320,3,1,1,1,11,2,4,0.6334604024887085,0.69461172819137573,-0.38858181238174438,0,0,0,0,1,0,0,0,1,0,1,0,0,1,1,1,1,1,0,1,0,0,0,2.3025851249694824,2.995732307434082,2.3025851249694824,2.3025851249694824,2.3025851249694824
1,2,0,0,0,0,0,1,1,1,1,0,0,0,0,0,1,0,0,0,0,0,10,50,50,50,50,1,1,1,1,1,6c,7,3,0,0.02,97,135,1.2,-2,1,1,1,1,1,2,2,2,2,2,479,2,2,22,10,5,-32,12,3,2,8,7,6,9,5,4,1,5,5,3,-2,6,6,6,6,6,7,6,-15,3,4,4,5,2,3,3,2,2,5,4,3,300,290,240,190,140,290,240,190,140,190,3,3,3,3,6,2,2,1.3492158651351929,1.5463876724243164,0.8537636399269104,0,0,0,0,1,1,1,1,1,1,1,1,0,1,1,1,1,1,0,1,2,2,2,2.3025851249694824,3.9120230674743652,3.9120230674743652,3.9120230674743652,3.9120230674743652
1,2,1,0,1,0,0,1,1,1,1,0,1,0,1,0,1,0,0,0,0,0,20,30,25,25,30,1,1,1,1,1,7d,0,0,10,0.02,0,0,0,-7,1,1,1,1,1,1,2,2,2,2,439,2,3,20,11,3,-47,4,2,8,6,5,12,1,3,9,7,3,3,4,-30,2,2,2,3,3,6,6,-46,3,3,3,2,2,3,1,3,2,2,2,2,300,320,290,315,290,320,290,315,290,320,2,1,1,1,7,2,2,0.012959655374288559,-0.71981382369995117,-0.51936995983123779,1,0,0,0,0,0,0,0,0,1,0,1,0,1,1,1,1,1,0,0,0,0,0,2.995732307434082,3.4011974334716797,3.2188758850097656,3.2188758850097656,3.4011974334716797
2,2,1,0,0,1,1,1,1,1,1,0,1,0,0,1,0,1,0,0,0,0,210,100,200,180,380,1,1,1,1,1,5b,7,3,0,0.02,99999,99999,1.2,99999,1,1,1,1,2,2,2,2,2,2,99999,1,3,23,99999,5,99999,6,3,4,7,2,5,1,8,9,12,2,2,3,99999,2,2,2,2,2,7,7,99999,3,3,2,3,3,1,1,3,1,2,1,1,300,500,400,200,380,500,400,200,380,0,2,1,1,1,5,1,4,-0.79805046319961548,-1.2023013830184937,-1.0451384782791138,1,0,0,0,0,0,0,0,0,1,1,0,1,1,1,1,1,1,0,0,0,0,0,5.3471074104309082,4.6051702499389648,5.2983174324035645,5.1929569244384766,5.9401712417602539
1,2,0,0,0,1,0,1,1,1,1,0,0,0,0,1,1,0,0,0,0,0,20,20,26,30,35,0,0,0,1,1,3a,5,0,5,0.02,0,104,1.5,-6,1,1,1,1,1,1,2,2,2,2,480,2,1,18,-12,4,-76,9,1,6,5,4,12,3,8,2,7,4,5,5,-29,2,2,1,3,6,3,4,-84,4,3,2,4,4,3,3,1,2,2,3,2,300,320,340,366,396,320,340,366,396,431,3,3,3,1,7,2,2,1.206768274307251,-0.013689181767404079,0.0095795001834630966,0,0,0,0,1,1,1,0,0,0,0,0,0,0,0,0,0,1,0,1,2,2,0,2.995732307434082,2.995732307434082,3.25809645652771,3.4011974334716797,3.5553481578826904
1,1,1,1,1,1,1,1,1,1,1,0,1,1,1,1,0,0,0,0,0,0,10,10,15,15,50,1,0,0,1,1,1c,6,4,0,0.02,50,129,0.59999999999999998,-3,1,1,1,1,1,1,1,1,1,2,472,2,1,20,16,4,-84,9,1,4,6,8,12,7,2,3,5,4,4,5,-22,5,5,1,5,1,7,6,-23,3,4,4,3,4,2,3,2,2,2,2,1,300,310,300,285,300,310,300,285,300,250,2,2,2,2,10,2,1,0.82396978139877319,-0.1843685656785965,-0.28880932927131653,1,1,1,1,0,0,0,0,0,1,1,0,1,0,1,0,0,1,0,0,1,1,1,2.3025851249694824,2.3025851249694824,2.7080502510070801,2.7080502510070801,3.9120230674743652
1,1,1,1,1,0,0,1,1,1,1,0,1,1,1,0,1,1,1,0,1,0,50,40,50,60,30,1,1,0,1,1,2f,4,1,5,0.02,0,30,0.90000000000000002,-6,1,1,1,1,1,2,2,2,2,2,479,2,1,19,12,4,-41,1,7,8,4,2,5,6,3,9,12,2,4,2,-10,5,3,6,5,6,5,5,-26,3,4,3,5,5,3,3,4,3,4,4,4,300,340,370,320,250,340,370,320,250,280,2,2,2,1,6,2,1,-0.12770810723304749,1.2120591402053833,1.3063867092132568,1,1,1,0,0,0,0,0,0,0,1,1,0,0,1,1,0,1,0,0,1,1,0,3.9120230674743652,3.6888794898986816,3.9120230674743652,4.0943446159362793,3.4011974334716797
1,2,0,0,1,1,0,1,1,1,1,0,0,0,1,1,1,0,0,0,0,0,30,50,40,50,40,0,0,0,0,0,5c,9,1,0,0.02,99999,99999,2.3999999999999999,99999,1,1,1,1,2,2,2,2,2,2,99999,1,2,21,99999,5,99999,1,4,5,12,2,3,7,8,9,6,5,5,5,99999,3,5,4,1,2,7,4,99999,4,4,2,2,4,1,4,2,5,5,5,5,300,330,380,340,290,330,380,340,290,250,3,3,1,1,5,1,2,1.5397251844406128,-0.3588624894618988,1.4279510974884033,0,0,0,0,1,1,0,0,0,0,1,1,1,1,0,0,0,0,1,1,2,0,0,3.4011974334716797,3.9120230674743652,3.6888794898986816,3.9120230674743652,3.6888794898986816
1,2,1,1,1,0,0,1,1,1,1,0,1,1,1,0,1,0,0,0,0,0,20,20,30,20,30,1,1,1,1,1,4b,9,0,1,0.02,68,153,2.7000000000000002,-4,1,1,1,1,1,2,2,2,2,2,474,1,1,23,2,4,-103,8,2,9,4,5,3,12,6,1,7,3,3,5,-18,3,2,2,2,4,6,6,-28,3,3,4,2,4,3,4,2,3,4,2,2,300,320,340,370,350,320,340,370,350,380,2,2,2,1,6,2,2,0.10821433365345001,-0.64449924230575562,0.25738391280174255,1,1,1,0,0,0,0,0,0,0,0,1,0,1,1,1,1,1,0,0,1,1,0,2.995732307434082,2.995732307434082,3.4011974334716797,2.995732307434082,3.4011974334716797
1,2,0,0,1,1,0,1,1,1,1,0,0,0,1,1,1,0,0,0,0,0,20,40,40,60,40,1,1,1,1,1,4f,6,4,0,0.02,23,152,0.59999999999999998,-1,1,1,1,1,1,2,2,2,2,2,476,2,3,22,20,5,-5,12,2,1,4,3,5,6,9,8,7,1,1,4,-7,2,5,3,3,4,6,6,-15,2,2,3,2,2,2,3,2,2,2,3,2,300,280,240,280,340,280,240,280,340,380,3,3,1,1,6,2,2,-1.4185512065887451,-0.12366637587547302,-0.63192325830459595,0,0,0,0,1,1,0,0,1,1,0,0,0,1,1,1,1,1,0,1,2,0,0,2.995732307434082,3.6888794898986816,3.6888794898986816,4.0943446159362793,3.6888794898986816
1,2,0,1,1,1,1,1,1,1,1,0,0,1,1,1,0,0,0,0,0,0,25,25,30,70,60,1,1,0,1,1,6e,6,4,0,0.02,130,138,0.59999999999999998,0,1,1,1,1,1,1,1,2,2,2,479,2,2,18,18,5,-8,3,8,6,12,4,1,7,5,9,2,3,4,4,-5,5,5,3,3,5,6,5,-25,3,3,3,3,2,2,3,3,2,2,3,3,300,275,300,270,340,275,300,270,340,280,3,1,1,1,8,2,2,0.39575815200805664,0.45117360353469849,-0.13016101717948914,0,0,0,0,1,0,0,0,1,0,1,0,1,0,1,1,0,1,0,1,0,0,0,3.2188758850097656,3.2188758850097656,3.4011974334716797,4.2484951019287109,4.0943446159362793
1,2,1,1,1,1,0,1,1,1,1,0,1,1,1,1,1,0,0,0,0,0,25,15,30,30,40,1,1,1,0,0,4c,6,4,0,0.02,109,14,0.59999999999999998,-1,2,2,2,2,2,2,2,2,2,2,479,1,1,22,22,5,-63,8,12,1,3,4,6,7,5,2,9,3,3,3,-6,1,1,1,1,1,7,7,-17,3,4,5,1,1,3,4,5,2,1,2,4,300,325,340,370,340,325,340,370,340,300,2,2,2,2,1,-2,2,-0.082295022904872894,-1.8659569025039673,-0.06340520828962326,1,1,1,1,0,0,0,0,0,0,0,1,1,0,1,1,1,0,1,0,1,1,1,3.2188758850097656,2.7080502510070801,3.4011974334716797,3.4011974334716797,3.6888794898986816
2,2,1,0,0,0,0,1,1,1,1,0,1,0,0,0,1,0,0,1,0,0,25,25,40,50,150,1,0,1,1,0,8c,9,1,0,0.02,86,145,2.3999999999999999,1,1,1,1,1,1,1,2,2,2,2,479,1,2,20,20,5,-4,5,2,3,7,4,6,1,8,9,12,3,3,5,-4,4,2,2,2,2,7,7,-8,1,5,5,5,5,2,4,2,1,2,3,2,300,325,350,300,250,325,350,300,250,100,2,1,1,1,7,2,4,0.10821433365345001,-0.96556389331817627,0.071619004011154175,1,0,0,0,0,0,0,0,0,0,1,1,1,0,1,0,1,1,1,0,0,0,0,3.2188758850097656,3.2188758850097656,3.6888794898986816,3.9120230674743652,5.0106353759765625
2,1,1,1,1,1,0,1,1,1,1,0,1,1,1,1,1,1,0,1,0,1,15,45,20,20,20,1,1,1,0,0,1b,4,6,0,0.02,61,0,0,-9,1,1,1,1,1,1,1,2,2,2,479,2,1,18,15,4,-148,12,3,8,9,5,6,1,2,7,4,4,5,2,-11,5,2,3,5,5,3,3,-39,5,5,3,4,5,3,4,4,4,3,3,3,300,305,350,360,340,305,350,360,340,310,2,2,2,2,8,2,3,0.92100423574447632,0.92947643995285034,1.3568090200424194,1,1,1,1,0,0,0,0,0,0,0,1,1,0,1,1,1,0,1,0,1,1,1,2.7080502510070801,3.8066625595092773,2.995732307434082,2.995732307434082,2.995732307434082
1,2,1,1,1,0,1,1,1,1,1,0,1,1,1,0,0,0,0,0,0,0,50,50,50,50,50,1,1,1,1,1,3d,8,2,0,0.02,54,21,1.8,-4,1,1,1,1,1,1,2,2,2,2,479,1,3,21,20,5,-7,1,4,3,9,12,7,8,6,5,2,5,5,5,-10,3,5,5,3,5,6,6,-11,4,4,2,4,4,4,2,3,3,3,3,3,300,350,400,450,400,350,400,450,400,350,2,2,2,1,7,2,2,1.5397251844406128,0.40258616209030151,0.74506092071533203,1,1,1,0,0,0,0,0,0,0,0,1,1,1,1,1,1,1,0,0,1,1,0,3.9120230674743652,3.9120230674743652,3.9120230674743652,3.9120230674743652,3.9120230674743652
2,1,1,0,0,1,0,1,1,1,1,0,1,0,0,1,1,0,0,0,0,0,20,50,100,100,200,0,0,0,1,0,3e,6,4,0,0.02,48,45,0.59999999999999998,-7,1,2,2,2,2,2,2,2,2,2,477,1,1,20,-3,4,-142,9,7,3,2,6,5,1,8,4,12,2,2,3,-30,5,3,3,5,5,6,6,-82,2,2,4,2,3,2,2,3,2,3,2,4,300,280,330,430,530,280,330,430,530,330,2,1,1,1,2,-2,3,-0.79805046319961548,0.47496652603149414,-0.29820054769515991,1,0,0,0,0,0,0,0,1,0,0,0,1,0,0,0,0,1,1,0,0,0,0,2.995732307434082,3.9120230674743652,4.6051702499389648,4.6051702499389648,5.2983174324035645
2,2,0,1,1,0,1,1,1,1,1,0,0,1,1,0,0,0,0,0,0,0,150,50,100,100,100,1,1,1,0,1,7c,9,1,0,0.02,48,106,2.3999999999999999,-7,1,1,1,1,2,2,2,2,2,2,479,1,6,23,-33,5,-59,4,2,5,6,12,1,7,3,8,9,4,5,4,-35,2,5,1,2,5,7,6,-28,3,3,2,1,2,1,4,1,2,3,1,1,300,150,200,300,400,150,200,300,400,300,3,1,1,1,5,1,4,1.111513614654541,-0.54297089576721191,-0.96100276708602905,0,0,0,0,1,0,0,0,1,0,0,0,1,0,1,1,1,0,0,1,0,0,0,5.0106353759765625,3.9120230674743652,4.6051702499389648,4.6051702499389648,4.6051702499389648
2,1,0,1,0,0,1,1,1,1,1,0,0,1,0,0,0,0,0,0,0,0,10,10,10,10,10,0,0,0,1,1,2a,9,1,0,0.02,153,156,2.3999999999999999,1,1,1,1,1,1,1,1,2,2,2,479,3,1,18,9,4,-36,4,12,1,5,8,7,2,3,6,9,4,4,5,-2,2,3,2,2,2,7,4,-33,2,1,1,1,2,1,4,1,1,2,1,1,300,310,300,310,300,310,300,310,300,290,3,1,1,1,8,2,3,0.82396978139877319,-0.81030917167663574,-1.6447478532791138,0,0,0,0,1,0,0,0,0,1,0,1,1,0,0,0,0,1,0,1,0,0,0,2.3025851249694824,2.3025851249694824,2.3025851249694824,2.3025851249694824,2.3025851249694824
1,1,0,1,1,1,1,1,1,1,1,0,0,1,1,1,0,0,0,0,0,0,15,15,15,15,70,1,0,0,1,1,7b,6,4,0,0.02,152,179,0.59999999999999998,-11,1,1,1,1,1,1,2,2,2,2,479,2,2,28,20,5,-21,3,2,1,5,7,4,12,8,9,6,4,4,4,-7,3,7,3,5,3,6,5,-17,2,4,2,2,4,1,2,3,3,3,3,4,300,285,270,255,270,285,270,255,270,200,3,1,1,1,7,2,1,0.72871506214141846,0.52012598514556885,0.098457805812358856,0,0,0,0,1,0,0,0,1,1,1,0,1,0,1,0,0,1,0,1,0,0,0,2.7080502510070801,2.7080502510070801,2.7080502510070801,2.7080502510070801,4.2484951019287109
2,1,1,0,1,0,0,1,1,1,1,0,1,0,1,0,1,0,0,0,0,0,20,50,80,100,200,1,1,1,1,1,7a,9,1,0,0.02,8,27,2.3999999999999999,-6,1,1,1,1,2,2,2,2,2,2,479,1,6,22,16,4,-21,9,5,12,4,6,3,7,2,8,1,2,4,5,-12,2,1,2,3,5,6,5,-30,3,3,4,2,5,2,1,2,2,1,1,1,300,320,270,350,250,320,270,350,250,450,2,1,1,1,5,1,3,0.15805593132972717,-0.48420426249504089,-0.86542004346847534,1,0,0,0,0,0,0,0,0,1,0,1,0,1,1,1,1,1,0,0,0,0,0,2.995732307434082,3.9120230674743652,4.3820266723632812,4.6051702499389648,5.2983174324035645
1,1,1,0,1,1,1,1,1,1,1,0,1,0,1,1,0,1,1,0,0,0,10,15,50,25,15,1,1,0,0,0,3c,7,3,0,0.02,4,7,1.2,-1,1,1,1,1,1,1,2,2,2,2,479,2,1,19,14,3,-77,1,9,4,3,6,7,2,8,5,12,4,4,4,-17,2,3,5,2,2,5,5,-27,2,2,4,2,2,2,4,4,4,4,2,2,300,300,275,225,200,300,275,225,200,215,2,1,1,1,7,2,1,0.72871506214141846,-0.29298436641693115,0.13877274096012115,1,0,0,0,0,0,0,0,0,1,1,1,0,0,1,1,0,0,1,0,0,0,0,2.3025851249694824,2.7080502510070801,3.9120230674743652,3.2188758850097656,2.7080502510070801
2,2,1,1,0,1,1,1,1,1,1,0,1,1,0,1,0,0,0,1,0,0,20,40,100,50,50,1,1,1,1,0,6b,5,5,0,0.02,65,85,0,1,1,1,1,1,1,1,2,2,2,2,480,1,2,27,25,4,-4,1,12,3,8,6,9,7,4,5,2,4,5,3,5,5,5,2,2,5,7,6,-5,2,3,4,2,4,2,2,4,4,4,3,2,300,320,360,250,300,320,360,250,300,350,2,2,1,1,7,2,4,1.0162589550018311,-0.046755999326705933,0.39845052361488342,1,1,0,0,0,0,0,0,0,0,1,0,0,0,1,1,1,1,1,0,1,0,0,2.995732307434082,3.6888794898986816,4.6051702499389648,3.9120230674743652,3.9120230674743652
1,1,0,1,0,1,0,1,1,0,1,1,0,1,1,1,0,1,1,0,0,0,100,50,30,50,50,1,0,0,0,1,7b,7,3,0,0.02,151,89,1.2,0,1,1,1,1,1,2,2,2,2,2,479,2,2,23,21,4,13,9,3,1,4,5,6,12,8,7,2,3,3,4,-2,5,3,4,6,6,7,7,-12,3,3,3,4,4,4,4,4,3,3,4,3,300,190,130,100,50,190,130,100,50,0,3,1,1,1,6,2,1,0.012959655374288559,0.72236227989196777,0.95615798234939575,0,0,0,0,1,0,0,0,1,1,1,1,1,0,1,0,1,0,1,1,0,0,0,4.6051702499389648,3.9120230674743652,3.4011974334716797,3.9120230674743652,3.9120230674743652
2,1,1,0,1,1,1,1,1,0,1,1,1,0,0,1,1,0,0,0,0,0,100,100,100,100,100,1,1,1,1,1,3e,8,2,0,0.02,114,154,1.8,-11,1,1,1,1,1,1,2,2,2,2,479,2,1,19,18,4,-173,8,5,1,6,2,4,7,9,12,3,1,1,2,-2,2,6,1,2,2,6,2,-16,1,4,3,4,3,2,3,2,1,2,1,2,300,400,300,200,300,400,300,200,300,400,2,1,1,1,7,2,3,-1.609060525894165,-0.33987817168235779,-0.74613034725189209,1,0,0,0,0,0,0,0,0,1,1,0,0,1,1,1,0,1,1,0,0,0,0,4.6051702499389648,4.6051702499389648,4.6051702499389648,4.6051702499389648,4.6051702499389648
2,1,1,0,1,1,1,1,1,0,1,1,1,0,0,1,1,0,0,0,1,0,10,10,10,20,15,1,0,1,1,0,5d,9,1,0,0.02,99999,99999,2.3999999999999999,99999,1,1,1,1,1,2,2,2,2,2,99999,2,2,20,99999,4,99999,9,8,1,7,3,5,12,2,6,4,4,4,4,99999,5,4,3,4,5,6,6,99999,3,4,4,4,4,3,4,3,3,4,4,4,300,310,320,310,320,310,320,310,320,305,2,1,1,1,6,2,3,0.72871506214141846,0.41603648662567139,1.1673142910003662,1,0,0,0,0,0,0,0,0,0,1,0,1,0,1,0,0,1,0,0,0,0,0,2.3025851249694824,2.3025851249694824,2.3025851249694824,2.995732307434082,2.7080502510070801
1,2,0,0,1,1,1,1,1,0,1,1,0,0,0,1,1,0,0,0,0,1,100,150,150,50,110,0,1,1,1,1,3a,10,0,0,0.02,72,120,3,-7,1,1,1,1,1,1,2,2,2,2,480,2,1,17,18,5,-8,5,1,6,8,9,7,4,2,12,3,2,2,3,-1,6,3,2,6,5,6,5,-18,4,5,2,2,5,2,1,1,3,3,4,3,300,400,250,100,150,400,250,100,150,250,3,3,1,1,7,2,2,-0.79805046319961548,0.71501457691192627,0.4140489399433136,0,0,0,0,1,1,1,0,0,1,1,0,0,0,0,1,0,1,1,1,2,2,0,4.6051702499389648,5.0106353759765625,5.0106353759765625,3.9120230674743652,4.7004804611206055
1,1,0,0,0,0,1,1,1,0,1,1,0,0,1,0,1,1,0,0,0,0,100,75,50,30,50,1,1,0,0,1,6d,3,2,5,0.02,0,6,0.29999999999999999,-6,1,1,1,1,2,2,2,2,2,2,479,1,2,20,17,3,-86,6,2,3,4,12,9,5,8,1,7,4,4,3,-16,5,6,6,6,7,6,5,-42,4,4,3,5,4,2,2,4,3,3,2,2,300,190,115,65,95,190,115,65,95,145,3,3,3,3,5,1,1,0.6334604024887085,1.7417856454849243,0.50259751081466675,0,0,0,0,1,1,0,0,1,1,1,0,0,0,1,1,1,0,1,1,2,0,0,4.6051702499389648,4.3174881935119629,3.9120230674743652,3.4011974334716797,3.9120230674743652
1,1,0,1,0,1,0,1,1,0,1,1,0,1,1,1,0,1,0,0,0,1,50,80,31,38,303,1,1,0,1,0,4a,7,3,0,0.02,2,115,1.2,-3,1,1,1,1,2,2,2,2,2,2,473,1,1,22,18,5,-60,8,9,3,7,6,5,12,1,2,4,3,4,4,-12,2,2,2,2,2,7,7,-16,2,4,4,3,4,2,4,1,2,2,1,1,300,240,320,289,327,240,320,289,327,620,3,1,1,1,5,1,1,0.39575815200805664,-1.2023013830184937,-0.56935316324234009,0,0,0,0,1,0,0,0,1,0,1,0,0,0,1,1,1,1,0,1,0,0,0,3.9120230674743652,4.3820266723632812,3.4339871406555176,3.6375861167907715,5.7137327194213867
1,1,1,1,0,0,1,1,1,0,1,1,1,1,1,0,1,0,0,0,0,0,10,10,10,10,10,0,0,1,0,0,2f,6,4,0,0.02,149,157,0.59999999999999998,-1,1,1,1,1,1,2,2,2,2,2,479,2,1,19,6,4,-37,8,6,3,9,5,1,7,2,12,4,3,3,2,-2,6,4,3,5,5,6,3,-10,4,4,4,4,5,5,5,5,5,5,5,5,300,290,280,290,300,290,280,290,300,290,2,2,1,1,6,2,1,-0.17754970490932465,0.98532748222351074,2.5513668060302734,1,1,1,0,0,0,0,0,1,1,0,0,1,0,0,0,0,0,0,0,1,1,0,2.3025851249694824,2.3025851249694824,2.3025851249694824,2.3025851249694824,2.3025851249694824
2,2,0,1,0,0,0,1,1,0,1,1,0,1,1,0,0,0,0,1,0,0,40,30,20,40,10,1,1,0,0,0,7c,8,1,1,0.02,26,11,2.1000000000000001,-1,1,1,1,1,1,1,1,1,2,2,479,2,6,22,9,4,-111,2,6,9,1,5,7,4,8,3,12,3,3,4,-17,5,6,5,5,6,5,4,-26,3,4,4,2,4,3,4,4,3,4,4,3,300,260,290,260,300,260,290,260,300,310,3,1,1,1,9,2,4,0.012959655374288559,1.4943898916244507,0.94145011901855469,0,0,0,0,1,0,0,0,1,0,1,0,0,0,1,1,1,0,0,1,0,0,0,3.6888794898986816,3.4011974334716797,2.995732307434082,3.6888794898986816,2.3025851249694824
2,1,1,1,1,0,0,1,1,0,1,1,1,1,0,0,0,0,1,1,1,0,10,20,30,30,20,0,1,0,1,1,2d,8,0,2,0.02,32,44,2.3999999999999999,-9,1,1,1,1,1,1,1,2,2,2,479,2,1,19,17,5,-12,5,4,12,8,1,6,2,9,7,3,4,5,4,-9,2,2,4,2,5,5,5,-15,2,3,3,2,2,1,2,4,1,1,1,1,300,290,300,320,280,290,300,320,280,260,2,2,2,1,8,2,3,1.111513614654541,-0.16688400506973267,-1.2758805751800537,1,1,0,0,0,0,0,0,1,0,0,1,1,0,0,1,1,1,1,0,1,0,0,2.3025851249694824,2.995732307434082,3.4011974334716797,3.4011974334716797,2.995732307434082
1,1,1,1,0,1,0,1,1,0,1,1,1,1,1,1,0,0,1,0,0,0,40,50,60,80,350,1,1,1,0,1,1c,5,5,0,0.02,6,29,0,-3,2,2,2,2,2,2,2,2,2,2,479,3,1,19,16,4,-61,7,8,1,12,5,4,9,2,3,6,1,3,2,-12,4,1,2,4,5,6,6,-49,3,4,4,2,5,1,3,3,3,4,2,2,300,340,380,440,360,340,380,440,360,10,2,2,1,1,1,-2,1,-0.84346354007720947,-0.17281313240528107,0.22669064998626709,1,1,1,1,0,0,0,0,0,0,0,1,1,0,1,1,0,0,1,0,1,1,1,3.6888794898986816,3.9120230674743652,4.0943446159362793,4.3820266723632812,5.8579330444335938
2,2,1,1,1,1,0,1,1,0,1,1,1,1,0,1,0,1,0,0,0,1,210,440,10,10,35,1,1,1,1,1,6b,8,2,0,0.02,43,95,1.8,-9,1,1,1,1,1,1,1,1,1,2,479,3,3,23,21,5,-7,8,2,12,9,5,4,6,1,3,7,4,4,2,-5,1,1,1,1,1,7,7,-4,1,2,4,2,2,2,3,5,2,2,1,1,300,500,940,930,940,500,940,930,940,895,2,2,2,2,10,2,4,0.53820574283599854,-1.8659569025039673,-0.85784345865249634,1,1,0,0,0,0,0,0,0,0,1,0,1,1,1,1,0,1,1,0,1,0,0,5.3471074104309082,6.0867748260498047,2.3025851249694824,2.3025851249694824,3.5553481578826904
2,2,0,1,0,1,1,1,1,0,1,1,0,1,1,1,1,1,0,0,0,0,20,20,25,10,25,1,1,1,0,0,1a,3,7,0,0.02,180,189,0,-1,1,1,1,1,1,1,1,1,1,1,479,2,1,19,20,5,-303,2,5,1,3,6,4,9,7,12,8,2,3,4,-34,6,6,5,5,3,6,6,-18,3,3,2,2,2,2,2,2,2,2,1,1,300,270,290,315,305,270,290,315,305,280,3,1,1,1,11,2,4,-0.31999725103378296,0.95359158515930176,-0.9510338306427002,0,0,0,0,1,0,0,0,1,0,0,1,1,0,1,1,0,0,0,1,0,0,0,2.995732307434082,2.995732307434082,3.2188758850097656,2.3025851249694824,3.2188758850097656
1,2,0,1,0,1,0,1,1,0,1,1,0,1,1,1,0,0,0,0,0,0,60,60,90,135,405,1,0,1,1,1,6e,10,0,0,0.02,193,213,3,1,1,1,1,1,1,1,2,2,2,2,479,1,3,19,17,5,-16,2,7,3,5,4,6,9,8,1,12,2,2,2,-14,2,2,2,2,2,2,2,4,1,1,1,1,1,1,1,1,1,1,1,1,300,240,180,270,405,240,180,270,405,0,3,1,1,1,7,2,2,-0.89330512285232544,-0.26180028915405273,-2.1758394241333008,0,0,0,0,1,0,0,0,1,1,0,0,1,0,1,0,0,1,1,1,0,0,0,4.0943446159362793,4.0943446159362793,4.499809741973877,4.9052748680114746,6.0038871765136719
1,2,1,0,0,0,1,1,1,0,1,1,1,0,1,0,1,0,0,0,0,0,20,30,30,30,40,1,1,0,0,1,7d,0,0,10,0.02,0,0,0,-3,1,1,1,1,1,2,2,2,2,2,452,2,6,23,-10,4,-96,4,2,1,7,3,5,12,9,6,8,4,4,4,-52,4,3,2,4,6,5,5,-90,4,4,4,3,4,2,4,3,4,4,2,3,300,320,290,260,290,320,290,260,290,330,2,1,1,1,6,2,2,0.72871506214141846,0.36053517460823059,0.82302582263946533,1,0,0,0,0,0,0,0,0,1,1,0,0,0,1,1,1,0,1,0,0,0,0,2.995732307434082,3.4011974334716797,3.4011974334716797,3.4011974334716797,3.6888794898986816
1,2,1,1,0,1,1,1,1,0,1,1,1,1,1,1,1,0,0,0,0,0,25,50,75,100,50,0,0,0,0,0,4c,9,1,0,0.02,144,190,2.3999999999999999,-1,1,1,1,1,2,2,2,2,2,2,479,1,1,18,0,4,-79,4,12,2,6,5,9,7,1,8,3,1,1,3,2,5,5,2,5,4,5,3,-18,3,5,4,2,5,3,4,3,4,4,3,3,300,275,225,150,50,275,225,150,50,0,2,2,1,1,5,1,2,-1.5138058662414551,0.80400735139846802,1.0461373329162598,1,1,1,1,0,0,0,0,1,1,1,1,1,1,0,0,1,0,0,0,1,1,1,3.2188758850097656,3.9120230674743652,4.3174881935119629,4.6051702499389648,3.9120230674743652
1,2,1,1,0,0,0,1,1,0,1,1,1,1,1,0,0,0,0,0,0,0,50,50,100,100,150,1,0,0,0,1,3d,7,3,0,0.02,75,130,1.2,-38,1,1,1,1,2,2,2,2,2,2,479,1,4,24,22,5,4,4,2,3,1,6,5,7,12,9,8,3,3,4,-2,2,2,2,2,4,5,7,-24,2,1,4,2,2,1,3,3,2,3,2,3,300,350,300,200,300,350,300,200,300,150,2,2,1,1,5,1,2,0.012959655374288559,-0.76290208101272583,-0.6139293909072876,1,1,1,0,0,0,0,0,0,1,1,0,1,0,1,0,1,0,1,0,1,1,0,3.9120230674743652,3.9120230674743652,4.6051702499389648,4.6051702499389648,5.0106353759765625
2,1,1,0,0,0,1,1,1,0,1,1,1,0,1,0,1,0,0,0,0,0,20,20,20,20,20,1,1,1,1,1,7a,3,2,5,0.02,74,0,0.29999999999999999,-8,1,1,1,1,1,2,2,2,2,2,479,1,2,20,14,5,-119,1,3,9,4,5,2,7,8,12,6,4,3,4,-18,2,2,2,2,2,6,6,-59,2,3,4,2,3,2,4,3,2,4,2,2,300,320,300,320,300,320,300,320,300,320,2,1,1,1,6,2,3,0.34591656923294067,-1.0142011642456055,-0.11869414150714874,1,0,0,0,0,0,0,0,0,1,0,1,0,1,1,1,0,1,1,0,0,0,0,2.995732307434082,2.995732307434082,2.995732307434082,2.995732307434082,2.995732307434082
1,1,1,0,0,1,0,1,1,0,1,1,1,0,1,1,0,1,1,1,1,1,10,20,30,20,20,1,0,0,1,1,3c,7,3,0,0.02,83,135,1.2,-4,1,1,1,1,1,2,2,2,2,2,479,2,1,18,-71,5,-113,1,4,3,2,5,6,9,7,12,8,2,2,5,-17,2,1,1,3,2,6,7,-27,4,4,4,3,4,3,4,4,2,2,3,3,300,300,310,270,280,300,310,270,280,250,2,1,1,1,6,2,1,-0.60754108428955078,-1.1904468536376953,0.52732753753662109,1,0,0,0,0,0,0,0,0,0,1,0,1,0,1,0,1,1,1,0,0,0,0,2.3025851249694824,2.995732307434082,3.4011974334716797,2.995732307434082,2.995732307434082
1,1,0,0,0,1,0,1,1,0,1,1,0,0,1,1,0,0,0,1,0,0,30,30,30,50,69,0,0,0,0,0,5e,6,3,1,0.02,99999,99999,0.90000000000000002,99999,1,1,1,1,1,1,1,2,2,2,99999,2,2,24,99999,5,99999,1,6,12,2,5,4,8,7,9,3,4,2,4,99999,2,2,3,2,1,6,6,99999,2,3,3,2,4,2,1,3,2,1,2,2,300,330,360,320,270,330,360,320,270,339,3,3,3,1,8,2,1,-0.036881942301988602,-0.99875915050506592,-0.74896013736724854,0,0,0,0,1,1,0,0,0,0,1,1,0,1,0,0,1,0,0,1,2,0,0,3.4011974334716797,3.4011974334716797,3.4011974334716797,3.9120230674743652,4.2341065406799316
2,1,0,0,0,0,0,1,1,0,1,1,0,0,1,0,0,0,0,0,0,0,40,50,50,50,60,1,1,1,0,1,4e,4,1,5,0.02,0,13,0.90000000000000002,0,1,1,1,1,1,2,2,2,2,2,479,1,1,20,8,5,-99,3,4,8,1,9,5,12,6,2,7,4,5,4,-36,2,2,2,2,5,7,6,-59,2,3,3,2,2,1,2,2,2,2,2,3,300,260,210,260,310,260,210,260,310,250,3,3,3,3,6,2,3,1.111513614654541,-0.73123449087142944,-0.75791287422180176,0,0,0,0,1,1,0,0,1,1,0,0,1,0,1,1,0,0,1,1,2,0,0,3.6888794898986816,3.9120230674743652,3.9120230674743652,3.9120230674743652,4.0943446159362793
1,1,0,1,1,0,1,1,1,0,1,1,0,1,0,0,1,1,0,0,0,0,10,10,20,10,10,1,1,0,1,1,2b,5,5,0,0.02,100,111,0,-6,1,1,1,1,1,2,2,2,2,2,478,1,1,24,16,4,-6,4,7,2,5,12,3,1,8,6,9,1,1,1,-13,7,5,7,7,7,5,3,-11,5,5,5,4,5,5,5,4,4,5,3,1,300,280,290,310,300,280,290,310,300,310,3,1,1,1,6,2,1,-1.704315185546875,2.4607291221618652,1.8287532329559326,0,0,0,0,1,0,0,0,1,0,0,1,0,0,1,1,1,1,1,1,0,0,0,2.3025851249694824,2.3025851249694824,2.995732307434082,2.3025851249694824,2.3025851249694824
2,2,1,0,1,1,1,1,1,0,1,1,1,0,0,1,1,1,1,0,0,0,50,50,60,60,75,1,1,1,1,1,3b,10,0,0,0.02,64,183,3,0,1,1,1,2,2,2,2,2,2,2,479,1,1,20,22,5,-94,9,6,8,12,7,2,4,3,5,1,1,1,1,-2,6,5,5,2,2,5,5,-45,2,3,4,4,2,1,2,1,1,2,2,1,300,340,280,220,280,340,280,220,280,355,2,1,1,1,4,0,4,-1.704315185546875,0.40007215738296509,-0.96805399656295776,1,0,0,0,0,0,0,0,0,1,1,0,0,1,1,1,0,1,1,0,0,0,0,3.9120230674743652,3.9120230674743652,4.0943446159362793,4.0943446159362793,4.3174881935119629
2,1,1,1,0,1,1,1,1,0,1,1,1,1,1,1,1,1,1,1,1,1,50,50,50,50,50,1,1,0,1,1,1b,7,3,0,0.02,32,90,1.2,-8,1,1,1,1,2,2,2,2,2,2,479,1,1,21,9,5,-43,6,2,12,5,1,4,3,8,9,7,3,3,3,-26,2,3,2,5,6,6,5,-21,4,3,2,4,3,1,2,1,3,3,4,2,300,340,380,320,360,340,380,320,360,400,2,2,1,1,5,1,3,-0.082295022904872894,0.1984853595495224,0.13269573450088501,1,1,1,1,0,0,0,0,0,0,1,0,0,0,1,1,1,1,1,0,1,1,1,3.9120230674743652,3.9120230674743652,3.9120230674743652,3.9120230674743652,3.9120230674743652
1,2,1,1,0,0,1,1,1,0,1,1,1,1,1,0,1,0,0,1,0,0,10,12,20,22,46,1,0,0,1,0,4b,4,6,0,0.02,22,56,0,-11,1,1,1,1,1,1,1,1,2,2,478,2,1,21,11,5,-36,9,2,4,12,6,7,8,3,5,1,3,4,4,-9,6,3,1,1,3,7,6,-27,1,2,5,4,3,3,1,2,3,4,3,2,300,310,298,268,246,310,298,268,246,200,2,2,1,1,9,2,2,0.39575815200805664,-0.70913130044937134,0.072749167680740356,1,1,1,0,0,0,0,0,0,1,1,1,1,0,1,0,1,1,0,0,1,1,0,2.3025851249694824,2.4849066734313965,2.995732307434082,3.0910425186157227,3.828641414642334
1,2,0,0,0,1,1,1,1,0,1,1,0,0,1,1,1,0,0,0,0,0,50,50,100,50,150,1,1,1,1,1,4f,10,0,0,0.02,107,16,3,0,1,1,1,1,2,2,2,2,2,2,479,1,1,20,21,5,-14,9,12,8,1,5,6,7,3,4,2,3,3,3,-6,3,3,3,5,5,5,4,-25,4,4,4,2,4,3,3,3,5,4,4,3,300,250,200,300,350,250,200,300,350,500,3,3,3,1,5,1,2,-0.082295022904872894,0.52039635181427002,1.244680643081665,0,0,0,0,1,1,0,0,1,1,0,0,0,1,1,1,0,1,1,1,2,0,0,3.9120230674743652,3.9120230674743652,4.6051702499389648,3.9120230674743652,5.0106353759765625
2,2,0,1,1,1,1,1,1,0,1,1,0,1,0,1,1,1,1,1,1,1,50,60,70,55,200,0,1,1,1,1,4d,5,5,0,0.02,123,111,0,-3,1,1,1,1,2,2,2,2,2,2,480,2,1,19,23,4,-7,9,8,12,4,5,6,7,2,1,3,4,4,2,-8,2,5,3,5,2,7,7,-12,2,2,1,2,1,2,1,1,4,1,2,2,300,340,390,310,355,340,390,310,355,545,3,1,1,1,5,1,4,0.53820574283599854,-0.22565819323062897,-0.97564733028411865,0,0,0,0,1,0,0,0,0,0,1,0,0,0,0,1,0,1,1,1,0,0,0,3.9120230674743652,4.0943446159362793,4.2484951019287109,4.0073332786560059,5.2983174324035645
2,2,1,0,1,1,1,1,1,0,1,1,1,0,0,1,1,0,1,0,0,0,100,100,100,50,100,1,1,1,0,0,3f,9,1,0,0.02,73,97,2.3999999999999999,-1,1,1,1,1,2,2,2,2,2,2,478,2,1,19,18,5,-45,9,7,6,12,2,5,3,8,1,4,1,2,4,-9,2,1,1,2,1,6,6,-14,3,2,4,1,4,1,2,1,1,1,2,1,300,400,290,190,140,400,290,190,140,40,2,1,1,1,5,1,4,-1.0357526540756226,-1.3907670974731445,-1.2805424928665161,1,0,0,0,0,0,0,0,0,1,1,1,1,0,1,1,0,0,0,0,0,0,0,4.6051702499389648,4.6051702499389648,4.6051702499389648,3.9120230674743652,4.6051702499389648
1,2,0,0,0,1,1,1,1,0,1,1,0,0,1,1,1,0,0,0,0,0,10,10,10,10,10,1,1,1,0,0,5c,6,3,1,0.02,99999,99999,0.90000000000000002,99999,1,1,1,1,2,2,2,2,2,2,99999,2,3,21,99999,5,99999,1,6,2,8,5,3,7,9,12,4,2,2,2,99999,2,5,2,5,6,6,6,99999,3,4,4,4,5,2,3,2,3,2,4,1,300,290,280,290,280,290,280,290,280,270,3,3,3,1,5,1,2,-0.89330512285232544,0.32399970293045044,0.366374671459198,0,0,0,0,1,1,0,0,1,1,0,1,1,0,1,1,0,0,0,1,2,0,0,2.3025851249694824,2.3025851249694824,2.3025851249694824,2.3025851249694824,2.3025851249694824
1,2,0,1,0,0,0,1,1,0,1,1,0,1,1,0,0,0,0,0,0,0,20,40,30,100,100,0,0,0,1,0,2e,6,4,0,0.02,17,11,0.59999999999999998,0,1,1,1,1,1,2,2,2,2,2,479,2,1,19,3,2,-28,12,1,9,4,8,2,5,3,7,6,4,4,4,-34,6,6,2,2,3,6,6,-25,2,4,5,3,4,4,4,4,3,2,4,2,300,320,280,250,150,320,280,250,150,250,3,1,1,1,6,2,2,0.72871506214141846,0.024103431031107903,0.68940126895904541,0,0,0,0,1,0,0,0,0,1,1,1,0,0,0,0,1,1,0,1,0,0,0,2.995732307434082,3.6888794898986816,3.4011974334716797,4.6051702499389648,4.6051702499389648
1,2,1,0,1,1,1,0,1,1,1,1,0,0,1,1,1,0,0,0,0,0,40,40,15,15,25,0,1,1,1,0,4f,4,1,5,0.02,63,0,0.90000000000000002,-4,1,1,1,1,1,1,1,2,2,2,476,2,3,21,-10,3,18,6,2,1,3,4,12,7,8,9,5,3,3,1,-2,7,7,4,4,4,4,4,-4,3,3,3,3,3,3,3,3,3,3,3,3,300,340,300,315,330,340,300,315,330,305,2,1,1,1,8,2,2,-0.2728043794631958,1.3737887144088745,0.36903110146522522,0,0,0,0,1,1,0,0,0,1,0,0,1,0,1,1,1,1,0,1,2,0,0,3.6888794898986816,3.6888794898986816,2.7080502510070801,2.7080502510070801,3.2188758850097656
2,2,1,1,1,1,1,0,1,1,1,1,0,1,1,1,1,0,0,0,1,1,15,20,75,70,100,0,0,1,1,0,1a,6,4,0,0.02,42,95,0.59999999999999998,-1,1,1,1,1,1,1,1,1,2,2,479,2,1,18,20,5,-18,6,2,4,9,12,7,1,5,8,3,1,2,1,0,6,2,2,2,2,6,4,-14,1,3,2,3,2,1,2,2,1,2,3,1,300,315,295,370,430,315,295,370,430,320,2,2,2,2,9,2,4,-1.321516752243042,-0.35259184241294861,-1.0374000072479248,0,0,0,0,1,0,0,0,0,1,0,0,1,0,1,0,1,1,0,1,0,0,0,2.7080502510070801,2.995732307434082,4.3174881935119629,4.2484951019287109,4.6051702499389648
2,1,0,1,0,0,0,0,1,1,1,1,1,1,0,0,0,0,0,0,0,0,51,50,100,200,100,1,0,0,0,0,2d,9,1,0,0.02,101,91,2.3999999999999999,-114,1,1,1,1,2,2,2,2,2,2,479,1,4,23,17,5,-56,3,7,6,1,5,4,8,9,12,2,4,4,2,-21,2,2,2,2,2,7,6,-23,3,4,3,2,3,3,4,1,2,3,2,1,300,351,301,401,601,351,301,401,601,701,3,1,1,1,5,1,3,0.53820574283599854,-1.1082342863082886,-0.26620808243751526,1,1,0,0,0,0,0,0,0,1,0,0,0,0,0,0,0,0,0,0,1,0,0,3.9318256378173828,3.9120230674743652,4.6051702499389648,5.2983174324035645,4.6051702499389648
2,1,0,0,0,1,1,0,1,1,1,1,1,0,0,1,1,0,0,0,0,0,40,30,30,20,30,0,0,0,1,0,3e,6,4,0,0.02,1,47,0.59999999999999998,-6,1,1,1,1,1,1,1,2,2,2,479,2,2,20,13,4,-37,1,5,4,2,12,6,3,7,9,8,4,4,3,-10,2,1,1,1,2,7,6,-30,3,4,4,2,4,2,4,1,2,2,1,1,300,260,290,320,340,260,290,320,340,310,3,3,3,1,8,2,3,0.6334604024887085,-1.527854323387146,-0.56263554096221924,1,0,0,0,0,0,0,0,1,0,0,0,1,0,1,0,0,1,0,0,0,0,0,3.6888794898986816,3.4011974334716797,3.4011974334716797,2.995732307434082,3.4011974334716797
1,2,1,0,0,1,1,0,1,1,1,1,0,0,0,1,1,0,1,0,0,0,15,15,10,100,150,1,1,1,0,0,3a,8,2,0,0.02,94,69,1.8,0,1,1,1,1,1,2,2,2,2,2,480,2,1,19,-25,4,-29,6,4,12,3,2,1,7,5,9,8,1,4,5,-16,6,5,1,2,5,7,7,-30,3,4,4,4,4,2,5,4,4,5,4,4,300,285,260,250,150,285,260,250,150,0,2,1,1,1,6,2,2,-0.17490097880363464,-0.16356299817562103,1.5316601991653442,0,0,0,0,1,1,1,0,1,1,1,1,1,0,0,1,1,0,0,1,2,2,0,2.7080502510070801,2.7080502510070801,2.3025851249694824,4.6051702499389648,5.0106353759765625
1,2,1,1,1,1,0,0,1,1,1,1,0,1,1,1,0,0,0,0,0,0,50,50,50,50,100,1,1,1,1,1,6e,0,0,10,0.02,0,0,0,-2,1,1,1,1,1,1,1,1,1,2,479,1,1,18,19,5,-155,7,9,12,8,5,4,6,1,2,3,2,5,3,-40,2,1,1,3,4,6,7,-54,3,4,2,3,4,2,4,3,2,4,3,2,300,250,300,350,400,250,300,350,400,300,2,2,2,2,10,2,2,0.35034507513046265,-0.93911373615264893,0.32401150465011597,0,0,0,0,1,0,0,0,1,0,0,0,1,1,0,1,1,1,1,1,0,0,0,3.9120230674743652,3.9120230674743652,3.9120230674743652,3.9120230674743652,4.6051702499389648
2,1,0,0,1,0,1,0,1,1,1,1,1,0,1,0,1,0,0,1,0,1,30,20,50,30,80,0,1,1,0,1,7a,10,0,0,0.02,58,43,3,-2,1,1,1,2,2,2,2,2,2,2,479,2,2,20,15,5,-56,8,7,3,12,5,6,1,4,9,2,4,4,3,-23,5,6,5,5,5,6,6,-43,5,5,2,5,4,3,5,1,4,3,5,2,300,270,250,290,320,270,250,290,320,390,3,3,1,1,4,0,3,0.6334604024887085,1.0865559577941895,1.3673993349075317,1,0,0,0,0,0,0,0,1,1,0,0,0,0,1,1,1,0,1,0,0,0,0,3.4011974334716797,2.995732307434082,3.9120230674743652,3.4011974334716797,4.3820266723632812
2,1,1,1,0,0,0,0,1,1,1,1,0,1,0,0,0,1,1,1,1,1,90,80,80,50,90,0,1,1,1,0,2a,7,3,0,0.02,50,117,1.2,-1,1,1,1,1,1,2,2,2,2,2,479,2,1,19,10,3,-55,6,2,3,8,5,9,4,12,1,7,4,5,4,-1,5,3,3,5,6,5,5,-19,3,4,2,1,2,2,1,2,2,2,3,2,300,380,450,360,300,380,450,360,300,380,2,2,1,1,6,2,3,1.111513614654541,0.78873330354690552,-0.60450983047485352,0,0,0,0,1,0,0,0,0,0,1,1,0,0,1,1,1,1,0,1,0,0,0,4.499809741973877,4.3820266723632812,4.3820266723632812,3.9120230674743652,4.499809741973877
1,2,1,0,1,1,1,0,1,1,1,1,0,0,1,1,1,0,0,0,0,0,50,88,62,174,299,1,1,1,1,1,5c,9,1,0,0.02,99999,99999,2.3999999999999999,99999,1,1,1,1,2,2,2,2,2,2,99999,1,1,22,99999,5,99999,3,4,7,5,12,6,1,8,2,9,3,3,4,99999,3,2,4,4,2,6,6,99999,4,4,5,4,5,3,4,4,3,3,2,3,300,250,162,224,398,250,162,224,398,697,2,1,1,1,5,1,2,0.012959655374288559,-0.27617362141609192,0.91311836242675781,0,0,0,0,1,1,0,0,1,1,0,0,0,1,0,1,1,1,1,1,2,0,0,3.9120230674743652,4.4773368835449219,4.1271343231201172,5.159055233001709,5.7004437446594238
1,1,1,0,1,1,0,0,1,1,1,1,0,0,1,1,0,0,0,0,1,1,30,30,40,50,80,1,1,0,1,1,5e,0,0,10,0.02,0,0,0,99999,1,1,1,1,1,1,2,2,2,2,99999,2,1,20,99999,3,99999,9,8,3,4,1,5,2,12,7,6,4,4,4,99999,3,5,3,5,3,4,3,99999,3,3,3,3,4,4,4,3,3,4,3,2,300,270,240,200,240,270,240,200,240,150,2,1,1,1,7,2,1,0.72871506214141846,0.67674493789672852,0.6597210168838501,0,0,0,0,1,1,0,0,1,1,1,0,1,0,0,1,0,1,1,1,2,0,0,3.4011974334716797,3.4011974334716797,3.6888794898986816,3.9120230674743652,4.3820266723632812
1,1,0,1,1,1,0,0,1,1,1,1,1,1,1,1,0,0,0,0,0,0,10,10,10,10,10,1,1,1,1,1,1c,10,0,0,0.02,77,172,3,-2,1,1,1,1,2,2,2,2,2,2,479,1,1,18,20,5,-45,1,2,6,4,12,8,7,5,3,9,5,5,2,-39,1,6,7,7,7,2,6,-18,1,5,4,5,2,1,5,5,1,2,3,1,300,310,320,330,340,310,320,330,340,330,3,1,1,1,5,1,1,1.2539610862731934,1.8602051734924316,-0.077205456793308258,1,1,1,1,0,0,0,0,0,0,0,0,1,1,0,1,1,1,1,0,1,1,1,2.3025851249694824,2.3025851249694824,2.3025851249694824,2.3025851249694824,2.3025851249694824
2,2,0,0,0,1,0,0,1,1,1,1,1,0,0,1,0,0,0,0,0,0,20,40,120,100,250,1,1,1,1,1,5b,8,2,0,0.02,99999,99999,1.8,99999,1,1,1,1,1,2,2,2,2,2,99999,1,2,22,99999,5,99999,5,3,4,1,6,2,7,8,9,12,4,2,4,99999,3,4,4,4,4,4,4,99999,3,3,3,3,3,3,3,3,3,3,3,3,300,320,280,160,260,320,280,160,260,10,3,3,3,1,6,2,4,-0.036881942301988602,0.57094144821166992,0.36903110146522522,1,0,0,0,0,0,0,0,0,1,1,0,1,1,0,1,1,1,1,0,0,0,0,2.995732307434082,3.6888794898986816,4.7874917984008789,4.6051702499389648,5.521461009979248
1,2,1,1,1,0,0,0,1,1,1,1,0,1,1,0,0,0,0,0,0,0,60,60,75,125,125,1,1,1,1,1,2e,8,2,0,0.02,7,8,1.8,1,1,1,1,1,2,2,2,2,2,2,479,1,2,21,14,4,-66,4,7,9,5,1,6,3,8,2,12,1,1,1,-10,7,5,2,3,2,7,6,-21,2,2,4,2,3,2,2,1,2,2,1,1,300,240,300,375,250,240,300,375,250,125,2,2,2,1,5,1,2,-1.704315185546875,-0.018297431990504265,-1.0812602043151855,0,0,0,0,1,0,0,0,1,0,0,1,1,1,0,1,1,1,1,1,0,0,0,4.0943446159362793,4.0943446159362793,4.3174881935119629,4.8283138275146484,4.8283138275146484
1,1,1,1,0,0,1,0,1,1,1,1,0,1,0,0,1,0,0,0,0,0,10,20,30,20,40,1,1,1,1,1,2b,5,0,5,0.02,0,81,1.5,-5,1,1,1,1,1,2,2,2,2,2,475,1,4,22,16,5,-14,8,7,1,9,3,6,2,12,5,4,3,3,3,-4,3,6,1,1,2,6,7,-33,2,3,2,3,2,2,2,2,2,2,2,2,300,290,310,280,260,290,310,280,260,300,2,2,1,1,6,2,1,-0.082295022904872894,-0.86056596040725708,-0.69839054346084595,0,0,0,0,1,0,0,0,1,0,1,1,0,1,0,1,1,1,1,1,0,0,0,2.3025851249694824,2.995732307434082,3.4011974334716797,2.995732307434082,3.6888794898986816
2,2,1,1,1,0,0,0,1,1,1,1,0,1,1,0,0,1,1,1,1,1,30,60,30,40,40,0,1,1,0,1,7c,9,1,0,0.02,112,136,2.3999999999999999,-8,1,1,1,1,1,1,1,1,2,2,479,2,2,19,9,5,-38,7,3,4,12,5,9,8,1,6,2,3,3,5,-11,2,2,2,5,5,7,7,-30,3,5,5,4,4,2,4,1,3,3,5,2,300,320,370,390,420,320,370,390,420,370,2,2,2,1,9,2,4,0.10821433365345001,-0.31913933157920837,0.84079569578170776,0,0,0,0,1,0,0,0,0,0,0,0,1,0,1,1,1,0,1,1,0,0,0,3.4011974334716797,4.0943446159362793,3.4011974334716797,3.6888794898986816,3.6888794898986816
2,1,0,1,1,1,1,0,1,1,1,1,1,1,1,1,1,0,0,1,1,1,20,60,100,160,200,1,1,1,0,1,1b,8,2,0,0.02,57,154,1.8,1,1,1,1,1,2,2,2,2,2,2,479,1,1,22,20,5,-166,4,2,3,12,9,6,7,1,5,8,5,5,5,-2,6,6,2,2,5,7,7,-13,3,4,4,3,4,2,2,1,1,1,1,1,300,320,380,470,300,320,380,470,300,490,3,1,1,1,5,1,3,1.5397251844406128,0.087336353957653046,-0.91736006736755371,1,1,1,1,0,0,0,0,0,0,0,1,0,0,0,1,1,0,1,0,1,1,1,2.995732307434082,4.0943446159362793,4.6051702499389648,5.0751738548278809,5.2983174324035645
1,2,0,1,1,1,1,0,1,1,1,1,1,1,1,1,1,0,0,0,0,0,30,30,40,80,80,1,0,0,0,1,4c,6,1,3,0.02,0,1,1.5,-1,1,1,1,1,1,1,1,2,2,2,479,1,1,18,-20,5,-77,6,7,9,4,5,12,1,8,3,2,3,3,2,-61,1,1,1,1,1,7,7,-44,2,3,4,1,1,3,5,4,3,4,2,2,300,330,300,260,180,330,300,260,180,260,3,1,1,1,8,2,2,-0.17754970490932465,-1.8659569025039673,0.073484599590301514,1,1,1,1,0,0,0,0,0,1,1,1,0,0,0,0,0,0,1,0,1,1,1,3.4011974334716797,3.4011974334716797,3.6888794898986816,4.3820266723632812,4.3820266723632812
2,1,0,0,0,1,1,0,1,1,1,1,1,0,0,1,1,0,0,0,0,0,60,60,80,90,40,1,0,0,1,0,5d,9,1,0,0.02,99999,99999,2.3999999999999999,99999,1,1,1,1,1,1,2,2,2,2,99999,2,1,19,99999,4,99999,2,12,3,5,8,7,6,9,4,1,4,2,2,99999,5,3,2,2,2,6,6,99999,3,4,4,4,4,4,4,4,1,1,1,1,300,360,420,500,590,360,420,500,590,550,3,3,3,1,7,2,3,-0.22739130258560181,-0.54930412769317627,-0.21111050248146057,1,0,0,0,0,0,0,0,0,0,0,0,1,0,0,0,0,1,0,0,0,0,0,4.0943446159362793,4.0943446159362793,4.3820266723632812,4.499809741973877,3.6888794898986816
1,1,1,1,1,1,0,0,1,1,1,1,0,1,1,1,0,0,0,0,0,0,10,10,10,10,10,1,1,1,1,1,4a,9,1,0,0.02,49,22,2.3999999999999999,-3,1,1,1,1,1,1,1,2,2,2,479,2,3,21,-9,4,-147,9,5,12,4,1,3,7,8,6,2,2,2,2,-27,5,3,4,4,5,5,3,-35,3,2,1,2,1,3,1,2,2,2,2,2,300,290,300,310,320,290,300,310,320,310,2,2,2,2,8,2,1,-0.89330512285232544,0.82358884811401367,-0.87005531787872314,0,0,0,0,1,0,0,0,1,0,0,0,1,1,0,1,1,1,1,1,0,0,0,2.3025851249694824,2.3025851249694824,2.3025851249694824,2.3025851249694824,2.3025851249694824
2,2,1,1,0,1,1,0,1,1,1,1,0,1,0,1,1,0,0,0,0,0,100,100,150,50,50,0,0,0,0,0,4d,9,1,0,0.02,15,96,2.3999999999999999,0,1,1,2,2,2,2,2,2,2,2,480,1,2,20,24,5,-24,5,2,7,4,12,6,8,1,3,9,4,4,5,0,1,1,1,1,4,7,7,-14,2,2,2,2,2,2,4,2,2,2,2,2,300,400,300,450,400,400,300,450,400,350,2,2,1,1,3,-1,4,0.82396978139877319,-1.4889571666717529,-0.76761716604232788,0,0,0,0,1,0,0,0,0,1,0,1,1,1,1,0,0,0,0,1,0,0,0,4.6051702499389648,4.6051702499389648,5.0106353759765625,3.9120230674743652,3.9120230674743652
2,2,0,1,0,1,0,0,1,1,1,1,1,1,0,1,0,0,0,0,0,1,20,50,55,100,250,1,1,0,0,1,6b,3,7,0,0.02,15,74,0,0,1,1,1,1,1,1,2,2,2,2,480,2,2,21,20,4,-2,2,4,3,1,5,12,6,8,9,7,4,4,4,-7,5,6,3,3,4,7,5,-27,3,3,2,3,4,3,1,4,4,3,4,2,300,320,370,425,325,320,370,425,325,65,3,1,1,1,7,2,4,0.72871506214141846,0.34126472473144531,0.5617174506187439,1,1,0,0,0,0,0,0,0,0,0,1,1,0,0,1,0,0,1,0,1,0,0,2.995732307434082,3.9120230674743652,4.0073332786560059,4.6051702499389648,5.521461009979248
2,2,0,0,0,1,1,0,1,1,1,1,1,0,0,1,1,0,0,0,0,0,75,70,50,50,60,1,1,0,0,1,3b,5,4,1,0.02,128,104,0.29999999999999999,-12,1,1,1,1,1,1,2,2,2,2,479,2,1,17,2,5,-159,8,9,2,5,7,6,3,12,1,4,3,2,2,-17,3,2,7,5,7,7,7,-27,5,5,5,5,5,4,5,5,5,4,5,5,300,375,305,355,305,375,305,355,305,365,3,3,3,1,7,2,4,-0.56034821271896362,0.75610560178756714,2.6561028957366943,1,0,0,0,0,0,0,0,0,1,0,1,0,0,0,1,0,0,1,0,0,0,0,4.3174881935119629,4.2484951019287109,3.9120230674743652,3.9120230674743652,4.0943446159362793
1,1,1,0,1,0,1,0,1,1,1,1,0,0,1,0,1,0,0,0,0,0,25,25,25,25,25,0,0,0,0,0,6d,9,0,1,0.02,43,1,2.7000000000000002,-4,1,1,1,1,1,1,1,1,2,2,479,1,2,18,-3,4,-31,9,2,5,7,4,6,1,3,12,8,4,4,5,1,5,5,2,3,6,7,6,-14,5,5,5,4,5,4,5,4,3,5,5,4,300,325,350,325,350,325,350,325,350,325,2,1,1,1,9,2,1,0.82396978139877319,0.24763135612010956,2.1700716018676758,0,0,0,0,1,1,0,0,0,0,1,0,1,1,1,0,0,0,0,1,2,0,0,3.2188758850097656,3.2188758850097656,3.2188758850097656,3.2188758850097656,3.2188758850097656
1,1,1,1,0,1,0,0,1,1,1,1,0,1,0,1,0,0,0,0,0,0,10,15,20,15,25,0,1,1,1,1,5a,7,3,0,0.02,99999,99999,1.2,99999,1,1,1,1,1,1,1,1,2,2,99999,2,3,22,99999,4,99999,9,2,6,4,1,3,5,8,12,7,2,2,2,99999,3,3,3,4,5,6,5,99999,3,2,3,2,3,2,3,2,2,2,2,2,300,310,325,305,320,310,325,305,320,295,2,2,1,1,9,2,1,-0.89330512285232544,0.16357538104057312,-0.60915577411651611,0,0,0,0,1,0,0,0,0,0,1,0,1,0,1,1,1,1,1,1,0,0,0,2.3025851249694824,2.7080502510070801,2.995732307434082,2.7080502510070801,3.2188758850097656
1,1,0,1,1,0,1,0,1,1,1,1,1,1,1,0,1,0,0,0,0,0,10,10,14,20,10,0,1,1,1,0,2f,6,3,1,0.02,51,99,0.90000000000000002,-3,1,1,1,1,1,1,1,1,1,1,479,2,1,20,16,4,-19,5,2,12,9,7,6,4,3,1,8,1,3,1,-17,2,2,2,2,2,5,6,-23,4,4,4,4,4,4,4,2,2,2,3,3,300,290,300,314,294,290,300,314,294,284,3,1,1,1,11,2,1,-0.93871819972991943,-0.92016810178756714,0.57184076309204102,1,1,1,0,0,0,0,0,1,0,0,1,1,0,1,1,1,1,0,0,1,1,0,2.3025851249694824,2.3025851249694824,2.6390573978424072,2.995732307434082,2.3025851249694824
1,1,0,0,1,1,0,0,1,1,1,1,1,0,1,1,0,0,0,0,0,0,75,75,75,10,10,1,1,1,1,1,3c,10,0,0,0.02,5,91,3,0,1,1,1,1,1,1,1,2,2,2,479,1,1,21,16,5,-50,1,5,2,6,12,8,3,7,4,9,1,1,1,-7,1,1,1,1,1,6,6,-18,2,2,5,2,1,1,1,1,1,3,1,1,300,375,300,375,385,375,300,375,385,375,3,3,1,1,8,2,1,-1.704315185546875,-1.6778566837310791,-1.3708791732788086,1,0,0,0,0,0,0,0,0,1,0,0,1,1,0,1,1,1,1,0,0,0,0,4.3174881935119629,4.3174881935119629,4.3174881935119629,2.3025851249694824,2.3025851249694824
2,1,1,0,0,1,0,0,0,1,0,1,0,1,0,0,0,0,0,0,0,0,50,100,50,100,200,1,1,1,1,1,2a,8,2,0,0.02,9,160,1.8,-4,1,1,1,1,1,2,2,2,2,2,479,1,1,19,8,5,-27,1,3,2,5,12,7,4,9,8,6,2,2,2,-5,3,2,2,2,2,5,4,-11,4,4,4,3,2,2,1,3,2,2,1,2,300,250,350,300,200,250,350,300,200,0,2,1,1,1,6,2,3,-0.89330512285232544,-0.61366504430770874,-0.42103993892669678,0,0,0,0,1,0,0,0,1,0,1,1,1,1,0,0,1,0,1,1,0,0,0,3.9120230674743652,4.6051702499389648,3.9120230674743652,4.6051702499389648,5.2983174324035645
1,1,0,0,1,1,1,0,0,1,0,1,1,1,1,0,1,1,1,1,0,0,50,70,50,50,100,0,0,0,0,0,2f,7,3,0,0.02,39,56,1.2,-1,1,1,1,1,1,2,2,2,2,2,479,1,1,22,12,5,-65,2,8,1,3,5,12,4,7,9,6,3,3,2,-30,5,5,4,3,3,5,4,-52,3,4,3,2,2,3,3,2,4,4,3,2,300,240,160,100,150,240,160,100,150,50,3,3,1,1,6,2,1,-0.17754970490932465,0.52904927730560303,0.43411770462989807,1,1,1,0,0,0,0,0,1,1,1,0,1,1,1,1,0,1,0,0,1,1,0,3.9120230674743652,4.2484951019287109,3.9120230674743652,3.9120230674743652,4.6051702499389648
1,2,1,1,0,0,1,0,0,1,0,1,0,0,0,1,1,0,1,0,1,0,20,20,30,10,10,1,0,1,0,1,3a,7,3,0,0.02,85,12,1.2,0,1,1,1,1,1,1,1,1,2,2,480,1,1,18,-22,5,-75,9,8,5,12,4,6,1,3,7,2,3,4,4,-46,4,3,2,5,5,5,6,-26,3,4,3,2,3,1,2,3,4,4,4,3,300,280,290,260,240,280,290,260,240,250,2,2,1,1,9,2,2,0.39575815200805664,0.30952221155166626,0.56051266193389893,0,0,0,0,1,1,1,0,1,0,1,1,0,0,0,1,1,1,1,1,2,2,0,2.995732307434082,2.995732307434082,3.4011974334716797,2.3025851249694824,2.3025851249694824
2,1,0,1,0,0,1,0,0,1,0,1,1,0,0,1,1,0,0,0,0,0,60,70,60,60,170,1,1,1,0,1,3e,10,0,0,0.02,23,122,3,-1,1,1,1,1,1,1,1,2,2,2,479,1,1,21,21,5,-26,9,1,3,4,5,6,2,8,12,7,3,4,5,-21,7,6,6,7,6,6,4,-17,4,4,5,3,5,5,5,3,4,3,2,3,300,360,290,230,170,360,290,230,170,340,3,1,1,1,8,2,3,0.49101284146308899,2.1156444549560547,1.1847366094589233,1,0,0,0,0,0,0,0,0,1,1,1,0,0,0,0,1,1,1,0,0,0,0,4.0943446159362793,4.2484951019287109,4.0943446159362793,4.0943446159362793,5.135798454284668
2,2,0,0,0,0,0,0,0,1,0,1,1,1,0,1,0,1,0,0,0,0,20,20,30,20,20,0,1,0,0,0,6b,7,3,0,0.02,3,0,1.2,-7,1,1,1,1,1,1,2,2,2,2,480,2,2,19,16,4,-15,8,2,12,3,7,4,6,9,5,1,2,2,4,-3,2,2,5,5,5,6,5,-24,4,4,2,5,4,4,3,4,4,4,4,4,300,270,290,320,300,270,290,320,300,320,3,3,3,3,7,2,4,-0.70279574394226074,0.38635385036468506,1.5801887512207031,1,1,0,0,0,0,0,0,1,0,0,1,0,0,1,0,0,1,0,0,1,0,0,2.995732307434082,2.995732307434082,3.4011974334716797,2.995732307434082,2.995732307434082
2,2,1,0,1,1,0,0,0,1,0,1,0,1,1,0,0,1,0,0,0,0,100,50,10,10,10,0,0,0,0,0,7c,9,1,0,0.02,38,52,2.3999999999999999,-1,1,1,1,1,1,1,1,2,2,2,479,1,3,23,9,5,-136,1,4,12,9,5,6,3,8,7,2,5,5,5,-3,2,6,1,2,1,7,7,-19,3,3,5,1,4,1,3,1,2,2,1,1,300,390,340,330,340,390,340,330,340,350,2,1,1,1,8,2,4,1.5397251844406128,-1.0299135446548462,-0.8961600661277771,0,0,0,0,1,0,0,0,0,1,1,0,0,1,1,1,0,1,0,1,0,0,0,4.6051702499389648,3.9120230674743652,2.3025851249694824,2.3025851249694824,2.3025851249694824
1,2,0,0,1,0,1,0,0,1,0,1,1,1,1,1,1,0,0,0,0,0,60,100,100,200,100,1,1,0,1,0,4c,9,1,0,0.02,11,108,2.3999999999999999,-2,1,1,1,1,2,2,2,2,2,2,479,1,2,21,23,5,-30,7,3,8,12,1,4,9,6,2,5,2,2,4,-5,2,2,2,2,2,7,7,-19,3,4,5,3,4,3,4,3,1,2,1,1,300,360,460,360,560,360,460,360,560,460,3,3,1,1,5,1,2,-0.70279574394226074,-1.2023013830184937,-0.30880391597747803,1,1,1,1,0,0,0,0,0,0,1,0,1,0,0,0,0,0,0,0,1,1,1,4.0943446159362793,4.6051702499389648,4.6051702499389648,5.2983174324035645,4.6051702499389648
2,2,0,1,0,0,0,0,0,1,0,1,1,0,0,1,0,0,1,1,0,0,50,80,120,120,310,0,0,1,1,1,5b,6,4,0,0.02,99999,99999,0.59999999999999998,99999,1,1,1,1,1,2,2,2,2,2,99999,1,3,23,99999,4,99999,12,1,5,8,3,2,7,6,9,4,3,3,5,99999,5,4,4,5,5,4,5,99999,4,3,3,3,3,4,2,3,4,3,4,3,300,250,320,190,310,250,320,190,310,0,3,1,1,1,6,2,4,0.10821433365345001,1.0079991817474365,0.84736073017120361,1,0,0,0,0,0,0,0,1,0,1,0,1,0,1,1,1,0,1,0,0,0,0,3.9120230674743652,4.3820266723632812,4.7874917984008789,4.7874917984008789,5.736572265625
2,2,0,1,0,0,1,0,0,1,0,1,1,0,0,1,1,0,0,0,0,0,75,125,150,200,150,1,0,0,1,0,3b,10,0,0,0.02,10,84,3,-6,1,1,1,1,1,1,1,2,2,2,479,1,3,21,17,4,-88,5,2,1,4,3,8,7,12,9,6,2,3,2,-17,3,2,3,2,2,6,6,-16,2,3,4,2,3,2,3,1,2,2,3,1,300,375,500,650,850,375,500,650,850,700,3,1,1,1,8,2,4,-0.51050662994384766,-0.75472378730773926,-0.60004425048828125,1,0,0,0,0,0,0,0,0,0,0,0,1,0,0,1,0,0,0,0,0,0,0,4.3174881935119629,4.8283138275146484,5.0106353759765625,5.2983174324035645,5.0106353759765625
1,1,0,1,1,0,0,0,0,1,0,1,1,0,1,1,0,0,0,0,0,0,30,30,30,30,30,0,0,0,0,0,3c,9,1,0,0.02,68,73,2.3999999999999999,-6,1,1,1,1,1,1,1,2,2,2,478,2,6,21,6,5,-24,1,4,8,6,9,2,7,12,3,5,3,3,2,-10,3,3,3,2,5,6,6,-28,2,4,1,1,4,1,3,1,1,1,1,1,300,270,300,270,240,270,300,270,240,270,3,1,1,1,8,2,1,-0.17754970490932465,-0.26793333888053894,-1.4172748327255249,1,0,0,0,0,0,0,0,1,0,1,1,0,1,1,1,0,1,0,0,0,0,0,3.4011974334716797,3.4011974334716797,3.4011974334716797,3.4011974334716797,3.4011974334716797
1,2,1,0,1,1,0,0,0,1,0,1,0,1,1,0,0,0,0,0,0,0,50,100,50,70,120,1,1,1,0,0,2e,7,3,0,0.02,10,6,1.2,0,1,1,1,1,2,2,2,2,2,2,479,1,1,20,24,5,-40,2,6,5,12,9,3,7,8,1,4,5,5,5,-7,5,3,5,4,5,6,6,-7,3,3,4,2,2,2,3,1,3,2,2,2,300,250,350,400,470,250,350,400,470,590,2,1,1,1,5,1,2,1.5397251844406128,0.5884629487991333,-0.43854841589927673,0,0,0,0,1,0,0,0,1,0,0,0,0,0,0,0,1,1,0,1,0,0,0,3.9120230674743652,4.6051702499389648,3.9120230674743652,4.2484951019287109,4.7874917984008789
2,1,0,1,1,1,1,0,0,1,0,1,1,0,1,0,1,0,1,1,0,1,30,70,80,60,30,1,0,1,1,1,7a,7,1,2,0.02,60,110,1.8,-2,1,1,1,1,1,1,2,2,2,2,479,2,1,23,18,3,-28,4,7,6,12,1,3,9,2,8,5,3,5,2,-13,2,6,2,2,6,5,2,-28,2,4,3,1,4,1,3,2,2,2,2,1,300,330,390,460,400,330,390,460,400,420,3,1,1,1,7,2,3,0.5880473256111145,0.39792981743812561,-0.76049250364303589,1,0,0,0,0,0,0,0,0,0,0,1,0,0,0,1,1,0,1,0,0,0,0,3.4011974334716797,4.2484951019287109,4.3820266723632812,4.0943446159362793,3.4011974334716797
1,1,1,1,1,1,1,0,0,1,0,1,0,0,1,0,1,1,0,0,0,0,10,20,15,20,10,0,0,1,1,1,6d,10,0,0,0.02,20,88,3,-4,1,1,1,1,1,1,1,2,2,2,479,1,4,21,10,5,-44,7,2,6,1,3,12,8,5,9,4,4,1,5,-29,1,1,1,2,6,6,6,-37,3,3,4,3,4,2,4,4,3,2,2,1,300,300,320,335,315,300,320,335,315,325,2,2,2,2,8,2,1,-0.32442578673362732,-0.88080298900604248,0.016278928145766258,0,0,0,0,1,1,0,0,0,0,0,1,0,0,1,1,1,0,1,1,2,0,0,2.3025851249694824,2.995732307434082,2.7080502510070801,2.995732307434082,2.3025851249694824
2,1,0,1,0,0,1,0,0,1,0,1,1,0,0,1,1,1,0,0,0,0,100,60,50,100,50,0,0,1,1,0,5d,5,0,5,0.02,0,99999,1.5,99999,1,1,1,1,1,1,1,2,2,2,99999,1,3,25,99999,4,99999,9,8,5,7,1,6,3,4,12,2,4,2,1,99999,6,3,3,6,7,2,3,99999,5,5,2,5,4,4,4,4,5,5,4,4,300,190,250,200,300,190,250,200,300,250,3,1,1,1,8,2,3,-0.32264599204063416,1.6717228889465332,2.1814920902252197,1,0,0,0,0,0,0,0,1,0,1,0,1,0,1,1,1,0,0,0,0,0,0,4.6051702499389648,4.0943446159362793,3.9120230674743652,4.6051702499389648,3.9120230674743652
1,1,1,0,1,0,0,0,0,1,0,1,0,1,1,1,0,0,0,0,0,0,20,40,40,40,100,1,1,0,1,1,4a,4,1,5,0.02,0,5,0.90000000000000002,0,1,1,1,1,1,1,1,1,1,1,472,1,1,22,-2,5,-96,12,8,5,7,3,6,4,2,9,1,2,4,4,-19,2,2,2,3,4,6,7,-49,3,3,3,3,3,3,3,2,2,2,2,1,300,280,320,280,320,280,320,280,320,220,2,1,1,1,11,2,1,0.062801256775856018,-0.68821436166763306,-0.39929825067520142,0,0,0,0,1,0,0,0,1,0,1,0,1,0,0,0,0,0,1,1,0,0,0,2.995732307434082,3.6888794898986816,3.6888794898986816,3.6888794898986816,4.6051702499389648
1,2,1,1,1,0,1,0,0,1,0,1,0,0,1,1,1,1,0,0,0,0,10,50,25,25,50,0,1,1,1,0,4f,7,3,0,0.02,42,84,1.2,0,1,1,2,2,2,2,2,2,2,2,479,2,1,21,18,5,-29,3,9,12,1,5,6,4,2,7,8,4,3,3,-5,2,4,3,4,4,5,6,-24,2,2,1,1,3,2,2,1,2,2,2,1,300,300,250,275,300,300,250,275,300,250,2,2,2,1,3,-1,2,0.25066187977790833,0.029296720400452614,-1.1726640462875366,0,0,0,0,1,1,0,0,0,1,0,0,1,0,1,0,1,0,0,1,2,0,0,2.3025851249694824,3.9120230674743652,3.2188758850097656,3.2188758850097656,3.9120230674743652
1,2,0,0,1,1,1,0,0,1,0,1,1,1,1,0,1,0,0,0,0,0,30,50,40,60,100,1,0,0,1,0,4b,5,0,5,0.02,0,103,1.5,-3,1,1,1,1,2,2,2,2,2,2,479,1,1,20,7,3,-16,12,2,9,6,5,1,4,7,3,8,3,3,4,-9,5,3,3,2,5,6,5,-23,2,3,2,2,2,1,3,5,2,3,3,2,300,330,280,240,180,330,280,240,180,80,3,3,1,1,5,1,2,0.012959655374288559,0.062871329486370087,-0.28691267967224121,1,1,1,0,0,0,0,0,0,1,1,1,1,0,0,1,0,0,0,0,1,1,0,3.4011974334716797,3.9120230674743652,3.6888794898986816,4.0943446159362793,4.6051702499389648
1,2,0,0,1,1,0,0,0,1,0,1,1,1,1,0,0,0,0,0,0,0,15,15,15,10,10,1,1,0,1,1,3d,8,2,0,0.02,15,19,1.8,-1,1,1,1,1,1,1,1,2,2,2,479,2,1,19,20,4,-16,8,2,12,5,6,3,7,4,1,9,3,3,3,0,3,4,3,4,4,5,4,-12,3,3,3,2,2,2,2,2,2,2,3,2,300,315,330,315,305,315,330,315,305,295,3,3,1,1,8,2,2,-0.082295022904872894,0.33579978346824646,-0.48808544874191284,1,1,1,0,0,0,0,0,0,0,1,1,1,0,0,0,0,0,1,0,1,1,0,2.7080502510070801,2.7080502510070801,2.7080502510070801,2.3025851249694824,2.3025851249694824
2,1,0,0,0,1,0,0,0,1,0,1,1,1,0,0,0,0,0,0,0,0,50,30,30,26,24,0,0,0,1,1,2d,5,0,5,0.02,0,114,1.5,-111,1,1,1,1,1,1,1,2,2,2,479,2,4,21,21,3,-28,5,7,3,2,12,6,9,1,4,8,3,3,2,-22,4,7,5,6,6,7,1,-35,2,3,2,5,4,4,3,4,4,5,5,4,300,250,220,250,224,250,220,250,224,200,3,3,3,1,8,2,3,-0.17754970490932465,1.7486679553985596,1.5636425018310547,1,1,0,0,0,0,0,0,1,1,0,1,1,0,1,1,0,0,1,0,1,0,0,3.9120230674743652,3.4011974334716797,3.4011974334716797,3.25809645652771,3.1780538558959961
2,2,1,0,0,0,1,0,0,1,0,1,0,1,0,1,1,0,0,0,0,0,100,100,50,70,20,1,1,1,1,1,4d,9,1,0,0.02,18,85,2.3999999999999999,1,1,1,1,1,1,2,2,2,2,2,480,1,1,20,16,5,0,3,9,8,4,1,6,12,7,2,5,4,4,1,1,1,1,1,1,1,7,7,-1,1,1,3,1,5,2,4,1,2,2,3,1,300,200,300,250,320,200,300,250,320,340,2,1,1,1,6,2,4,0.4429510235786438,-1.8659569025039673,-0.85929101705551147,0,0,0,0,1,0,0,0,1,0,1,0,0,1,0,0,1,0,1,1,0,0,0,4.6051702499389648,4.6051702499389648,3.9120230674743652,4.2484951019287109,2.995732307434082
2,2,1,0,1,0,1,0,0,1,0,1,0,1,1,1,1,0,0,0,0,0,60,60,100,100,50,1,1,1,1,0,1a,4,6,0,0.02,44,0,0,-2,1,1,1,1,1,2,2,2,2,2,479,1,1,21,21,4,-37,1,8,4,6,7,9,12,2,3,5,4,4,4,-2,2,2,2,6,6,5,6,-15,3,4,4,3,4,4,4,2,2,4,3,1,300,240,300,400,500,240,300,400,500,450,2,1,1,1,6,2,4,0.72871506214141846,0.25738131999969482,0.45020666718482971,0,0,0,0,1,0,0,0,1,0,0,0,1,0,0,0,1,0,0,1,0,0,0,4.0943446159362793,4.0943446159362793,4.6051702499389648,4.6051702499389648,3.9120230674743652
1,1,1,0,0,1,1,0,0,1,0,1,0,1,0,0,1,1,0,0,0,0,40,50,30,116,234,0,1,1,1,1,2b,7,3,0,0.02,10,43,1.2,-4,1,1,1,1,1,1,1,2,2,2,478,1,1,21,-12,5,-53,12,7,1,4,8,9,5,6,2,3,5,4,3,-33,3,6,2,1,7,6,4,-29,5,5,5,5,4,4,3,4,4,1,2,2,300,330,380,350,234,330,380,350,234,468,2,1,1,1,8,2,1,0.96641731262207031,0.19107697904109955,0.97002941370010376,0,0,0,0,1,0,0,0,0,0,1,1,0,0,1,0,1,0,1,1,0,0,0,3.6888794898986816,3.9120230674743652,3.4011974334716797,4.7535901069641113,5.4553213119506836
1,1,1,1,1,0,0,0,0,1,0,1,0,0,1,1,0,0,0,0,0,0,25,25,50,30,30,1,1,1,1,1,5e,9,1,0,0.02,99999,99999,2.3999999999999999,99999,1,1,1,1,1,1,1,2,2,2,99999,1,2,22,99999,5,99999,1,8,3,12,7,5,2,6,9,4,1,1,3,99999,5,4,2,2,2,6,6,99999,4,3,4,4,5,4,3,4,3,3,3,3,300,275,250,300,330,275,250,300,330,300,2,2,2,1,8,2,1,-1.5138058662414551,-0.43951338529586792,0.95909446477890015,0,0,0,0,1,1,0,0,1,1,0,0,1,1,0,0,1,0,1,1,2,0,0,3.2188758850097656,3.2188758850097656,3.9120230674743652,3.4011974334716797,3.4011974334716797
1,2,1,0,1,0,0,0,0,1,0,1,0,1,1,1,0,1,0,0,0,0,25,30,30,30,45,0,0,1,0,0,6e,6,4,0,0.02,41,62,0.59999999999999998,-5,1,1,1,1,2,2,2,2,2,2,479,1,2,21,19,4,-31,1,6,8,2,4,9,7,5,12,3,5,4,2,-8,4,1,2,1,5,6,7,-17,2,4,4,1,5,1,2,4,2,2,1,3,300,315,285,315,285,315,285,315,285,330,2,1,1,1,5,1,2,0.87116265296936035,-0.77304261922836304,-0.49243476986885071,0,0,0,0,1,0,0,0,0,1,0,1,0,0,1,1,1,1,0,1,0,0,0,3.2188758850097656,3.4011974334716797,3.4011974334716797,3.4011974334716797,3.8066625595092773
2,2,0,1,0,0,1,0,0,1,0,1,1,0,0,1,1,0,0,0,0,0,30,40,50,40,80,1,1,1,1,1,3f,9,1,0,0.02,77,133,2.3999999999999999,-8,1,1,1,1,1,2,2,2,2,2,477,2,2,21,0,3,-150,12,3,8,4,1,6,7,9,2,5,4,1,1,-42,2,3,3,4,6,6,2,-51,2,4,4,3,4,1,2,4,3,3,4,1,300,330,290,240,280,330,290,240,280,360,3,1,1,1,6,2,4,-0.70544451475143433,0.45307463407516479,0.22479449212551117,1,0,0,0,0,0,0,0,0,1,1,0,0,1,0,0,1,0,1,0,0,0,0,3.4011974334716797,3.6888794898986816,3.9120230674743652,3.6888794898986816,4.3820266723632812
1,2,0,1,1,1,1,0,0,1,0,1,1,0,1,0,1,1,0,0,0,0,20,20,20,20,30,0,0,1,0,1,7d,8,2,0,0.02,106,120,1.8,-11,1,1,1,1,1,1,2,2,2,2,467,2,3,19,13,5,-19,1,6,3,4,8,2,9,5,7,12,2,2,3,-3,2,5,1,2,1,6,6,-22,3,3,5,1,3,2,1,1,1,2,1,2,300,270,290,310,330,270,290,310,330,360,3,1,1,1,7,2,2,-0.79805046319961548,-0.95160406827926636,-1.0608243942260742,1,0,0,0,0,0,0,0,1,0,0,0,0,0,1,1,1,1,1,0,0,0,0,2.995732307434082,2.995732307434082,2.995732307434082,2.995732307434082,3.4011974334716797
1,1,0,0,1,0,0,0,0,1,0,1,1,1,1,1,0,0,0,0,0,0,25,20,10,10,20,0,0,0,1,1,1c,9,1,0,0.02,42,49,2.3999999999999999,-2,1,1,1,1,1,1,1,1,2,2,479,2,2,20,20,4,-64,2,9,3,12,8,6,5,7,1,4,1,1,4,-12,6,5,4,6,6,6,4,-26,4,4,3,2,3,2,3,3,3,2,3,2,300,275,255,245,255,275,255,245,255,235,3,3,1,1,9,2,1,-1.4185512065887451,1.4365470409393311,0.11638656258583069,1,1,1,1,0,0,0,0,1,1,1,0,1,0,1,1,0,0,1,0,1,1,1,3.2188758850097656,2.995732307434082,2.3025851249694824,2.3025851249694824,2.995732307434082
2,1,0,0,1,0,1,0,0,1,0,1,1,1,1,1,1,1,0,1,0,0,10,10,10,10,10,0,1,1,1,1,1b,9,1,0,0.02,73,130,2.3999999999999999,0,1,1,1,1,1,1,1,2,2,2,479,2,1,18,18,5,-81,9,7,6,12,2,1,5,4,8,3,2,2,5,-2,4,3,2,6,4,6,2,-26,5,5,4,5,5,4,5,5,4,4,5,5,300,280,290,290,300,280,290,290,300,310,3,3,1,1,8,2,3,-0.60754108428955078,0.63481193780899048,2.4354805946350098,1,1,1,1,0,0,0,0,1,0,0,0,0,0,1,0,1,0,1,0,1,1,1,2.3025851249694824,2.3025851249694824,2.3025851249694824,2.3025851249694824,2.3025851249694824
1,2,1,0,0,0,1,1,0,0,0,1,1,1,1,1,1,0,0,0,0,0,10,10,10,10,10,0,1,0,1,1,4c,8,2,0,0.02,45,90,1.8,-5,1,1,1,1,1,1,1,1,1,2,479,2,2,20,17,5,-82,6,3,1,12,4,8,7,5,9,2,5,5,4,-30,6,7,1,5,5,6,6,-39,3,1,4,2,1,1,3,1,4,5,3,1,300,290,300,290,300,290,300,290,300,310,2,1,1,1,10,2,2,1.4444705247879028,0.75028103590011597,-0.14900238811969757,1,1,1,1,0,0,0,0,1,0,1,0,0,0,0,0,1,0,1,0,1,1,1,2.3025851249694824,2.3025851249694824,2.3025851249694824,2.3025851249694824,2.3025851249694824
2,1,1,0,1,1,0,1,0,0,0,1,1,1,0,0,0,0,0,0,0,0,50,50,50,50,50,0,1,0,1,1,2d,9,1,0,0.02,69,165,2.3999999999999999,-32,1,1,1,1,1,2,2,2,2,2,479,1,1,21,24,5,9,2,9,7,4,5,3,6,8,12,1,1,1,1,1,5,7,7,7,6,2,7,-10,3,1,5,5,5,4,5,5,5,4,5,5,300,250,300,350,300,250,300,350,300,250,2,1,1,1,6,2,3,-1.704315185546875,2.2237372398376465,2.028095006942749,1,1,0,0,0,0,0,0,1,0,0,1,1,0,0,0,1,0,1,0,1,0,0,3.9120230674743652,3.9120230674743652,3.9120230674743652,3.9120230674743652,3.9120230674743652
2,2,1,0,1,0,0,1,0,0,0,1,1,1,0,1,0,1,1,0,0,0,30,40,40,40,20,1,0,1,1,1,6b,4,1,5,0.02,0,21,0.90000000000000002,-7,1,1,1,1,1,2,2,2,2,2,480,2,1,18,20,5,6,2,3,5,9,1,6,7,12,8,4,5,5,5,-5,5,3,3,5,6,7,7,-13,3,5,3,3,5,2,4,4,3,4,5,5,300,320,270,230,270,320,270,230,270,250,2,1,1,1,6,2,4,1.5397251844406128,0.41253286600112915,1.421751856803894,1,1,0,0,0,0,0,0,0,1,1,0,1,0,1,1,0,0,1,0,1,0,0,3.4011974334716797,3.6888794898986816,3.6888794898986816,3.6888794898986816,2.995732307434082
2,2,0,1,1,0,0,1,0,0,0,1,0,0,0,1,0,0,0,0,1,0,10,20,30,40,50,1,1,1,0,1,2c,8,2,0,0.02,108,145,1.8,-3,1,1,1,1,1,1,1,1,1,2,477,2,2,18,-5,4,-73,9,4,1,2,12,5,6,7,8,3,4,2,2,-15,3,2,2,2,5,6,6,-18,3,5,4,4,4,3,5,3,3,4,4,5,300,290,270,240,190,290,270,240,190,140,3,1,1,1,10,2,4,-0.22739130258560181,-0.51883268356323242,1.4413164854049683,0,0,0,0,1,1,1,0,1,1,1,1,1,0,1,0,0,1,1,1,2,2,0,2.3025851249694824,2.995732307434082,3.4011974334716797,3.6888794898986816,3.9120230674743652
1,1,1,0,0,1,1,1,0,0,0,1,1,1,1,0,1,0,0,0,0,0,25,25,50,25,75,1,1,0,0,1,2f,9,1,0,0.02,84,113,2.3999999999999999,-7,1,1,1,1,1,2,2,2,2,2,479,2,1,19,13,4,-22,5,12,3,4,1,6,7,8,9,2,4,4,5,-9,5,3,3,3,5,6,5,-22,3,4,4,2,4,2,3,3,4,4,4,3,300,325,350,300,325,325,350,300,325,400,2,1,1,1,6,2,1,0.82396978139877319,0.23159210383892059,0.85398238897323608,1,1,1,0,0,0,0,0,0,0,1,0,0,0,1,0,1,1,1,0,1,1,0,3.2188758850097656,3.2188758850097656,3.9120230674743652,3.2188758850097656,4.3174881935119629
1,2,0,1,0,0,1,1,0,0,0,1,0,0,1,1,1,0,0,0,0,0,50,50,100,50,50,1,1,1,1,1,4f,9,0,1,0.02,4,130,2.7000000000000002,-3,1,1,1,1,1,2,2,2,2,2,479,1,4,21,18,5,-24,3,4,7,1,2,5,12,6,8,9,2,2,4,-2,5,2,2,2,3,6,6,-31,2,2,4,1,4,1,3,4,1,1,1,1,300,250,200,300,350,250,200,300,350,400,3,1,1,1,6,2,2,-0.70279574394226074,-0.53342831134796143,-1.2272708415985107,0,0,0,0,1,1,0,0,1,1,0,0,0,1,1,0,0,0,1,1,2,0,0,3.9120230674743652,3.9120230674743652,4.6051702499389648,3.9120230674743652,3.9120230674743652
2,2,0,0,1,0,1,1,0,0,0,1,0,1,0,1,1,0,0,0,0,0,40,40,120,60,160,0,0,0,0,0,4d,9,1,0,0.02,91,167,2.3999999999999999,-1,1,1,1,1,1,2,2,2,2,2,480,1,3,23,23,5,6,12,2,6,4,5,3,9,1,7,8,4,4,5,0,2,2,2,3,3,7,7,-9,3,4,4,2,4,1,3,1,1,1,1,1,300,340,300,420,360,340,300,420,360,200,3,3,1,1,6,2,4,0.82396978139877319,-0.90791404247283936,-1.0608874559402466,0,0,0,0,1,0,0,0,0,1,0,1,1,1,0,1,1,1,0,1,0,0,0,3.6888794898986816,3.6888794898986816,4.7874917984008789,4.0943446159362793,5.0751738548278809
2,2,1,1,1,0,1,1,0,0,0,1,1,0,0,1,1,0,0,0,1,0,40,60,60,100,100,1,1,1,0,1,3b,9,1,0,0.02,25,131,2.3999999999999999,-5,1,1,1,1,2,2,2,2,2,2,479,1,1,21,13,5,-33,1,5,3,7,12,2,4,9,6,8,4,5,2,-10,5,6,6,6,7,7,6,-17,3,4,2,2,4,1,4,5,3,2,2,1,300,340,280,220,110,340,280,220,110,210,2,2,2,1,5,1,4,0.92100423574447632,1.5536854267120361,-0.10554065555334091,1,0,0,0,0,0,0,0,0,1,1,1,0,0,1,0,0,1,1,0,0,0,0,3.6888794898986816,4.0943446159362793,4.0943446159362793,4.6051702499389648,4.6051702499389648
1,1,1,0,0,0,0,1,0,0,0,1,1,1,1,1,0,0,0,0,0,0,60,70,100,90,100,1,0,1,1,1,1c,4,6,0,0.02,8,87,0,-1,1,1,1,1,2,2,2,2,2,2,479,2,1,19,22,5,3,8,1,3,7,9,6,2,12,5,4,2,1,2,0,6,5,3,5,4,3,5,-16,3,4,4,2,2,2,2,4,4,4,4,2,300,360,290,390,480,360,290,390,480,380,2,1,1,1,5,1,1,-1.2761036157608032,1.063416600227356,0.62803941965103149,1,1,1,1,0,0,0,0,0,1,0,0,1,0,1,1,0,0,1,0,1,1,1,4.0943446159362793,4.2484951019287109,4.6051702499389648,4.499809741973877,4.6051702499389648
1,1,0,0,0,0,0,1,0,0,0,1,0,1,1,1,0,0,0,0,0,0,80,70,50,50,50,1,0,0,0,0,7b,8,2,0,0.02,5,18,1.8,-5,1,1,1,1,1,1,1,1,2,2,479,2,1,18,14,5,-2,7,2,5,4,1,6,8,9,3,12,3,3,4,-2,3,3,5,3,3,6,3,-23,2,2,2,2,2,2,2,2,2,2,2,2,300,220,150,100,50,220,150,100,50,100,3,3,3,3,9,2,1,0.012959655374288559,0.21387296915054321,-0.90340417623519897,0,0,0,0,1,0,0,0,1,1,1,1,0,0,1,1,1,1,0,1,0,0,0,4.3820266723632812,4.2484951019287109,3.9120230674743652,3.9120230674743652,3.9120230674743652
1,1,1,1,0,0,0,1,0,0,0,1,1,0,1,1,0,0,1,1,0,0,50,55,65,20,60,1,0,0,1,0,3c,10,0,0,0.02,33,48,3,-11,1,1,1,1,1,1,1,2,2,2,478,1,4,22,17,5,-91,12,8,5,7,2,9,6,1,4,3,2,2,2,-13,5,5,3,3,5,5,3,-36,2,3,3,2,3,2,3,1,2,1,1,3,300,350,395,320,340,350,395,320,340,400,2,2,1,1,8,2,1,-0.89330512285232544,0.73334097862243652,-0.90060329437255859,1,0,0,0,0,0,0,0,0,0,1,0,0,0,1,1,1,0,0,0,0,0,0,3.9120230674743652,4.0073332786560059,4.1743874549865723,2.995732307434082,4.0943446159362793
1,2,0,1,0,0,1,1,0,0,0,1,0,0,1,1,1,0,0,0,0,0,60,60,60,60,60,1,1,0,0,0,5c,7,3,0,0.02,99999,99999,1.2,99999,1,1,1,1,1,1,1,1,2,2,99999,2,2,24,99999,5,99999,5,12,1,3,9,8,7,2,6,4,2,4,3,99999,5,2,6,4,4,7,6,99999,4,4,4,3,3,3,3,3,2,3,2,2,300,240,180,120,60,240,180,120,60,0,3,1,1,1,9,2,2,-0.032453425228595734,0.40008115768432617,0.19690442085266113,0,0,0,0,1,1,0,0,1,1,1,1,1,0,1,0,1,1,0,1,2,0,0,4.0943446159362793,4.0943446159362793,4.0943446159362793,4.0943446159362793,4.0943446159362793
2,1,1,1,1,1,0,1,0,0,0,1,1,0,0,0,0,1,1,1,1,1,30,80,150,400,600,1,0,0,0,1,6a,2,3,5,0.02,0,7,0,-11,1,1,1,1,1,1,1,2,2,2,479,2,3,22,10,5,-109,4,6,1,7,3,5,2,8,9,12,2,3,5,-1,5,5,2,3,6,7,7,-22,3,4,5,4,4,4,4,3,2,2,3,3,300,320,390,530,920,320,390,530,920,310,2,2,2,2,8,2,3,-0.2247425764799118,0.1535641998052597,0.59389853477478027,1,0,0,0,0,0,0,0,0,0,0,0,1,0,1,1,1,1,1,0,0,0,0,3.4011974334716797,4.3820266723632812,5.0106353759765625,5.9914646148681641,6.3969297409057617
2,2,0,0,0,1,0,1,0,0,0,1,0,1,1,0,0,0,0,0,0,0,50,50,50,50,20,1,1,1,0,1,7c,0,0,10,0.02,0,99999,0,-2,1,1,1,1,2,2,2,2,2,2,479,1,4,21,12,5,-98,1,7,12,6,9,4,5,2,8,3,4,4,5,-36,3,2,2,4,5,5,3,-37,3,4,4,4,5,3,2,4,4,4,3,4,300,250,300,350,400,250,300,350,400,380,3,3,3,1,5,1,4,0.82396978139877319,0.19484339654445648,1.2008495330810547,0,0,0,0,1,0,0,0,1,0,0,0,1,0,1,0,0,1,1,1,0,0,0,3.9120230674743652,3.9120230674743652,3.9120230674743652,3.9120230674743652,2.995732307434082
2,1,1,1,1,0,1,1,0,0,0,1,1,0,0,1,1,0,0,0,0,0,10,10,10,10,10,0,0,0,0,0,3e,8,1,1,0.02,8,35,2.1000000000000001,0,1,1,1,1,1,1,1,2,2,2,479,2,1,19,15,5,-77,1,12,3,4,8,5,7,6,2,9,1,1,4,-7,3,4,1,2,5,6,6,-17,4,5,5,2,4,4,4,3,4,4,4,3,300,290,300,310,300,290,300,310,300,290,2,2,2,1,8,2,3,-1.4185512065887451,-0.44035980105400085,1.3990297317504883,1,0,0,0,0,0,0,0,1,0,0,1,1,1,0,1,1,1,0,0,0,0,0,2.3025851249694824,2.3025851249694824,2.3025851249694824,2.3025851249694824,2.3025851249694824
1,1,0,0,0,0,0,1,0,0,0,1,0,1,1,1,0,0,0,0,0,0,10,20,30,15,50,0,0,0,1,1,4a,3,0,7,0.02,0,0,0.90000000000000002,-10,1,1,1,1,1,2,2,2,2,2,477,2,2,19,-25,5,-25,5,8,6,9,7,2,4,1,12,3,3,3,4,-14,3,2,3,4,6,6,6,-25,3,5,5,4,5,3,3,3,2,4,3,3,300,310,290,260,275,310,290,260,275,225,3,3,3,3,6,2,1,0.012959655374288559,0.085384048521518707,0.88666903972625732,0,0,0,0,1,0,0,0,0,1,1,0,1,0,0,1,1,0,1,1,0,0,0,2.3025851249694824,2.995732307434082,3.4011974334716797,2.7080502510070801,3.9120230674743652
2,1,0,1,0,1,0,1,0,0,0,1,0,0,1,0,0,0,0,0,0,0,50,25,30,35,25,1,0,1,0,1,4e,8,0,2,0.02,39,48,2.3999999999999999,-1,1,1,1,1,1,1,1,2,2,2,479,1,2,19,15,5,-15,12,2,5,4,9,7,6,8,1,3,4,4,2,-5,2,5,3,2,5,6,5,-19,2,3,2,1,4,1,2,4,2,2,1,1,300,250,275,305,340,250,275,305,340,315,3,1,1,1,8,2,3,0.53820574283599854,-0.072653435170650482,-0.96733838319778442,0,0,0,0,1,1,0,0,1,0,0,0,1,0,1,1,0,1,1,1,2,0,0,3.9120230674743652,3.2188758850097656,3.4011974334716797,3.5553481578826904,3.2188758850097656
1,2,1,0,0,1,0,1,0,0,0,1,1,1,1,0,0,0,0,0,0,0,50,80,160,90,50,1,0,0,0,0,3d,9,1,0,0.02,52,12,2.3999999999999999,0,1,1,1,1,1,1,2,2,2,2,479,2,4,23,18,5,-65,1,5,8,3,7,6,12,2,4,9,1,1,1,-17,1,1,1,1,1,6,6,-21,2,2,4,3,4,2,3,3,3,2,1,1,300,350,270,110,200,350,270,110,200,250,2,1,1,1,7,2,2,-1.704315185546875,-1.6778566837310791,-0.50232464075088501,1,1,1,0,0,0,0,0,0,1,1,0,0,0,1,1,1,1,0,0,1,1,0,3.9120230674743652,4.3820266723632812,5.0751738548278809,4.499809741973877,3.9120230674743652
1,2,1,0,0,1,1,1,0,0,0,1,1,1,1,0,1,0,0,0,0,0,20,50,100,30,50,1,1,0,0,1,4b,7,3,0,0.02,92,160,1.2,0,1,1,1,1,1,2,2,2,2,2,479,2,1,19,-1,4,-1,9,2,12,4,1,6,3,5,8,7,4,4,4,0,5,5,3,5,5,6,3,-8,4,3,2,3,3,3,4,3,4,4,5,4,300,320,370,270,300,320,370,270,300,350,2,1,1,1,6,2,2,0.72871506214141846,0.9767494797706604,1.2348849773406982,1,1,1,0,0,0,0,0,0,0,1,0,0,0,1,0,1,1,1,0,1,1,0,2.995732307434082,3.9120230674743652,4.6051702499389648,3.4011974334716797,3.9120230674743652
2,2,1,1,1,0,1,1,0,0,0,1,1,0,0,1,1,0,0,0,0,0,51,50,50,50,50,1,1,1,1,1,3f,8,2,0,0.02,89,95,1.8,-11,1,1,1,1,1,1,1,2,2,2,476,1,4,21,20,5,-5,6,2,9,1,5,12,4,8,7,3,2,2,2,-24,2,2,2,2,3,6,6,-34,3,2,4,1,3,2,3,2,2,2,1,2,300,351,301,251,301,351,301,251,301,351,2,2,2,1,8,2,4,-0.89330512285232544,-0.88853460550308228,-0.81935906410217285,1,0,0,0,0,0,0,0,0,1,1,0,0,1,1,0,0,0,1,0,0,0,0,3.9318256378173828,3.9120230674743652,3.9120230674743652,3.9120230674743652,3.9120230674743652
2,1,0,0,1,1,0,1,0,0,0,1,0,1,0,0,0,0,0,0,0,1,50,50,100,100,100,0,0,1,0,1,2a,9,1,0,0.02,22,49,2.3999999999999999,0,1,1,1,1,1,1,1,2,2,2,479,1,1,18,12,5,-101,1,5,3,2,9,6,12,8,7,4,4,4,4,-10,2,2,2,2,2,6,6,-23,3,3,4,3,2,1,1,1,1,2,1,3,300,350,300,200,300,350,300,200,300,190,3,3,1,1,8,2,3,0.72871506214141846,-1.0142011642456055,-0.97708255052566528,0,0,0,0,1,0,0,0,0,1,1,0,1,0,0,1,0,1,1,1,0,0,0,3.9120230674743652,3.9120230674743652,4.6051702499389648,4.6051702499389648,4.6051702499389648
2,2,0,0,0,0,1,1,0,0,0,1,0,1,1,1,1,0,0,1,1,0,20,20,30,40,110,1,1,0,0,0,1a,4,6,0,0.02,51,0,0,-4,1,1,1,1,1,1,1,2,2,2,479,1,1,20,13,3,-22,12,5,6,4,3,9,7,8,2,1,4,2,4,-9,3,4,2,2,2,6,5,-16,2,3,1,2,3,1,4,1,1,1,2,2,300,280,300,260,210,280,300,260,210,100,3,3,3,3,8,2,4,-0.036881942301988602,-0.58218377828598022,-1.1583857536315918,0,0,0,0,1,0,0,0,1,0,1,1,1,0,1,0,1,1,0,1,0,0,0,2.995732307434082,2.995732307434082,3.4011974334716797,3.6888794898986816,4.7004804611206055
1,1,0,1,0,0,0,1,0,0,0,1,0,0,1,1,0,1,0,0,0,0,50,60,90,135,200,1,1,1,1,1,5e,10,0,0,0.02,99999,99999,3,99999,1,1,1,1,1,1,2,2,2,2,99999,1,2,19,99999,5,99999,4,12,7,9,3,1,8,2,6,5,2,2,2,99999,2,2,2,2,3,6,3,99999,2,2,4,4,3,2,3,3,2,2,2,2,300,240,180,270,405,240,180,270,405,205,3,1,1,1,7,2,1,-0.89330512285232544,-0.60633313655853271,-0.3816160261631012,0,0,0,0,1,1,0,0,1,1,0,0,1,1,1,0,0,0,1,1,2,0,0,3.9120230674743652,4.0943446159362793,4.499809741973877,4.9052748680114746,5.2983174324035645
1,2,0,1,1,0,1,1,0,0,0,1,0,0,0,1,1,0,0,0,0,0,10,10,10,10,10,1,0,0,1,0,3a,8,2,0,0.02,11,126,1.8,-2,1,1,1,1,1,1,2,2,2,2,478,2,1,18,4,5,-49,1,5,8,4,6,9,3,2,7,12,1,1,5,-7,7,3,7,7,7,7,7,-26,5,5,1,5,5,1,5,4,4,4,3,5,300,290,300,310,320,290,300,310,320,310,3,1,1,1,7,2,2,-1.3232965469360352,1.6768128871917725,1.5707494020462036,0,0,0,0,1,1,1,0,1,0,0,0,1,0,1,1,1,0,0,1,2,2,0,2.3025851249694824,2.3025851249694824,2.3025851249694824,2.3025851249694824,2.3025851249694824
1,1,0,0,1,1,1,1,0,0,0,1,0,1,0,0,1,0,0,0,0,0,50,100,150,200,100,0,0,0,0,0,2b,0,0,10,0.02,0,0,0,-8,1,1,1,1,1,1,1,1,2,2,478,2,1,21,15,5,-44,5,7,3,4,6,12,9,1,2,8,4,4,4,-15,5,7,5,5,5,5,3,-46,2,1,1,3,3,1,2,1,1,2,2,2,300,350,250,400,600,350,250,400,600,500,3,3,1,1,9,2,1,0.72871506214141846,1.5725812911987305,-1.2468583583831787,0,0,0,0,1,0,0,0,0,1,0,0,1,1,0,1,1,1,0,1,0,0,0,3.9120230674743652,4.6051702499389648,5.0106353759765625,5.2983174324035645,4.6051702499389648
2,1,1,1,0,1,1,1,0,0,0,1,1,0,1,0,1,0,0,1,1,0,10,10,15,10,10,1,1,0,0,1,7a,7,3,0,0.02,26,61,1.2,-4,1,1,1,1,1,2,2,2,2,2,479,2,2,21,17,5,-104,8,2,4,3,5,9,7,1,6,12,4,4,2,-8,2,6,1,2,5,5,5,-57,4,4,4,4,4,4,4,4,2,3,1,4,300,310,300,275,275,310,300,275,275,285,2,2,1,1,6,2,3,0.53820574283599854,-0.15104682743549347,0.68065369129180908,1,0,0,0,0,0,0,0,0,1,1,0,0,0,1,0,1,1,1,0,0,0,0,2.3025851249694824,2.3025851249694824,2.7080502510070801,2.3025851249694824,2.3025851249694824
1,2,1,1,0,1,1,1,0,0,0,1,1,0,1,0,1,0,0,0,0,0,10,10,10,10,10,1,1,1,1,1,7d,4,0,6,0.02,6,0,1.2,-101,1,1,1,1,1,1,1,1,2,2,444,2,6,22,9,4,-80,1,9,12,8,6,5,7,4,3,2,5,3,2,-21,3,5,3,3,6,5,4,-53,1,4,5,1,3,1,1,1,1,2,2,4,300,310,300,310,300,310,300,310,300,310,2,2,1,1,9,2,2,0.48836413025856018,0.52820289134979248,-0.92295199632644653,1,0,0,0,0,0,0,0,0,1,0,1,0,1,1,0,0,0,1,0,0,0,0,2.3025851249694824,2.3025851249694824,2.3025851249694824,2.3025851249694824,2.3025851249694824
2,1,1,0,0,0,1,1,0,0,0,1,1,1,1,1,1,1,0,0,0,0,40,15,15,20,10,1,1,0,0,0,1b,7,3,0,0.02,3,49,1.2,-2,1,1,1,1,1,1,2,2,2,2,479,2,1,19,18,4,-94,2,6,3,7,4,9,5,12,8,1,2,2,2,-18,5,6,5,7,5,5,5,-22,5,4,2,3,4,4,3,4,4,5,4,3,300,330,345,330,310,330,345,330,310,300,2,1,1,1,7,2,3,-0.89330512285232544,1.6120977401733398,1.5294481515884399,1,1,1,1,0,0,0,0,0,0,1,1,1,0,1,0,1,1,0,0,1,1,1,3.6888794898986816,2.7080502510070801,2.7080502510070801,2.995732307434082,2.3025851249694824
1,1,1,0,1,0,0,0,0,0,0,1,0,1,0,1,0,1,1,0,0,0,20,50,30,40,90,0,0,0,1,0,5a,9,1,0,0.02,99999,99999,2.3999999999999999,99999,1,1,1,1,1,1,2,2,2,2,99999,1,3,22,99999,5,99999,3,8,12,5,6,4,7,2,9,1,4,5,3,99999,3,1,2,4,5,7,5,99999,4,3,4,3,5,1,3,2,1,3,2,1,300,310,250,280,320,310,250,280,320,410,2,1,1,1,7,2,1,1.0162589550018311,-0.29114779829978943,-0.34491047263145447,0,0,0,0,1,0,0,0,0,1,0,0,0,0,1,1,1,0,0,1,0,0,0,2.995732307434082,3.9120230674743652,3.4011974334716797,3.6888794898986816,4.499809741973877
1,1,1,0,0,0,0,0,0,0,0,1,0,1,1,1,0,0,0,0,0,0,20,50,30,150,50,1,0,0,0,1,7b,5,5,0,0.02,27,143,0,-15,1,1,1,1,1,1,1,2,2,2,478,2,4,21,16,5,5,8,12,9,3,1,6,7,2,4,5,4,3,2,-10,3,3,3,5,3,5,5,-9,3,3,3,3,3,3,3,3,3,3,3,3,300,280,230,200,50,280,230,200,50,0,2,1,1,1,8,2,1,0.15540720522403717,0.17499607801437378,0.36903110146522522,0,0,0,0,1,0,0,0,1,1,1,1,1,0,0,1,1,1,1,1,0,0,0,2.995732307434082,3.9120230674743652,3.4011974334716797,5.0106353759765625,3.9120230674743652
1,2,1,1,0,0,1,0,0,0,0,1,0,0,1,1,1,0,0,0,0,0,10,10,10,10,11,1,0,0,0,0,4f,3,2,5,0.02,32,0,0.29999999999999999,-5,1,1,1,1,1,1,1,1,2,2,479,2,1,17,7,5,-84,1,5,6,4,8,3,12,7,2,9,5,5,4,-25,2,2,2,3,3,6,6,-46,2,3,3,2,3,2,4,1,2,2,3,2,300,290,300,290,280,290,300,290,280,269,2,2,1,1,9,2,2,1.4444705247879028,-0.71981382369995117,-0.47637727856636047,0,0,0,0,1,1,0,0,1,0,1,1,1,0,0,1,1,1,0,1,2,0,0,2.3025851249694824,2.3025851249694824,2.3025851249694824,2.3025851249694824,2.397895336151123
2,1,0,1,1,1,0,0,0,0,0,1,1,0,0,0,0,0,0,0,0,0,50,50,65,100,65,0,1,0,0,0,6a,9,1,0,0.02,110,54,2.3999999999999999,1,1,1,1,1,1,1,1,2,2,2,479,2,2,20,11,5,-58,6,7,3,9,5,1,4,8,2,12,2,4,4,-5,3,3,3,3,5,5,6,-13,4,2,4,2,2,2,3,3,2,2,4,2,300,250,200,265,365,250,200,265,365,430,3,1,1,1,8,2,3,0.062801256775856018,-0.0051794787868857384,-0.12596462666988373,1,0,0,0,0,0,0,0,1,1,0,0,0,0,1,0,1,1,0,0,0,0,0,3.9120230674743652,3.9120230674743652,4.1743874549865723,4.6051702499389648,4.1743874549865723
2,1,0,1,1,0,1,0,0,0,0,1,1,0,0,1,1,0,1,0,1,1,30,40,90,50,70,0,0,0,1,0,5d,9,1,0,0.02,99999,99999,2.3999999999999999,99999,1,1,1,1,1,1,1,2,2,2,99999,2,2,21,99999,5,99999,1,6,3,2,4,12,7,5,8,9,1,1,2,99999,3,3,3,2,2,5,5,99999,4,5,4,3,4,3,5,3,3,4,4,4,300,270,300,390,430,270,300,390,430,350,3,1,1,1,8,2,3,-1.609060525894165,-0.45683282613754272,1.3441981077194214,1,0,0,0,0,0,0,0,1,0,0,0,1,0,1,1,1,0,0,0,0,0,0,3.4011974334716797,3.6888794898986816,4.499809741973877,3.9120230674743652,4.2484951019287109
1,2,0,0,0,1,0,0,0,0,0,1,1,1,1,0,0,0,0,0,0,0,50,75,90,75,200,1,1,1,1,1,3d,10,0,0,0.02,67,63,3,-4,1,1,1,1,1,1,1,2,2,2,479,1,1,21,15,5,-194,12,6,4,3,5,8,7,1,9,2,3,3,3,-5,2,2,2,2,2,6,6,-16,2,3,5,3,4,3,4,2,2,3,3,2,300,350,425,515,440,350,425,515,440,240,3,3,3,1,8,2,2,-0.082295022904872894,-1.0142011642456055,0.13257519900798798,1,1,1,0,0,0,0,0,0,0,0,1,1,1,0,0,0,0,1,0,1,1,0,3.9120230674743652,4.3174881935119629,4.499809741973877,4.3174881935119629,5.2983174324035645
2,2,0,1,1,0,0,0,0,0,0,1,1,0,0,1,0,1,0,0,0,0,10,50,40,40,30,0,1,1,1,1,5b,6,2,2,0.02,99999,99999,1.2,99999,1,1,1,1,1,1,2,2,2,2,99999,2,2,20,99999,4,99999,5,9,8,4,6,1,7,2,3,12,4,4,2,99999,4,5,5,5,4,5,5,99999,2,2,3,2,2,4,4,2,3,2,2,2,300,280,230,190,230,280,230,190,230,200,3,1,1,1,7,2,4,0.53820574283599854,0.9208301305770874,-0.32963496446609497,1,0,0,0,0,0,0,0,1,1,1,0,1,0,1,0,0,0,1,0,0,0,0,2.3025851249694824,3.9120230674743652,3.6888794898986816,3.6888794898986816,3.4011974334716797
2,2,1,0,0,0,1,0,0,0,0,1,0,1,1,1,1,0,0,0,0,0,20,70,20,50,30,0,0,1,0,1,1a,3,7,0,0.02,116,126,0,-14,1,1,1,1,1,1,1,1,1,1,479,2,1,20,20,4,-277,5,2,7,12,6,8,3,4,9,1,1,1,3,-3,5,5,5,4,3,7,4,-21,3,3,3,3,3,3,3,3,3,3,3,3,300,320,250,270,220,320,250,270,220,250,2,1,1,1,11,2,4,-1.5138058662414551,0.65081250667572021,0.36903110146522522,0,0,0,0,1,0,0,0,0,1,0,1,0,0,1,1,0,1,1,1,0,0,0,2.995732307434082,4.2484951019287109,2.995732307434082,3.9120230674743652,3.4011974334716797
1,1,1,0,1,1,1,0,0,0,0,1,0,1,0,0,1,0,0,0,0,0,20,50,70,100,100,0,0,1,1,0,2b,4,1,5,0.02,0,42,0.90000000000000002,-7,1,1,1,1,1,1,1,2,2,2,478,2,3,22,19,3,-17,1,4,3,5,12,8,2,6,9,7,2,2,4,-5,3,3,3,6,5,5,5,-11,4,4,3,4,4,2,4,4,4,4,4,4,300,320,270,200,100,320,270,200,100,0,2,1,1,1,8,2,1,-0.70279574394226074,0.59504997730255127,1.3760439157485962,0,0,0,0,1,0,0,0,0,1,1,1,1,0,1,1,0,0,0,1,0,0,0,2.995732307434082,3.9120230674743652,4.2484951019287109,4.6051702499389648,4.6051702499389648
1,2,1,1,1,0,1,0,0,0,0,1,0,0,0,1,1,0,0,1,0,0,40,30,25,45,50,1,1,0,0,0,3a,7,2,1,0.02,72,44,1.5,-5,1,1,1,1,1,1,2,2,2,2,480,2,1,20,-30,5,-23,7,9,1,12,4,2,3,8,5,6,3,4,4,-7,4,5,3,3,4,5,7,-38,4,5,3,3,5,2,4,4,4,4,3,4,300,260,230,245,200,260,230,245,200,150,2,2,2,1,7,2,2,0.39575815200805664,0.11303704977035522,1.2888844013214111,0,0,0,0,1,1,1,0,1,1,0,1,1,0,0,0,1,1,0,1,2,2,0,3.6888794898986816,3.4011974334716797,3.2188758850097656,3.8066625595092773,3.9120230674743652
1,1,1,1,0,0,0,0,0,0,0,1,0,0,1,1,0,0,0,0,0,0,30,20,30,20,10,1,1,1,0,0,5e,7,3,0,0.02,99999,99999,1.2,99999,1,1,1,1,1,1,1,1,2,2,99999,2,2,21,99999,5,99999,12,2,6,5,7,8,9,4,1,3,4,4,4,99999,6,5,4,4,5,5,5,99999,3,3,2,2,4,2,4,2,2,3,2,2,300,270,250,280,260,270,250,280,260,270,2,2,1,1,9,2,1,0.72871506214141846,0.97340482473373413,-0.26909971237182617,0,0,0,0,1,1,0,0,1,1,0,1,0,0,0,0,0,1,0,1,2,0,0,3.4011974334716797,2.995732307434082,3.4011974334716797,2.995732307434082,2.3025851249694824
1,1,1,0,0,0,0,0,0,0,0,1,0,1,1,1,0,1,0,0,0,0,40,25,20,15,20,0,0,1,0,0,4a,4,1,5,0.02,0,131,0.90000000000000002,0,1,1,1,2,2,2,2,2,2,2,479,2,4,22,12,5,-17,9,6,3,8,1,5,7,12,4,2,4,5,5,-11,2,2,1,2,3,6,7,-20,4,4,5,4,4,4,5,3,5,4,4,2,300,330,305,325,310,330,305,325,310,330,2,1,1,1,4,0,1,1.206768274307251,-1.1237103939056396,1.6388561725616455,0,0,0,0,1,0,0,0,0,1,0,1,0,0,1,1,0,1,0,1,0,0,0,3.6888794898986816,3.2188758850097656,2.995732307434082,2.7080502510070801,2.995732307434082
2,1,1,0,1,1,0,0,0,0,0,1,0,1,0,0,0,0,0,0,0,0,20,10,20,10,10,0,0,1,1,1,2a,2,2,6,0.02,39,0,0,-17,1,1,1,1,1,1,1,1,2,2,479,1,1,20,9,4,-9,8,5,2,4,6,3,9,12,1,7,4,4,4,-11,2,1,1,3,4,7,5,-16,3,4,1,3,5,1,5,2,4,5,5,4,300,320,310,290,280,320,310,290,280,270,2,1,1,1,9,2,3,0.72871506214141846,-0.84501248598098755,1.2335022687911987,0,0,0,0,1,0,0,0,0,1,1,1,1,0,1,1,0,0,1,1,0,0,0,2.995732307434082,2.3025851249694824,2.995732307434082,2.3025851249694824,2.3025851249694824
1,1,0,1,0,0,0,0,0,0,0,1,1,0,1,1,0,1,0,0,0,0,50,80,100,80,140,0,0,0,0,0,3c,10,0,0,0.02,68,76,3,-3,1,1,1,1,1,1,2,2,2,2,479,1,4,22,17,5,-36,6,4,3,9,7,1,12,8,2,5,3,3,4,-18,5,6,6,5,6,7,4,-43,2,3,4,2,2,2,2,2,3,2,2,1,300,240,320,220,140,240,320,220,140,280,3,1,1,1,7,2,1,0.012959655374288559,1.4474323987960815,-0.63628280162811279,1,0,0,0,0,0,0,0,1,0,1,1,0,1,1,1,1,1,0,0,0,0,0,3.9120230674743652,4.3820266723632812,4.6051702499389648,4.3820266723632812,4.9416422843933105
2,2,1,0,1,0,1,0,0,0,0,1,0,1,0,1,1,0,0,0,0,0,10,15,15,15,15,0,0,0,0,0,4d,8,2,0,0.02,0,77,1.8,-2,1,1,1,1,1,1,2,2,2,2,480,2,1,21,15,5,-167,4,9,3,2,5,8,7,12,1,6,2,4,3,-37,4,3,4,3,6,7,6,-52,1,3,3,1,2,1,2,2,1,1,1,1,300,310,295,310,295,310,295,310,295,280,2,1,1,1,7,2,4,-0.032453425228595734,0.19189831614494324,-1.6549879312515259,0,0,0,0,1,0,0,0,0,1,0,1,1,1,1,1,1,1,0,1,0,0,0,2.3025851249694824,2.7080502510070801,2.7080502510070801,2.7080502510070801,2.7080502510070801
2,2,0,1,1,1,1,0,0,0,0,1,1,0,0,0,1,0,0,0,0,0,10,10,10,10,10,1,1,1,1,1,8c,6,2,2,0.02,22,28,1.2,-3,1,1,1,1,1,2,2,2,2,2,479,2,4,23,23,3,9,1,2,3,8,12,9,6,7,5,4,3,3,3,-3,5,5,5,6,6,5,4,-6,3,3,2,3,2,2,2,3,2,2,2,2,300,310,300,290,280,310,300,290,280,290,3,1,1,1,6,2,4,-0.082295022904872894,1.5533199310302734,-0.50547802448272705,1,0,0,0,0,0,0,0,0,1,1,1,0,1,0,0,0,0,1,0,0,0,0,2.3025851249694824,2.3025851249694824,2.3025851249694824,2.3025851249694824,2.3025851249694824
2,2,0,1,1,0,1,0,0,0,0,1,1,0,0,1,1,1,0,0,0,0,40,50,50,50,100,0,0,1,0,1,3b,10,0,0,0.02,77,121,3,-14,1,1,1,1,2,2,2,2,2,2,479,1,4,23,14,5,-31,9,6,12,7,3,8,2,4,1,5,4,4,3,-8,5,1,6,1,2,6,5,-22,2,2,4,1,3,1,3,4,2,2,2,1,300,250,300,250,200,250,300,250,200,300,3,1,1,1,5,1,4,0.6334604024887085,-0.27910485863685608,-0.81890112161636353,1,0,0,0,0,0,0,0,1,0,1,1,0,0,1,1,0,1,1,0,0,0,0,3.6888794898986816,3.9120230674743652,3.9120230674743652,3.9120230674743652,4.6051702499389648
2,1,1,1,0,1,0,0,0,0,0,1,0,0,1,0,0,0,1,1,0,0,10,10,10,20,30,1,1,0,1,1,4e,8,1,1,0.02,61,78,2.1000000000000001,-8,1,1,1,1,1,1,1,1,2,2,479,1,5,24,22,4,-9,9,7,12,1,5,6,2,4,3,8,2,3,5,-9,3,5,3,4,5,6,5,-36,4,4,5,5,5,4,3,4,3,3,4,3,300,290,270,250,230,290,270,250,230,200,2,2,1,1,9,2,3,-0.2247425764799118,0.38315686583518982,1.3676955699920654,0,0,0,0,1,1,0,0,1,1,1,1,1,0,0,0,1,0,1,1,2,0,0,2.3025851249694824,2.3025851249694824,2.3025851249694824,2.995732307434082,3.4011974334716797
2,2,0,1,1,0,1,0,0,0,0,1,1,0,0,1,1,0,0,0,0,0,100,100,100,180,380,1,1,1,1,1,3f,8,2,0,0.02,2,167,1.8,-4,1,1,1,2,2,2,2,2,2,2,476,1,4,24,24,5,-81,2,5,9,1,3,6,7,4,8,12,1,1,1,1,4,2,1,2,2,6,6,-17,2,3,2,3,1,1,3,2,4,3,2,4,300,400,300,200,380,400,300,200,380,760,3,1,1,1,4,0,4,-1.704315185546875,-0.91857224702835083,-0.10610038787126541,1,0,0,0,0,0,0,0,0,1,1,0,0,1,0,0,0,0,1,0,0,0,0,4.6051702499389648,4.6051702499389648,4.6051702499389648,5.1929569244384766,5.9401712417602539
2,1,0,1,0,1,1,0,0,0,0,1,1,0,1,0,1,0,0,0,0,0,50,50,50,50,100,1,1,1,0,1,7a,7,3,0,0.02,8,137,1.2,-1,1,1,1,1,1,2,2,2,2,2,479,2,2,20,24,5,-101,1,4,3,12,7,6,2,8,5,9,1,1,1,-1,7,6,7,7,7,7,3,-20,5,5,2,3,2,2,1,2,5,3,5,4,300,350,300,350,400,350,300,350,400,500,3,1,1,1,6,2,3,-1.704315185546875,2.3824536800384521,1.1076817512512207,1,0,0,0,0,0,0,0,0,1,0,0,0,0,0,0,0,1,1,0,0,0,0,3.9120230674743652,3.9120230674743652,3.9120230674743652,3.9120230674743652,4.6051702499389648
1,2,0,0,0,0,1,0,0,0,0,1,1,1,1,1,1,0,0,0,0,0,50,60,70,80,110,1,1,1,1,1,4c,7,3,0,0.02,44,92,1.2,-1,1,1,1,1,1,1,1,2,2,2,479,2,1,19,10,4,-73,7,3,1,12,5,9,8,6,4,2,2,4,4,-11,4,2,6,6,5,7,7,-30,2,3,1,2,3,1,1,3,3,3,4,2,300,350,410,480,560,350,410,480,560,670,3,3,3,3,8,2,2,0.062801256775856018,0.65075337886810303,-0.24075186252593994,1,1,1,1,0,0,0,0,0,0,0,0,0,1,0,0,0,0,1,0,1,1,1,3.9120230674743652,4.0943446159362793,4.2484951019287109,4.3820266723632812,4.7004804611206055
2,1,0,0,0,0,1,0,0,0,0,1,1,1,1,1,1,0,0,0,0,0,35,70,65,80,250,1,0,0,1,1,1b,5,5,0,0.02,12,121,0,-2,1,1,1,1,2,2,2,2,2,2,479,2,1,19,20,5,-47,1,3,7,9,12,4,2,8,5,6,4,4,2,-6,3,3,3,5,5,6,5,-22,2,2,3,3,4,2,2,2,3,3,2,2,300,335,265,200,280,335,265,200,280,530,3,3,3,3,5,1,3,0.53820574283599854,0.33229616284370422,-0.29325482249259949,1,1,1,1,0,0,0,0,0,1,1,0,0,0,0,1,1,0,1,0,1,1,1,3.5553481578826904,4.2484951019287109,4.1743874549865723,4.3820266723632812,5.521461009979248
2,2,1,0,0,1,0,0,0,0,0,1,0,1,1,0,0,1,1,0,0,0,10,10,10,17,13,0,0,1,1,1,7c,3,5,2,0.02,6,16,0,-2,1,1,1,1,1,1,2,2,2,2,479,2,1,20,5,4,-60,8,9,12,7,4,5,6,1,2,3,3,3,4,-8,3,4,3,3,3,5,5,-12,2,1,2,1,2,2,2,1,2,2,3,2,300,300,280,290,273,300,280,290,273,260,2,1,1,1,7,2,4,0.012959655374288559,-0.052654724568128586,-1.0363467931747437,0,0,0,0,1,0,0,0,0,1,0,1,1,0,1,1,0,0,1,1,0,0,0,2.3025851249694824,2.3025851249694824,2.3025851249694824,2.8332133293151855,2.5649492740631104
1,2,0,1,0,1,1,0,0,0,0,1,1,0,1,0,1,0,0,0,0,0,20,50,100,320,50,1,1,1,1,1,7d,3,2,5,0.02,56,0,0.29999999999999999,-30,1,2,2,2,2,2,2,2,2,2,462,2,6,22,14,5,-57,5,2,3,4,1,9,8,6,12,7,5,5,5,-10,1,1,1,1,1,5,7,-18,1,4,4,3,5,1,5,2,3,1,3,3,300,320,270,370,50,320,270,370,50,100,3,1,1,1,2,-2,2,1.5397251844406128,-1.6778906583786011,-0.025148114189505577,1,0,0,0,0,0,0,0,0,1,0,1,0,1,0,0,0,0,1,0,0,0,0,2.995732307434082,3.9120230674743652,4.6051702499389648,5.7683210372924805,3.9120230674743652
1,1,0,0,0,0,0,0,0,0,0,1,1,1,1,1,0,0,0,0,0,0,15,15,30,20,100,1,1,0,1,1,1c,8,2,0,0.02,14,77,1.8,-7,1,1,1,1,1,2,2,2,2,2,479,2,1,19,17,4,-31,2,1,3,5,4,9,8,12,6,7,3,4,3,-16,4,2,2,3,4,5,5,-45,2,2,2,2,3,1,3,3,2,2,2,2,300,315,330,300,320,315,330,300,320,220,3,3,3,3,6,2,1,0.30050349235534668,-0.16930951178073883,-0.79190313816070557,1,1,1,1,0,0,0,0,0,0,1,0,1,0,0,0,1,0,1,0,1,1,1,2.7080502510070801,2.7080502510070801,3.4011974334716797,2.995732307434082,4.6051702499389648
1,2,0,0,0,1,1,0,0,0,0,1,1,1,1,0,1,0,0,0,0,0,10,12,25,60,30,1,1,1,1,0,4b,6,2,2,0.02,35,3,1.2,-6,1,1,1,1,1,1,1,1,2,2,479,2,2,19,8,4,-116,5,2,3,8,6,4,9,1,7,12,4,4,4,-28,6,4,3,4,3,5,4,-27,3,2,3,2,3,1,1,2,1,3,1,2,300,310,322,347,287,310,322,347,287,257,3,3,3,1,9,2,2,0.72871506214141846,0.56523948907852173,-1.0325884819030762,1,1,1,0,0,0,0,0,0,0,0,1,1,0,0,0,0,0,0,0,1,1,0,2.3025851249694824,2.4849066734313965,3.2188758850097656,4.0943446159362793,3.4011974334716797
2,1,0,0,1,1,0,0,0,0,0,1,1,1,0,0,0,1,0,0,0,0,50,50,90,100,25,0,1,1,1,1,2d,9,1,0,0.02,4,3,2.3999999999999999,-1,1,1,1,1,2,2,2,2,2,2,479,2,3,22,17,5,-33,1,4,3,12,5,2,8,7,9,6,3,4,4,-28,4,3,4,4,5,7,6,-38,2,3,1,2,3,1,2,2,3,2,2,2,300,240,290,200,100,240,290,200,100,75,3,3,1,1,5,1,3,0.39575815200805664,0.23495252430438995,-0.7164807915687561,1,1,0,0,0,0,0,0,1,0,1,1,1,0,1,0,0,0,1,0,1,0,0,3.9120230674743652,3.9120230674743652,4.499809741973877,4.6051702499389648,3.2188758850097656
1,1,0,0,0,1,1,0,0,0,0,1,1,1,1,0,1,0,0,0,0,0,50,100,100,50,150,1,0,0,0,1,2f,3,2,5,0.02,0,20,0.29999999999999999,-8,1,1,1,1,1,2,2,2,2,2,479,1,2,19,12,4,-44,6,12,2,9,1,8,7,4,5,3,5,2,1,-16,2,2,2,4,4,6,5,-28,2,3,4,3,5,1,2,2,3,3,2,2,300,350,250,150,200,350,250,150,200,350,3,3,3,1,6,2,1,0.010310927405953407,-0.33135929703712463,-0.18276591598987579,1,1,1,0,0,0,0,0,0,1,1,0,0,0,0,1,1,1,1,0,1,1,0,3.9120230674743652,4.6051702499389648,4.6051702499389648,3.9120230674743652,5.0106353759765625
2,1,0,0,1,1,0,0,0,1,1,0,1,1,1,1,1,0,0,0,0,0,10,10,10,10,10,1,0,1,1,1,1b,7,3,0,0.02,46,122,1.2,-1,1,1,1,1,1,1,1,1,2,2,479,2,1,19,19,4,7,2,4,1,5,3,6,9,12,8,7,2,2,3,-2,2,1,1,2,2,6,6,-9,1,1,4,2,3,2,2,2,1,3,1,1,300,310,300,310,320,310,300,310,320,330,3,3,1,1,9,2,3,-0.79805046319961548,-1.2651004791259766,-1.2329784631729126,1,1,1,1,0,0,0,0,0,1,0,0,0,0,0,1,1,1,0,0,1,1,1,2.3025851249694824,2.3025851249694824,2.3025851249694824,2.3025851249694824,2.3025851249694824
2,1,0,1,0,0,1,0,0,1,1,0,1,0,0,0,0,0,0,0,0,0,100,100,150,100,50,0,0,1,1,1,6a,8,2,0,0.02,92,105,1.8,-3,1,1,1,1,1,2,2,2,2,2,479,1,1,21,11,4,-67,5,2,3,6,9,4,1,8,12,7,2,2,3,-12,2,1,2,2,5,6,6,-41,2,3,4,1,5,2,3,1,2,2,3,1,300,200,300,150,50,200,300,150,50,0,3,1,1,1,6,2,3,-0.79805046319961548,-0.74699217081069946,-0.56511795520782471,1,0,0,0,0,0,0,0,1,0,1,1,1,0,1,1,1,1,0,0,0,0,0,4.6051702499389648,4.6051702499389648,5.0106353759765625,4.6051702499389648,3.9120230674743652
1,2,1,1,1,1,0,0,0,1,1,0,0,0,1,1,1,0,0,0,0,0,100,100,100,10,10,1,0,1,0,0,5c,10,0,0,0.02,99999,99999,3,99999,1,1,1,1,1,2,2,2,2,2,99999,1,2,22,99999,5,99999,5,4,3,7,2,1,9,6,8,12,3,3,3,99999,3,5,3,4,4,6,6,99999,4,4,4,3,4,3,4,3,3,3,3,3,300,200,300,400,390,200,300,400,390,380,2,2,2,2,6,2,2,-0.082295022904872894,0.16342315077781677,0.76555216312408447,0,0,0,0,1,1,0,0,1,0,0,1,1,0,0,1,1,0,1,1,2,0,0,4.6051702499389648,4.6051702499389648,4.6051702499389648,2.3025851249694824,2.3025851249694824
1,1,0,0,1,0,0,0,0,1,1,0,1,1,1,0,1,0,0,0,0,0,10,15,20,25,10,0,1,1,0,1,2f,9,0,1,0.02,73,115,2.7000000000000002,-4,1,1,1,1,1,1,1,1,2,2,479,1,2,20,20,4,-24,5,4,7,9,1,12,2,8,6,3,2,2,2,-4,3,2,2,5,5,5,2,-15,3,3,2,2,3,1,4,1,2,2,3,2,300,290,305,325,350,290,305,325,350,360,3,3,1,1,9,2,1,-0.89330512285232544,0.45763131976127625,-0.52366119623184204,1,1,1,0,0,0,0,0,1,0,0,0,0,0,1,0,1,0,0,0,1,1,0,2.3025851249694824,2.7080502510070801,2.995732307434082,3.2188758850097656,2.3025851249694824
2,2,0,0,0,1,1,0,0,1,1,0,1,1,0,1,0,0,0,0,0,0,150,90,20,20,20,0,0,1,0,1,6b,7,3,0,0.02,172,192,1.2,-2,1,2,2,2,2,2,2,2,2,2,478,1,3,28,24,5,0,1,6,5,3,8,7,12,4,9,2,5,5,3,4,2,3,4,2,2,4,4,-13,2,2,2,2,3,2,5,3,2,2,1,2,300,150,60,40,20,150,60,40,20,0,3,3,3,1,2,-2,4,1.3492158651351929,-0.2459927499294281,-0.70296096801757812,1,1,0,0,0,0,0,0,1,1,1,1,1,0,1,1,1,0,0,0,1,0,0,5.0106353759765625,4.499809741973877,2.995732307434082,2.995732307434082,2.995732307434082
2,1,0,1,0,1,0,0,0,1,1,0,1,0,0,1,1,0,0,0,0,0,50,50,75,75,100,1,0,1,1,0,5d,8,2,0,0.02,99999,99999,1.8,99999,1,1,1,1,2,2,2,2,2,2,99999,1,2,23,99999,4,99999,6,3,9,8,2,4,7,1,12,5,2,2,4,99999,3,6,3,2,3,5,3,99999,4,3,4,2,1,1,3,4,2,3,2,2,300,350,400,325,400,350,400,325,400,300,3,1,1,1,5,1,3,-0.70279574394226074,0.18634030222892761,-0.27968260645866394,1,0,0,0,0,0,0,0,0,0,1,0,1,0,0,1,1,1,1,0,0,0,0,3.9120230674743652,3.9120230674743652,4.3174881935119629,4.3174881935119629,4.6051702499389648
2,2,1,0,0,1,0,0,0,1,1,0,0,1,0,1,1,0,0,0,0,0,30,30,20,50,80,1,1,1,1,0,4d,10,0,0,0.02,38,151,3,-2,1,1,1,1,1,1,2,2,2,2,480,1,1,19,18,4,-14,12,5,7,2,3,6,9,8,1,4,4,4,5,-9,5,5,2,3,3,7,7,-21,4,2,2,3,3,2,3,2,3,4,3,4,300,270,300,280,330,270,300,280,330,250,2,1,1,1,7,2,4,0.82396978139877319,-0.22343552112579346,0.38897556066513062,0,0,0,0,1,0,0,0,1,0,1,0,1,0,0,0,1,1,1,1,0,0,0,3.4011974334716797,3.4011974334716797,2.995732307434082,3.9120230674743652,4.3820266723632812
2,2,1,0,1,1,0,0,0,1,1,0,0,1,1,1,1,0,0,0,0,0,15,17,50,50,100,0,1,1,0,0,1a,8,2,0,0.02,102,173,1.8,-11,1,1,1,1,1,2,2,2,2,2,479,2,1,19,16,4,-233,9,2,5,12,4,6,1,8,7,3,3,2,1,-16,3,2,2,5,6,6,6,-20,4,4,3,2,4,2,3,3,3,2,4,2,300,315,332,382,332,315,332,382,332,232,2,1,1,1,6,2,4,-0.65560287237167358,0.11299622058868408,0.34074506163597107,0,0,0,0,1,0,0,0,0,0,0,1,1,0,1,0,1,0,1,1,0,0,0,2.7080502510070801,2.8332133293151855,3.9120230674743652,3.9120230674743652,4.6051702499389648
2,1,1,0,0,0,1,0,0,1,1,0,0,1,0,0,0,0,0,0,0,0,25,30,30,25,25,0,0,0,1,1,2a,7,3,0,0.02,54,2,1.2,-2,1,1,1,1,1,1,2,2,2,2,479,2,1,20,14,4,-31,9,7,2,4,8,3,12,1,6,5,4,5,4,3,6,3,5,7,7,5,5,-20,5,5,4,5,5,1,4,2,3,4,5,5,300,325,295,325,300,325,295,325,300,275,2,1,1,1,7,2,3,1.111513614654541,1.6524274349212646,1.6186259984970093,0,0,0,0,1,0,0,0,0,1,0,1,1,0,1,1,0,1,0,1,0,0,0,3.2188758850097656,3.4011974334716797,3.4011974334716797,3.2188758850097656,3.2188758850097656
1,1,1,0,1,1,1,0,0,1,1,0,0,1,1,1,0,0,0,0,0,0,50,25,100,75,50,1,1,1,1,1,7b,8,2,0,0.02,67,154,1.8,-15,1,1,1,1,1,1,1,1,2,2,477,2,2,20,17,5,-26,1,12,3,2,7,9,5,6,4,8,4,4,4,-4,5,5,3,5,6,6,3,-18,4,4,4,4,4,2,4,4,4,4,4,4,300,250,275,375,450,250,275,375,450,400,2,1,1,1,9,2,1,0.72871506214141846,1.1024160385131836,1.4241064786911011,0,0,0,0,1,0,0,0,1,0,0,0,1,1,0,0,1,1,0,1,0,0,0,3.9120230674743652,3.2188758850097656,4.6051702499389648,4.3174881935119629,3.9120230674743652
1,1,0,0,1,1,1,0,0,1,1,0,1,1,1,1,0,0,0,1,0,0,50,50,50,50,90,0,0,1,1,1,1c,8,2,0,0.02,84,133,1.8,-12,1,1,1,1,1,1,1,2,2,2,479,1,2,22,22,5,-34,4,7,2,12,6,1,5,8,9,3,4,4,1,-8,6,6,6,6,6,6,6,-10,5,5,4,5,5,2,3,4,4,4,5,4,300,250,200,240,290,250,200,240,290,200,3,3,1,1,8,2,1,0.4429510235786438,1.64042067527771,1.8950437307357788,1,1,1,1,0,0,0,0,1,1,0,0,1,0,1,1,1,1,0,0,1,1,1,3.9120230674743652,3.9120230674743652,3.9120230674743652,3.9120230674743652,4.499809741973877
2,1,0,1,0,1,0,0,0,1,1,0,1,0,0,1,1,0,0,0,0,0,10,20,25,25,40,1,1,0,1,1,3e,10,0,0,0.02,9,11,3,-3,1,1,1,1,1,2,2,2,2,2,478,2,2,18,4,4,-126,7,12,2,6,3,5,1,8,9,4,4,2,3,-23,5,3,3,2,3,2,5,-20,4,4,4,2,4,2,2,2,3,3,2,1,300,310,290,315,340,310,290,315,340,380,3,1,1,1,6,2,3,-0.13213662803173065,0.18767046928405762,-0.028306668624281883,1,0,0,0,0,0,0,0,0,1,0,0,0,0,0,0,0,1,0,0,0,0,0,2.3025851249694824,2.995732307434082,3.2188758850097656,3.2188758850097656,3.6888794898986816
1,2,0,0,1,1,0,0,0,1,1,0,1,1,1,1,1,0,0,0,0,0,50,50,50,50,50,1,1,1,1,1,4c,9,1,0,0.02,121,35,2.3999999999999999,-3,1,1,1,1,1,1,1,2,2,2,479,1,2,19,9,5,-185,1,12,4,5,3,8,7,6,9,2,4,4,4,-14,3,5,3,3,3,4,3,-32,3,3,3,3,3,4,3,2,2,3,2,2,300,350,400,450,500,350,400,450,500,550,3,3,1,1,8,2,2,0.72871506214141846,0.3393034040927887,-0.037663370370864868,1,1,1,1,0,0,0,0,0,0,0,0,0,1,0,0,1,1,0,0,1,1,1,3.9120230674743652,3.9120230674743652,3.9120230674743652,3.9120230674743652,3.9120230674743652
2,1,0,1,1,0,0,0,0,1,1,0,1,0,1,0,1,0,0,0,0,0,30,20,10,10,10,1,1,1,1,1,7a,9,1,0,0.02,19,7,2.3999999999999999,0,1,1,1,1,1,1,1,2,2,2,479,2,6,23,21,5,-8,1,2,9,7,6,5,4,8,12,3,5,5,4,-18,1,1,1,1,5,5,6,-26,3,4,4,1,4,2,4,2,3,3,1,2,300,330,310,320,310,330,310,320,310,320,3,1,1,1,8,2,3,1.4444705247879028,-1.0811572074890137,-0.15640805661678314,1,0,0,0,0,0,0,0,0,1,0,1,0,1,0,0,1,1,0,0,0,0,0,3.4011974334716797,2.995732307434082,2.3025851249694824,2.3025851249694824,2.3025851249694824
2,1,0,0,0,0,1,0,0,1,1,0,1,1,0,0,0,0,0,0,0,0,10,15,15,10,20,1,1,0,1,1,2d,9,1,0,0.02,83,27,2.3999999999999999,1,1,1,1,1,1,1,1,2,2,2,479,1,1,20,7,4,-129,7,8,12,4,5,2,9,3,1,6,4,5,4,-16,3,3,4,3,2,7,5,-26,4,3,2,4,3,4,5,3,2,1,2,3,300,310,325,340,330,310,325,340,330,310,3,3,3,3,8,2,3,1.111513614654541,-0.33506959676742554,0.15131296217441559,1,1,0,0,0,0,0,0,0,0,0,1,1,0,0,0,0,1,0,0,1,0,0,2.3025851249694824,2.7080502510070801,2.7080502510070801,2.3025851249694824,2.995732307434082
2,2,1,1,0,1,1,0,0,1,1,0,0,0,0,1,0,0,0,0,0,0,50,75,125,50,100,0,1,1,0,0,2c,10,0,0,0.02,27,16,3,1,1,1,1,1,2,2,2,2,2,2,479,1,1,21,22,5,-82,5,4,2,1,3,6,7,8,12,9,4,5,2,-9,6,4,2,2,1,7,5,-19,3,4,4,4,5,3,4,3,2,1,2,4,300,350,275,150,100,350,275,150,100,200,2,2,1,1,5,1,4,0.92100423574447632,-0.44677713513374329,0.30518200993537903,0,0,0,0,1,1,1,0,0,1,1,1,0,0,1,0,1,0,1,1,2,2,0,3.9120230674743652,4.3174881935119629,4.8283138275146484,3.9120230674743652,4.6051702499389648
1,1,0,1,1,1,1,0,0,1,1,0,1,0,1,1,0,0,0,0,0,0,30,40,30,40,40,1,1,0,0,0,3c,8,1,1,0.02,167,165,2.1000000000000001,-3,1,1,1,1,1,1,2,2,2,2,479,2,4,22,17,5,9,6,1,3,5,2,4,7,8,9,12,2,2,2,-9,3,6,2,3,3,6,5,-18,2,5,4,2,2,1,4,1,2,4,5,2,300,330,290,260,220,330,290,260,220,260,3,1,1,1,7,2,1,-0.89330512285232544,-0.068214908242225647,0.20800438523292542,1,0,0,0,0,0,0,0,0,1,1,1,0,0,0,0,0,0,1,0,0,0,0,3.4011974334716797,3.6888794898986816,3.4011974334716797,3.6888794898986816,3.6888794898986816
1,2,1,0,1,1,1,1,0,1,1,1,1,1,1,1,1,0,0,0,0,0,20,30,40,50,100,0,0,0,0,1,4c,0,0,10,0.02,0,99999,0,-3,1,1,1,1,2,2,2,2,2,2,479,2,1,19,1,5,-43,2,5,3,8,9,1,4,12,6,7,2,3,2,-22,3,5,3,6,4,7,6,-31,3,3,3,2,4,4,3,3,2,2,3,1,300,280,250,210,160,280,250,210,160,260,2,1,1,1,5,1,2,-0.51050662994384766,0.40683165192604065,-0.085546866059303284,1,1,1,1,0,0,0,0,1,1,1,1,0,0,0,1,0,0,1,0,1,1,1,2.995732307434082,3.4011974334716797,3.6888794898986816,3.9120230674743652,4.6051702499389648
2,2,0,0,1,1,1,1,0,1,1,1,0,1,1,1,1,0,0,0,0,0,10,20,30,40,150,0,0,0,0,0,1a,8,2,0,0.02,108,129,1.8,-1,1,1,1,1,2,2,2,2,2,2,479,1,1,20,12,5,-36,12,2,5,8,6,4,9,3,7,1,4,4,2,-4,5,4,4,3,2,6,7,-13,2,3,4,3,2,1,2,3,4,5,4,4,300,310,290,260,220,310,290,260,220,70,3,3,1,1,5,1,4,0.53820574283599854,-0.082642555236816406,0.68370616436004639,0,0,0,0,1,0,0,0,0,1,1,1,1,1,0,1,0,0,0,1,0,0,0,2.3025851249694824,2.995732307434082,3.4011974334716797,3.6888794898986816,5.0106353759765625
1,1,1,0,1,0,1,1,0,1,1,1,1,1,1,0,1,0,0,0,0,0,20,20,10,10,20,1,1,1,1,1,2f,9,1,0,0.02,116,138,2.3999999999999999,0,1,1,1,1,1,1,1,1,1,1,479,1,1,21,20,5,-14,2,6,8,1,5,7,9,3,12,4,4,4,4,-9,2,5,2,2,2,6,6,-18,4,4,4,3,4,2,3,3,3,2,3,2,300,320,340,350,340,320,340,350,340,360,2,1,1,1,11,2,1,0.72871506214141846,-0.68482893705368042,0.33602377772331238,1,1,1,0,0,0,0,0,0,0,0,1,0,1,1,0,1,1,1,0,1,1,0,2.995732307434082,2.995732307434082,2.3025851249694824,2.3025851249694824,2.995732307434082
1,1,1,1,1,1,0,1,0,1,1,1,1,0,1,1,0,0,0,0,0,0,20,30,40,30,75,1,1,0,1,0,3c,9,1,0,0.02,96,43,2.3999999999999999,-6,1,1,1,1,2,2,2,2,2,2,479,1,3,20,11,4,-59,7,8,2,5,4,6,12,3,9,1,4,4,2,-4,3,2,3,5,6,7,4,-13,3,3,3,4,3,2,3,5,3,3,4,4,300,320,290,250,280,320,290,250,280,355,2,2,2,2,5,1,1,0.53820574283599854,0.3482060432434082,0.78936076164245605,1,0,0,0,0,0,0,0,0,1,1,0,0,0,1,0,0,1,0,0,0,0,0,2.995732307434082,3.4011974334716797,3.6888794898986816,3.4011974334716797,4.3174881935119629
2,1,1,1,0,0,0,1,0,1,1,1,1,0,0,0,0,0,0,0,0,0,20,10,10,10,20,1,0,0,1,1,6a,9,1,0,0.02,44,59,2.3999999999999999,-3,1,1,1,1,1,1,1,2,2,2,479,2,2,19,16,5,-61,5,6,3,4,8,12,7,1,9,2,4,4,5,-16,3,1,1,2,1,6,5,-34,3,2,4,2,5,3,4,1,1,1,3,1,300,320,330,340,330,320,330,340,330,310,2,2,1,1,8,2,3,0.82396978139877319,-1.1783311367034912,-0.6002960205078125,1,0,0,0,0,0,0,0,0,0,0,1,1,0,1,1,0,1,1,0,0,0,0,2.995732307434082,2.3025851249694824,2.3025851249694824,2.3025851249694824,2.995732307434082
1,1,0,0,0,0,1,1,0,1,1,1,0,1,0,0,1,0,0,0,0,0,20,30,50,60,100,1,1,1,1,1,2b,8,2,0,0.02,37,68,1.8,-6,1,1,1,1,1,2,2,2,2,2,478,1,1,23,5,5,-19,12,7,3,5,1,8,6,2,9,4,3,4,4,-8,7,6,2,5,6,6,5,-11,5,4,3,2,5,2,4,3,4,4,5,3,300,280,310,260,200,280,310,260,200,300,3,3,3,3,6,2,1,0.39575815200805664,1.1197013854980469,1.3170892000198364,0,0,0,0,1,0,0,0,1,0,1,1,0,1,1,0,1,1,1,1,0,0,0,2.995732307434082,3.4011974334716797,3.9120230674743652,4.0943446159362793,4.6051702499389648
2,2,1,0,0,1,0,1,0,1,1,1,1,1,0,1,0,1,1,1,1,1,30,40,40,40,170,1,0,1,1,1,6b,7,3,0,0.02,156,142,1.2,0,2,2,2,2,2,2,2,2,2,2,477,1,3,23,23,3,6,4,2,12,8,6,3,7,5,1,9,3,3,1,0,2,3,3,1,1,6,5,-1,1,5,5,1,3,3,4,4,5,3,5,2,300,320,270,220,250,320,270,220,250,70,2,1,1,1,1,-2,4,-0.2728043794631958,-0.96362203359603882,0.94898271560668945,1,1,0,0,0,0,0,0,0,1,1,0,1,0,1,1,1,1,1,0,1,0,0,3.4011974334716797,3.6888794898986816,3.6888794898986816,3.6888794898986816,5.135798454284668
1,1,0,1,1,1,0,1,0,1,1,1,0,0,1,1,0,0,0,0,0,0,50,50,100,70,30,1,1,0,0,0,5e,6,4,0,0.02,99999,99999,0.59999999999999998,99999,1,1,1,1,1,1,2,2,2,2,99999,3,2,20,99999,5,99999,4,5,3,1,12,7,8,6,9,2,1,1,2,99999,3,2,2,4,2,3,3,99999,2,4,3,1,2,2,2,1,1,2,1,1,300,250,200,100,30,250,200,100,30,60,3,1,1,1,7,2,1,-1.609060525894165,0.0059098135679960251,-1.2689117193222046,0,0,0,0,1,1,0,0,1,1,1,1,0,0,1,0,0,0,0,1,2,0,0,3.9120230674743652,3.9120230674743652,4.6051702499389648,4.2484951019287109,3.4011974334716797
1,2,0,0,1,1,0,1,0,1,1,1,0,1,1,1,0,0,0,0,0,0,10,10,10,10,10,1,1,1,1,0,6e,0,0,10,0.02,0,0,0,-5,1,1,1,1,1,1,1,1,1,2,479,1,2,23,21,4,-17,8,12,7,4,5,9,6,1,3,2,2,2,4,-7,3,3,3,5,5,4,2,-10,3,4,4,3,5,2,3,3,3,3,2,3,300,290,300,310,320,290,300,310,320,330,3,3,1,1,10,2,2,-0.70279574394226074,0.80256372690200806,0.39282882213592529,0,0,0,0,1,0,0,0,1,0,0,0,0,0,1,0,1,1,0,1,0,0,0,2.3025851249694824,2.3025851249694824,2.3025851249694824,2.3025851249694824,2.3025851249694824
2,1,1,1,0,1,1,1,0,1,1,1,1,0,0,1,1,1,0,0,0,0,40,40,40,50,100,1,1,1,1,0,3e,6,4,0,0.02,145,164,0.59999999999999998,-2,1,1,1,1,2,2,2,2,2,2,479,2,1,19,22,4,12,9,3,4,2,5,6,1,7,12,8,1,1,2,2,2,5,1,4,5,7,6,-27,4,4,5,5,5,2,3,1,2,2,2,2,300,330,290,250,300,330,290,250,300,200,2,2,1,1,5,1,3,-1.609060525894165,-0.20552931725978851,0.16340970993041992,1,0,0,0,0,0,0,0,0,1,1,0,1,0,1,0,1,1,0,0,0,0,0,3.6888794898986816,3.6888794898986816,3.6888794898986816,3.9120230674743652,4.6051702499389648
1,2,0,1,0,0,1,1,0,1,1,1,0,0,0,0,1,0,0,0,0,0,50,50,50,100,100,1,1,0,0,0,6c,10,0,0,0.02,28,13,3,1,1,1,1,1,1,1,1,2,2,2,479,2,3,21,16,5,-49,8,2,3,9,5,6,1,12,7,4,2,4,3,-16,2,2,2,2,4,6,6,-39,2,2,3,1,3,1,4,1,1,1,1,1,300,250,200,250,350,250,200,250,350,250,3,1,1,1,8,2,2,-0.032453425228595734,-0.76286798715591431,-1.5266351699829102,0,0,0,0,1,1,1,1,1,1,0,0,1,0,1,0,0,0,0,1,2,2,2,3.9120230674743652,3.9120230674743652,3.9120230674743652,4.6051702499389648,4.6051702499389648
1,2,0,1,0,1,1,1,0,1,1,1,0,0,0,1,1,1,0,0,0,0,50,50,50,64,100,1,0,0,0,0,3a,10,0,0,0.02,110,77,3,-6,1,1,1,1,2,2,2,2,2,2,480,1,4,23,12,4,-28,1,12,7,4,8,6,5,9,3,2,4,4,4,-5,2,5,6,4,5,6,5,-18,4,4,2,3,5,2,4,3,3,3,4,4,300,240,290,340,276,240,290,340,276,176,3,1,1,1,5,1,2,0.72871506214141846,0.68811392784118652,0.88894158601760864,0,0,0,0,1,1,1,0,1,0,0,1,1,0,1,1,0,0,0,1,2,2,0,3.9120230674743652,3.9120230674743652,3.9120230674743652,4.1588830947875977,4.6051702499389648
2,2,0,0,0,1,1,1,0,1,1,1,0,1,0,1,1,1,0,0,0,0,10,10,10,10,10,1,1,0,0,1,4d,5,5,0,0.02,2,117,0,-1,1,1,1,1,1,1,2,2,2,2,480,2,1,21,21,5,-23,7,3,5,4,12,9,2,1,6,8,1,1,4,1,2,2,2,6,2,7,5,-5,2,2,2,1,4,2,4,2,5,5,2,2,300,280,290,300,290,280,290,300,290,300,3,3,3,1,7,2,4,-1.4185512065887451,-0.33928397297859192,0.23234465718269348,0,0,0,0,1,0,0,0,1,0,0,1,0,0,1,0,0,0,1,1,0,0,0,2.3025851249694824,2.3025851249694824,2.3025851249694824,2.3025851249694824,2.3025851249694824
2,2,1,1,0,1,1,1,0,1,1,1,1,0,0,1,1,0,0,0,0,0,50,30,30,10,10,1,1,1,0,1,3b,6,3,1,0.02,88,38,0.90000000000000002,-3,1,1,1,1,1,1,1,2,2,2,479,2,6,22,-61,5,-26,6,12,3,7,1,5,8,4,9,2,5,2,3,-15,2,3,2,2,5,7,4,-26,2,3,3,3,4,2,4,3,3,2,1,2,300,350,320,290,280,350,320,290,280,290,2,2,1,1,8,2,4,0.20082028210163116,-0.43330946564674377,-0.27638497948646545,1,0,0,0,0,0,0,0,0,1,1,1,0,0,1,0,1,0,1,0,0,0,0,3.9120230674743652,3.4011974334716797,3.4011974334716797,2.3025851249694824,2.3025851249694824
1,1,0,0,1,1,0,1,0,1,1,1,0,1,1,1,0,0,0,0,0,0,10,20,50,20,20,1,1,1,0,0,7b,8,1,1,0.02,80,104,2.1000000000000001,0,1,1,1,1,2,2,2,2,2,2,479,1,6,24,0,2,-10,8,2,3,12,7,6,4,1,9,5,4,4,2,-13,5,2,2,2,6,6,5,-27,2,2,5,4,4,2,4,2,3,2,3,1,300,290,310,360,340,290,310,360,340,360,3,3,1,1,5,1,1,0.53820574283599854,-0.062361452728509903,-0.056031703948974609,0,0,0,0,1,0,0,0,1,0,0,1,0,0,1,0,1,0,0,1,0,0,0,2.3025851249694824,2.995732307434082,3.9120230674743652,2.995732307434082,2.995732307434082
1,1,0,1,1,0,1,1,0,1,1,1,0,0,1,0,1,1,0,0,0,1,30,40,50,60,100,1,1,1,1,1,6d,8,2,0,0.02,5,2,1.8,-4,1,1,1,1,1,1,2,2,2,2,479,1,2,20,20,4,-141,8,6,12,5,3,4,7,9,2,1,2,2,1,-10,5,3,2,4,7,7,2,-30,3,3,4,1,4,2,4,1,1,3,3,2,300,260,220,270,210,260,220,270,210,300,3,1,1,1,7,2,1,-0.9885597825050354,0.69870579242706299,-0.37620419263839722,0,0,0,0,1,1,0,0,1,1,0,1,0,1,1,0,1,1,1,1,2,0,0,3.4011974334716797,3.6888794898986816,3.9120230674743652,4.0943446159362793,4.6051702499389648
2,1,1,0,0,0,0,1,0,1,1,1,1,1,0,0,0,0,0,0,0,0,60,60,60,60,50,0,0,0,0,0,2d,10,0,0,0.02,45,95,3,0,1,1,1,1,2,2,2,2,2,2,479,1,1,19,23,5,-66,1,12,6,2,3,5,7,9,8,4,3,4,3,-17,5,1,6,7,6,6,7,-33,1,2,3,1,2,3,5,4,3,1,2,3,300,240,180,240,300,240,180,240,300,350,2,1,1,1,5,1,3,0.30050349235534668,1.047751784324646,-0.46099609136581421,1,1,0,0,0,0,0,0,1,1,0,0,0,1,0,1,0,0,0,0,1,0,0,4.0943446159362793,4.0943446159362793,4.0943446159362793,4.0943446159362793,3.9120230674743652
2,1,0,1,1,0,0,1,0,1,1,1,0,0,1,0,0,0,0,0,0,0,50,100,100,150,100,1,1,1,1,1,4e,9,1,0,0.02,6,112,2.3999999999999999,-78,1,1,1,1,2,2,2,2,2,2,479,1,4,24,19,5,-32,7,3,12,4,5,9,1,8,6,2,4,4,1,-10,5,5,4,3,1,5,7,-25,2,5,4,3,3,2,3,2,1,2,1,1,300,250,150,250,100,250,150,250,100,0,3,1,1,1,5,1,3,0.4429510235786438,-0.0044853063300251961,-0.6929134726524353,0,0,0,0,1,1,0,0,1,1,0,1,1,1,1,0,1,1,1,1,2,0,0,3.9120230674743652,4.6051702499389648,4.6051702499389648,5.0106353759765625,4.6051702499389648
1,2,0,1,1,1,1,1,0,1,1,1,0,0,1,1,1,1,0,0,0,0,50,60,60,50,30,1,1,0,0,0,4f,10,0,0,0.02,165,172,3,-2,1,1,1,1,1,2,2,2,2,2,479,1,4,20,18,4,-80,4,6,3,12,8,1,7,9,5,2,4,4,3,-30,2,7,2,1,1,7,6,-31,1,2,5,4,3,4,5,3,2,3,2,2,300,240,180,120,70,240,180,120,70,40,3,1,1,1,6,2,2,0.6334604024887085,-0.85366785526275635,0.059253711253404617,0,0,0,0,1,1,0,0,1,1,1,1,1,0,1,0,0,0,0,1,2,0,0,3.9120230674743652,4.0943446159362793,4.0943446159362793,3.9120230674743652,3.4011974334716797
2,2,0,0,1,0,0,1,0,1,1,1,0,1,1,0,0,0,0,0,0,0,20,30,25,35,20,1,1,1,0,0,7c,10,0,0,0.02,21,15,3,0,1,1,1,1,1,1,1,1,1,1,479,2,6,22,-9,5,-65,5,1,9,4,7,6,3,8,2,12,2,4,3,-28,3,5,6,5,6,6,3,-54,3,3,2,3,4,3,3,1,2,4,1,1,300,280,310,335,370,280,310,335,370,390,3,3,1,1,11,2,4,-0.032453425228595734,1.2890043258666992,-0.31926822662353516,0,0,0,0,1,0,0,0,1,0,0,0,0,0,1,0,1,0,0,1,0,0,0,2.995732307434082,3.4011974334716797,3.2188758850097656,3.5553481578826904,2.995732307434082
1,2,1,1,1,0,1,1,0,1,1,1,1,0,1,0,1,0,0,0,0,0,60,60,100,100,40,1,1,0,1,1,7d,8,2,0,0.02,114,16,1.8,0,1,1,1,1,1,2,2,2,2,2,472,1,3,19,18,5,-9,8,12,3,1,9,6,2,4,7,5,3,3,2,-16,3,6,4,2,5,3,6,-26,2,3,4,1,3,1,2,1,1,2,1,1,300,360,300,200,100,360,300,200,100,140,2,2,2,1,6,2,2,-0.17754970490932465,0.48464673757553101,-1.3629680871963501,1,0,0,0,0,0,0,0,0,1,1,1,0,0,1,0,0,1,1,0,0,0,0,4.0943446159362793,4.0943446159362793,4.6051702499389648,4.6051702499389648,3.6888794898986816
2,2,1,1,0,1,0,1,0,1,1,1,1,0,0,1,0,1,0,1,1,0,200,430,100,800,100,1,0,0,1,0,5b,6,2,2,0.02,99999,99999,1.2,99999,1,1,1,1,2,2,2,2,2,2,99999,1,2,23,99999,5,99999,9,5,2,4,3,7,12,1,6,8,1,1,1,99999,5,1,7,5,7,6,6,99999,4,5,4,2,5,1,3,2,2,3,2,1,300,490,920,1010,1800,490,920,1010,1800,1900,2,2,1,1,5,1,4,-1.704315185546875,1.0711525678634644,-0.070546478033065796,1,0,0,0,0,0,0,0,0,0,0,0,0,0,1,1,0,1,0,0,0,0,0,5.2983174324035645,6.0637850761413574,4.6051702499389648,6.6846117973327637,4.6051702499389648
2,2,1,1,0,1,1,1,0,1,1,1,1,0,0,1,1,1,0,0,0,0,100,40,50,50,30,1,1,1,1,1,3f,4,1,5,0.02,0,32,0.90000000000000002,-5,2,2,2,2,2,2,2,2,2,2,476,2,1,19,21,4,-88,12,9,1,5,8,6,7,4,2,3,1,1,3,-12,2,2,1,5,7,5,5,-36,1,4,1,1,1,1,1,2,2,2,3,2,300,390,350,300,350,390,350,300,350,380,2,2,1,1,1,-2,4,-1.5138058662414551,0.16728565096855164,-1.0490033626556396,1,0,0,0,0,0,0,0,0,1,1,0,0,1,1,0,1,1,1,0,0,0,0,4.6051702499389648,3.6888794898986816,3.9120230674743652,3.9120230674743652,3.4011974334716797
2,1,1,1,0,1,1,1,0,1,1,1,1,0,0,1,1,0,1,1,0,0,20,60,60,50,50,1,0,1,1,0,5d,10,0,0,0.02,99999,99999,3,99999,1,1,1,1,1,1,1,2,2,2,99999,1,2,21,99999,5,99999,12,2,6,1,5,3,7,8,9,4,4,4,4,99999,4,5,4,2,6,6,6,99999,3,4,4,4,1,1,4,1,1,1,3,2,300,320,370,300,350,320,370,300,350,300,2,2,1,1,8,2,3,0.72871506214141846,0.33679211139678955,-0.57912719249725342,1,0,0,0,0,0,0,0,0,0,1,0,1,0,1,1,1,1,0,0,0,0,0,2.995732307434082,4.0943446159362793,4.0943446159362793,3.9120230674743652,3.9120230674743652
2,1,1,1,1,0,1,1,0,1,1,1,1,0,1,0,1,1,1,0,0,0,150,80,70,90,40,1,0,1,1,1,7a,7,3,0,0.02,13,13,1.2,-1,1,1,1,1,1,1,2,2,2,2,479,2,2,21,5,5,-116,5,2,9,12,3,6,4,8,1,7,1,4,3,-38,3,2,1,4,5,7,6,-75,4,5,3,4,4,5,4,5,5,5,5,3,300,440,510,580,490,440,510,580,490,530,2,2,2,1,7,2,3,-0.36541032791137695,-0.41653281450271606,2.2611775398254395,1,0,0,0,0,0,0,0,0,0,0,1,0,0,1,1,1,1,1,0,0,0,0,5.0106353759765625,4.3820266723632812,4.2484951019287109,4.499809741973877,3.6888794898986816
1,1,1,0,1,1,0,1,0,1,1,1,1,1,1,1,0,0,0,0,0,0,40,110,50,100,150,1,1,0,1,1,1c,5,5,0,0.02,19,0,0,-1,1,1,1,1,1,1,1,1,2,2,479,2,2,20,20,4,-16,1,6,8,2,5,4,7,3,9,12,2,4,2,-2,3,3,2,3,2,6,5,-10,3,3,4,2,3,2,4,2,2,3,1,2,300,340,450,400,500,340,450,400,500,350,2,1,1,1,9,2,1,-0.12770810723304749,-0.52325373888015747,-0.3973330557346344,1,1,1,1,0,0,0,0,0,0,1,0,1,0,1,0,0,1,1,0,1,1,1,3.6888794898986816,4.7004804611206055,3.9120230674743652,4.6051702499389648,5.0106353759765625
2,1,1,0,1,1,1,1,0,1,1,1,1,1,1,1,1,1,1,0,0,0,50,50,100,120,200,1,0,1,1,1,1b,8,2,0,0.02,59,56,1.8,-25,1,1,2,2,2,2,2,2,2,2,479,1,1,21,19,5,-8,9,3,8,4,5,12,7,1,6,2,3,3,4,-2,5,4,3,6,4,5,5,-11,3,4,4,3,3,1,3,5,3,3,3,4,300,340,280,380,500,340,280,380,500,700,2,1,1,1,3,-1,3,0.012959655374288559,0.81591171026229858,0.57275021076202393,1,1,1,1,0,0,0,0,0,1,0,0,0,0,1,1,1,1,1,0,1,1,1,3.9120230674743652,3.9120230674743652,4.6051702499389648,4.7874917984008789,5.2983174324035645
1,1,1,1,0,0,1,0,0,0,1,1,0,0,1,0,1,1,1,1,1,0,40,80,150,100,100,0,0,0,1,1,6d,7,3,0,0.02,3,14,1.2,-7,1,1,1,1,1,1,2,2,2,2,479,2,3,22,20,5,-44,3,9,6,2,5,4,8,7,1,12,3,3,4,1,6,3,3,5,5,6,6,-22,4,4,3,4,3,2,3,3,4,4,4,3,300,330,400,240,130,330,400,240,130,230,2,2,1,1,7,2,1,0.012959655374288559,0.59333527088165283,1.0520267486572266,0,0,0,0,1,1,0,0,0,0,1,1,0,0,1,1,1,1,1,1,2,0,0,3.6888794898986816,4.3820266723632812,5.0106353759765625,4.6051702499389648,4.6051702499389648
2,1,0,1,1,1,1,0,0,0,1,1,1,0,0,1,1,1,0,0,0,0,50,60,60,70,120,0,1,1,1,1,3e,5,0,5,0.02,0,79,1.5,-144,1,1,1,1,2,2,2,2,2,2,479,2,4,20,15,5,-72,6,5,2,12,9,3,7,1,4,8,2,4,3,-10,1,3,4,6,4,6,4,-30,1,2,2,2,3,1,3,2,2,2,2,1,300,240,180,120,190,240,180,120,190,310,3,1,1,1,5,1,3,-0.032453425228595734,0.37378859519958496,-1.0886516571044922,1,0,0,0,0,0,0,0,1,1,1,0,0,0,1,0,0,1,1,0,0,0,0,3.9120230674743652,4.0943446159362793,4.0943446159362793,4.2484951019287109,4.7874917984008789
2,1,1,0,1,0,0,0,0,0,1,1,0,1,0,0,0,0,0,0,0,0,100,50,50,50,50,1,0,0,0,0,2a,10,0,0,0.02,34,60,3,0,1,1,1,1,1,1,1,2,2,2,479,1,1,21,5,5,-39,7,2,4,3,1,5,8,6,9,12,5,5,3,-6,4,5,3,5,4,5,5,-16,3,2,4,4,4,2,2,4,4,4,3,2,300,200,150,200,250,200,150,200,250,300,2,1,1,1,8,2,3,1.3492158651351929,0.63861292600631714,0.61111849546432495,0,0,0,0,1,0,0,0,1,1,0,0,0,0,0,1,1,0,0,1,0,0,0,4.6051702499389648,3.9120230674743652,3.9120230674743652,3.9120230674743652,3.9120230674743652
2,2,0,0,1,1,0,0,0,0,1,1,1,1,0,1,0,0,0,0,0,0,30,100,75,55,110,1,1,0,1,0,6b,7,3,0,0.02,117,131,1.2,0,1,1,1,1,1,2,2,2,2,2,480,2,3,22,25,5,-67,1,3,5,7,8,4,2,9,6,12,4,4,3,1,3,2,3,4,5,6,7,-13,2,4,5,2,3,2,4,3,1,3,1,3,300,330,430,505,560,330,430,505,560,670,3,3,1,1,6,2,4,0.6334604024887085,-0.13434967398643494,-0.34172618389129639,1,1,0,0,0,0,0,0,0,0,0,0,0,0,0,0,1,1,0,0,1,0,0,3.4011974334716797,4.6051702499389648,4.3174881935119629,4.0073332786560059,4.7004804611206055
2,1,0,0,0,1,1,0,0,0,1,1,1,1,1,1,1,0,1,0,0,0,30,20,40,50,50,0,0,0,1,1,1b,0,10,0,0.02,0,0,0,-7,1,1,1,1,1,1,1,1,2,2,479,2,1,18,5,4,-23,1,5,3,4,6,2,8,7,9,12,4,4,4,-6,5,2,3,2,5,5,4,-42,2,2,4,3,4,2,2,2,2,2,2,2,300,270,240,200,250,270,240,200,250,300,3,3,3,1,9,2,3,0.72871506214141846,0.14118079841136932,-0.56687074899673462,1,1,1,1,0,0,0,0,1,1,1,0,0,0,1,1,1,1,1,0,1,1,1,3.4011974334716797,2.995732307434082,3.6888794898986816,3.9120230674743652,3.9120230674743652
2,1,0,1,1,1,1,0,0,0,1,1,1,0,0,1,1,1,0,0,0,0,110,60,75,65,100,0,0,1,1,1,5d,7,3,0,0.02,99999,99999,1.2,99999,1,1,1,1,2,2,2,2,2,2,99999,2,2,20,99999,4,99999,1,12,3,9,2,7,5,8,6,4,4,4,3,99999,6,1,1,1,1,6,5,99999,2,2,4,1,1,1,3,1,1,1,1,1,300,180,240,165,230,180,240,165,230,330,3,1,1,1,5,1,3,0.6334604024887085,-0.99194568395614624,-1.6841334104537964,1,0,0,0,0,0,0,0,1,0,1,0,0,0,1,1,0,1,1,0,0,0,0,4.7004804611206055,4.0943446159362793,4.3174881935119629,4.1743874549865723,4.6051702499389648
1,2,1,1,0,1,1,0,0,0,1,1,0,0,1,1,1,0,0,0,0,0,20,40,50,10,10,1,0,1,0,0,5c,5,0,5,0.02,0,99999,1.5,99999,1,1,1,1,1,1,1,2,2,2,99999,1,1,17,99999,4,99999,1,3,8,6,5,12,7,4,9,2,5,5,4,99999,5,2,1,3,5,7,7,99999,2,2,3,2,3,2,3,1,2,2,2,1,300,280,320,370,360,280,320,370,360,350,2,2,1,1,8,2,2,1.4444705247879028,-0.44258323311805725,-0.90590435266494751,0,0,0,0,1,1,0,0,1,0,0,1,1,0,0,1,0,0,0,1,2,0,0,2.995732307434082,3.6888794898986816,3.9120230674743652,2.3025851249694824,2.3025851249694824
1,1,1,0,1,0,1,0,0,0,1,1,0,1,0,0,1,0,0,0,0,0,60,50,50,50,60,0,0,0,1,1,2b,9,1,0,0.02,102,105,2.3999999999999999,-1,1,1,1,1,2,2,2,2,2,2,478,1,2,20,21,4,1,5,9,4,2,1,12,7,8,6,3,3,3,4,-9,5,3,5,3,6,4,3,-17,2,3,2,1,3,1,3,2,1,4,1,1,300,360,310,360,310,360,310,360,310,370,2,1,1,1,5,1,1,0.012959655374288559,1.0156763792037964,-1.0095082521438599,0,0,0,0,1,0,0,0,0,1,0,1,0,0,1,1,1,1,1,1,0,0,0,4.0943446159362793,3.9120230674743652,3.9120230674743652,3.9120230674743652,4.0943446159362793
1,1,0,1,0,1,0,0,0,0,1,1,1,0,1,1,0,0,0,0,0,0,20,50,50,100,20,1,1,1,1,1,3c,9,1,0,0.02,21,122,2.3999999999999999,-10,1,1,1,1,1,2,2,2,2,2,479,2,1,21,13,5,-48,4,9,3,12,2,6,5,7,1,8,4,5,5,-14,2,5,2,2,4,7,5,-26,2,2,4,2,3,1,4,3,2,3,3,2,300,320,270,320,420,320,270,320,420,400,3,1,1,1,6,2,1,1.206768274307251,-0.43346169590950012,-0.32324075698852539,1,0,0,0,0,0,0,0,0,1,0,0,1,1,0,0,0,1,1,0,0,0,0,2.995732307434082,3.9120230674743652,3.9120230674743652,4.6051702499389648,2.995732307434082
2,2,0,1,1,1,1,0,0,0,1,1,1,0,0,1,1,0,0,0,0,0,29,29,29,59,200,1,1,1,1,1,3b,7,3,0,0.02,98,141,1.2,-1,1,2,2,2,2,2,2,2,2,2,479,1,1,22,16,5,-120,3,5,7,4,2,12,1,6,8,9,2,2,4,-13,5,3,5,4,5,5,5,-15,2,3,2,3,2,1,4,2,2,2,2,1,300,329,300,271,330,329,300,271,330,530,3,1,1,1,2,-2,4,-0.70279574394226074,0.77656316757202148,-0.77511954307556152,1,0,0,0,0,0,0,0,0,1,1,0,0,1,0,0,0,1,1,0,0,0,0,3.3672957420349121,3.3672957420349121,3.3672957420349121,4.0775375366210938,5.2983174324035645
1,2,1,1,1,0,1,0,0,0,1,1,0,0,0,0,1,0,0,0,0,0,50,50,60,70,70,1,1,1,1,1,6c,8,2,0,0.02,106,93,1.8,-7,1,1,1,1,1,1,1,1,2,2,479,1,2,19,17,5,-15,6,2,4,5,12,7,3,9,8,1,3,3,3,-5,1,1,1,1,2,7,7,-10,1,3,3,1,2,1,3,1,1,1,1,1,300,250,200,140,70,250,200,140,70,140,2,2,2,1,9,2,2,-0.082295022904872894,-1.7402902841567993,-1.6705483198165894,0,0,0,0,1,1,1,1,1,1,1,1,0,1,0,0,0,1,1,1,2,2,2,3.9120230674743652,3.9120230674743652,4.0943446159362793,4.2484951019287109,4.2484951019287109
2,1,0,0,1,0,0,0,0,0,1,1,1,1,0,0,0,0,0,0,0,0,50,50,50,90,100,1,1,1,1,1,2d,8,1,1,0.02,40,102,2.1000000000000001,-2,1,1,1,1,1,2,2,2,2,2,479,1,4,24,22,5,-37,5,6,1,9,8,2,4,7,12,3,2,2,2,-16,1,1,1,1,1,6,7,-20,4,3,3,2,4,2,2,1,1,1,1,2,300,350,400,350,260,350,400,350,260,160,3,3,1,1,6,2,3,-0.89330512285232544,-1.7719237804412842,-0.95714157819747925,1,1,0,0,0,0,0,0,0,0,1,1,1,1,0,0,0,1,1,0,1,0,0,3.9120230674743652,3.9120230674743652,3.9120230674743652,4.499809741973877,4.6051702499389648
2,2,1,0,0,1,1,0,0,0,1,1,0,1,1,1,1,0,0,0,0,0,10,10,25,25,50,1,1,0,0,1,1a,7,3,0,0.02,27,140,1.2,-2,2,2,2,2,2,2,2,2,2,2,479,2,1,21,21,4,-27,1,9,7,6,5,2,3,12,8,4,1,1,5,-7,2,2,1,3,5,7,7,-23,2,2,4,2,1,2,1,1,1,2,1,1,300,290,300,275,250,290,300,275,250,300,2,1,1,1,1,-2,4,-1.3232965469360352,-0.79768949747085571,-1.4593806266784668,0,0,0,0,1,0,0,0,1,0,1,1,0,0,0,0,1,0,1,1,0,0,0,2.3025851249694824,2.3025851249694824,3.2188758850097656,3.2188758850097656,3.9120230674743652
1,1,0,0,0,1,0,0,0,0,1,1,1,1,1,1,0,0,0,0,0,0,30,50,45,25,70,1,1,0,1,1,1c,6,4,0,0.02,56,85,0.59999999999999998,-7,1,1,1,1,1,1,1,2,2,2,479,2,2,20,22,5,-18,12,1,6,5,4,3,7,8,9,2,3,3,5,-14,3,3,5,6,5,3,3,-30,3,2,4,2,1,1,2,1,2,3,3,2,300,330,380,335,360,330,380,335,360,290,3,3,3,1,8,2,1,0.10821433365345001,1.2534676790237427,-0.65414416790008545,1,1,1,1,0,0,0,0,0,0,1,0,1,0,0,0,1,1,1,0,1,1,1,3.4011974334716797,3.9120230674743652,3.8066625595092773,3.2188758850097656,4.2484951019287109
1,2,1,0,0,1,0,0,0,0,1,1,0,1,1,1,0,0,0,0,0,0,100,50,50,100,25,1,0,1,0,1,6e,10,0,0,0.02,72,136,3,2,1,1,1,1,1,1,1,1,2,2,479,2,4,21,22,5,-16,6,2,9,12,4,3,8,7,1,5,4,4,4,-9,2,1,2,1,5,6,6,-10,3,4,3,2,5,1,4,3,2,2,2,1,300,200,150,200,100,200,150,200,100,75,2,1,1,1,9,2,2,0.72871506214141846,-0.91571295261383057,-0.32811182737350464,0,0,0,0,1,0,0,0,1,1,0,1,1,0,0,1,0,0,1,1,0,0,0,4.6051702499389648,3.9120230674743652,3.9120230674743652,4.6051702499389648,3.2188758850097656
2,2,0,1,1,1,1,0,0,0,1,1,1,0,0,1,1,1,1,0,0,0,50,50,60,60,60,1,1,1,1,1,3f,8,2,0,0.02,48,95,1.8,-3,1,1,1,1,1,1,2,2,2,2,395,1,1,18,-18,4,-74,1,5,2,6,4,12,8,3,7,9,3,4,5,-11,5,2,5,5,4,5,5,-24,2,4,4,2,2,2,3,2,1,2,3,2,300,340,280,220,280,340,280,220,280,340,3,1,1,1,7,2,4,0.49101284146308899,0.70982664823532104,-0.55187499523162842,1,0,0,0,0,0,0,0,0,1,1,0,0,1,0,0,0,1,1,0,0,0,0,3.9120230674743652,3.9120230674743652,4.0943446159362793,4.0943446159362793,4.0943446159362793
1,2,1,1,1,1,1,0,0,0,1,1,0,0,0,1,1,0,1,1,1,1,150,50,50,100,50,1,0,0,1,1,3a,7,3,0,0.02,25,39,1.2,-5,1,1,1,1,1,1,2,2,2,2,480,2,1,19,-3,4,-39,5,2,3,6,4,12,1,7,9,8,4,3,4,-10,3,4,5,5,5,6,6,-43,2,2,4,2,2,2,4,2,3,4,3,2,300,150,190,230,320,150,190,230,320,360,2,2,2,2,7,2,2,0.34591656923294067,0.63023698329925537,-0.045169804245233536,0,0,0,0,1,1,1,0,1,0,0,0,0,0,0,1,1,1,1,1,2,2,0,5.0106353759765625,3.9120230674743652,3.9120230674743652,4.6051702499389648,3.9120230674743652
1,1,0,0,0,0,1,0,0,0,1,1,1,1,1,0,1,1,0,0,0,0,50,60,120,40,50,0,0,0,0,1,2f,5,5,0,0.02,117,151,0,-1,1,1,1,1,1,2,2,2,2,2,479,1,1,22,19,4,10,1,8,3,7,2,5,12,9,6,4,4,4,4,7,6,6,6,6,6,6,6,6,3,3,2,3,3,4,3,3,4,5,5,4,300,240,180,60,100,240,180,60,100,150,3,3,3,3,6,2,1,0.72871506214141846,1.64042067527771,1.3153315782546997,1,1,1,0,0,0,0,0,1,1,1,0,0,0,1,1,1,0,1,0,1,1,0,3.9120230674743652,4.0943446159362793,4.7874917984008789,3.6888794898986816,3.9120230674743652
1,2,0,0,0,0,0,0,0,0,1,1,1,1,1,0,0,0,0,0,0,0,80,100,200,250,100,1,1,1,1,1,3d,5,3,2,0.02,28,21,0.59999999999999998,-7,1,1,1,1,1,2,2,2,2,2,475,1,1,19,12,3,-7,8,2,7,4,6,9,3,5,12,1,3,3,3,-14,5,5,5,4,4,5,5,-26,3,3,3,2,3,2,4,2,2,2,1,1,300,380,480,680,430,380,480,680,430,330,3,3,3,3,6,2,2,-0.082295022904872894,0.87047809362411499,-0.69835054874420166,1,1,1,0,0,0,0,0,0,0,0,1,1,1,0,0,0,1,1,0,1,1,0,4.3820266723632812,4.6051702499389648,5.2983174324035645,5.521461009979248,4.6051702499389648
